id,Gender,Age,Driving_License,Region_Code,Previously_Insured,Vehicle_Age,Vehicle_Damage,Annual_Premium,Policy_Sales_Channel,Vintage,Response
1,Female,23,1,15,0,< 1 Year,Yes,36917,152,221,1
2,Female,25,1,28,1,< 1 Year,No,52071,152,222,0
3,Female,49,1,28,0,1-2 Year,No,41754,26,203,0
4,Male,48,1,28,0,> 2 Years,Yes,38744,26,19,1
5,Female,24,1,8,0,< 1 Year,No,51390,152,262,0
6,Male,65,1,41,1,1-2 Year,No,21669,122,151,0
7,Female,39,1,28,0,1-2 Year,No,64781,26,122,0
8,Male,40,1,20,0,1-2 Year,Yes,2630,157,173,1
9,Male,68,1,8,0,1-2 Year,Yes,45600,124,36,0
10,Female,23,1,8,1,< 1 Year,No,27734,160,172,0
11,Female,48,1,28,0,1-2 Year,Yes,41771,124,25,0
12,Male,24,1,29,1,< 1 Year,No,57061,152,41,0
13,Female,74,1,35,1,1-2 Year,No,32041,26,149,0
14,Female,22,1,8,1,< 1 Year,No,39371,152,299,0
15,Male,43,1,28,0,1-2 Year,Yes,28086,124,149,0
16,Male,20,1,8,0,< 1 Year,Yes,39117,160,86,0
17,Male,58,1,38,0,1-2 Year,Yes,26588,124,148,0
18,Female,21,1,46,1,< 1 Year,No,34827,160,163,0
19,Male,24,1,6,1,< 1 Year,No,18562,152,278,0
20,Male,22,1,8,1,< 1 Year,No,51263,152,272,0
21,Female,27,1,34,0,< 1 Year,Yes,36668,152,181,0
22,Male,40,1,28,1,1-2 Year,No,2630,124,267,0
23,Male,25,1,36,1,< 1 Year,No,31086,152,258,0
24,Female,52,1,48,0,1-2 Year,No,2630,26,247,0
25,Female,36,1,28,0,1-2 Year,Yes,71428,26,129,1
26,Female,22,1,33,1,< 1 Year,No,23915,152,33,0
27,Female,22,1,3,1,< 1 Year,No,24384,152,233,0
28,Male,28,1,39,0,< 1 Year,Yes,42785,156,222,0
29,Female,22,1,7,0,1-2 Year,Yes,48915,156,94,0
30,Female,65,1,28,0,> 2 Years,Yes,43701,124,183,0
31,Female,27,1,8,1,< 1 Year,No,31059,152,47,0
32,Female,20,1,48,0,1-2 Year,Yes,2630,156,137,0
33,Male,45,1,28,0,1-2 Year,Yes,33604,26,247,1
34,Male,30,1,8,1,< 1 Year,No,2630,152,172,0
35,Female,77,1,28,0,1-2 Year,Yes,31154,157,248,0
36,Male,24,1,47,1,< 1 Year,No,28435,152,138,0
37,Female,79,1,31,0,> 2 Years,Yes,2630,26,173,0
38,Female,23,1,12,1,< 1 Year,No,31322,152,46,0
39,Female,29,1,28,1,< 1 Year,No,22851,153,240,0
40,Male,29,1,3,0,1-2 Year,Yes,2630,124,186,0
41,Female,24,1,13,1,< 1 Year,No,2630,151,179,0
42,Female,35,1,28,1,1-2 Year,No,2630,124,51,0
43,Male,22,1,30,1,< 1 Year,No,2630,152,59,0
44,Male,21,1,10,0,< 1 Year,Yes,30016,152,49,0
45,Male,46,1,28,0,> 2 Years,Yes,85447,154,257,0
46,Male,21,1,8,0,< 1 Year,Yes,35338,152,75,0
47,Male,80,1,28,0,1-2 Year,Yes,28568,26,199,0
48,Male,49,1,23,0,1-2 Year,No,27229,26,122,0
49,Male,59,1,11,0,1-2 Year,Yes,27230,120,88,0
50,Male,64,1,28,0,1-2 Year,Yes,40309,25,158,0
51,Female,25,1,8,1,< 1 Year,No,42282,152,159,0
52,Male,43,1,8,0,1-2 Year,No,37683,26,222,0
53,Male,42,1,28,1,1-2 Year,No,36249,26,201,0
54,Male,47,1,6,0,1-2 Year,Yes,2630,156,285,1
55,Male,22,1,50,1,< 1 Year,No,2630,152,122,0
56,Male,47,1,28,0,1-2 Year,Yes,42815,26,293,1
57,Female,61,1,28,0,1-2 Year,Yes,2630,156,144,0
58,Male,43,1,19,1,1-2 Year,No,41031,124,45,0
59,Female,25,1,15,0,< 1 Year,Yes,26538,152,129,0
60,Female,58,1,29,0,1-2 Year,Yes,32446,26,245,0
61,Female,45,1,15,0,> 2 Years,Yes,34569,124,32,1
62,Female,24,1,28,0,< 1 Year,Yes,2630,26,42,0
63,Male,43,1,19,0,1-2 Year,Yes,38944,124,298,0
64,Female,33,1,28,1,< 1 Year,No,28580,152,282,0
65,Female,20,1,43,1,< 1 Year,No,29353,160,89,0
66,Female,30,1,28,1,< 1 Year,Yes,32446,152,199,0
67,Male,37,1,28,1,1-2 Year,No,54295,26,75,0
68,Female,26,1,44,1,< 1 Year,No,2630,152,298,0
69,Male,26,1,28,1,< 1 Year,No,59627,152,211,0
70,Male,48,1,28,1,1-2 Year,No,33319,26,265,0
71,Female,72,1,28,0,1-2 Year,Yes,31412,124,261,0
72,Female,35,1,15,0,1-2 Year,Yes,35168,124,278,1
73,Male,29,1,30,1,< 1 Year,No,25932,152,169,0
74,Male,53,1,19,0,1-2 Year,Yes,36139,124,156,1
75,Male,37,1,5,0,1-2 Year,Yes,37845,152,153,0
76,Female,22,1,46,1,< 1 Year,No,43579,152,219,0
77,Female,21,1,46,0,< 1 Year,Yes,26495,160,145,0
78,Female,63,1,28,0,1-2 Year,Yes,49741,26,106,0
79,Male,55,1,28,0,> 2 Years,Yes,55703,26,212,0
80,Male,32,1,11,0,1-2 Year,Yes,26472,31,38,0
81,Male,23,1,2,1,< 1 Year,No,30293,26,240,0
82,Female,29,1,33,1,< 1 Year,No,32974,152,227,0
83,Female,25,1,28,1,< 1 Year,No,37456,152,297,0
84,Female,53,1,28,0,1-2 Year,Yes,36274,152,66,0
85,Female,42,1,28,1,1-2 Year,No,42672,125,83,0
86,Male,30,1,9,1,1-2 Year,No,23999,26,216,0
87,Female,33,1,50,1,< 1 Year,No,48875,152,169,0
88,Female,22,1,46,1,< 1 Year,No,27528,152,109,0
89,Female,47,1,28,0,> 2 Years,Yes,59426,26,187,0
90,Female,48,1,48,0,1-2 Year,No,2630,118,89,0
91,Female,70,1,28,0,1-2 Year,Yes,28985,124,74,0
92,Female,22,1,47,1,< 1 Year,No,29222,152,84,0
93,Female,23,1,37,0,< 1 Year,Yes,47455,152,129,0
94,Female,26,1,15,1,< 1 Year,No,38187,152,108,0
95,Male,23,1,3,1,< 1 Year,No,35235,152,185,0
96,Male,25,1,33,1,< 1 Year,No,48428,151,70,0
97,Male,24,1,7,0,< 1 Year,Yes,64132,152,54,0
98,Male,60,1,28,1,1-2 Year,No,42882,13,54,0
99,Male,30,1,50,1,< 1 Year,No,2630,152,50,0
100,Male,55,1,28,0,1-2 Year,Yes,29622,124,262,1
101,Male,27,1,45,0,< 1 Year,Yes,28392,26,115,1
102,Female,28,1,28,0,1-2 Year,Yes,44395,24,289,0
103,Male,36,1,31,0,1-2 Year,Yes,2630,124,178,1
104,Female,39,1,29,0,1-2 Year,Yes,29996,124,84,0
105,Male,27,1,8,1,< 1 Year,No,25662,152,272,0
106,Male,27,1,15,0,< 1 Year,Yes,2630,152,113,0
107,Female,43,1,28,0,1-2 Year,Yes,26315,124,193,0
108,Male,65,1,41,0,> 2 Years,Yes,47508,124,110,0
109,Male,29,1,28,1,< 1 Year,No,44311,152,232,0
110,Female,27,1,33,1,< 1 Year,No,37408,152,116,0
111,Female,64,1,8,0,1-2 Year,Yes,2630,3,180,0
112,Female,78,1,8,0,1-2 Year,Yes,2630,25,248,0
113,Female,40,1,41,0,1-2 Year,Yes,49105,12,146,0
114,Male,36,1,43,0,1-2 Year,Yes,34253,156,238,0
115,Male,76,1,8,1,1-2 Year,No,51248,7,196,0
116,Female,41,1,41,0,1-2 Year,No,2630,124,184,0
117,Female,27,1,18,1,< 1 Year,No,38302,152,267,0
118,Male,46,1,28,1,1-2 Year,No,35817,25,36,0
119,Male,48,1,28,0,1-2 Year,Yes,47870,156,242,1
120,Male,25,1,30,1,< 1 Year,No,25761,152,57,0
121,Male,35,1,35,0,1-2 Year,Yes,34326,124,278,1
122,Male,55,1,3,0,1-2 Year,Yes,2630,124,103,1
123,Female,70,1,46,0,1-2 Year,Yes,33756,11,47,0
124,Female,64,1,29,1,1-2 Year,No,30211,152,41,0
125,Female,61,1,47,0,1-2 Year,Yes,32956,124,286,1
126,Female,48,1,26,1,1-2 Year,No,28250,26,260,0
127,Male,40,1,3,0,1-2 Year,Yes,35432,154,92,0
128,Male,52,1,28,0,1-2 Year,Yes,28917,26,239,0
129,Female,25,1,3,1,< 1 Year,No,36020,152,37,0
130,Female,40,1,28,0,1-2 Year,Yes,30633,124,134,1
131,Female,32,1,35,1,< 1 Year,No,25577,152,262,0
132,Male,22,1,22,0,< 1 Year,No,2630,160,252,0
133,Male,23,1,29,1,< 1 Year,No,26921,152,187,0
134,Female,56,1,28,0,> 2 Years,Yes,46970,122,197,0
135,Male,23,1,46,1,< 1 Year,No,2630,152,186,0
136,Male,30,1,33,1,1-2 Year,No,29179,26,256,0
137,Male,30,1,28,0,1-2 Year,Yes,39191,26,239,0
138,Female,20,1,45,0,< 1 Year,Yes,24249,160,204,0
139,Female,25,1,28,1,< 1 Year,No,40971,152,142,0
140,Female,21,1,8,1,< 1 Year,Yes,46320,152,73,0
141,Female,44,1,28,0,1-2 Year,Yes,43965,45,84,1
142,Female,30,1,33,1,< 1 Year,No,30437,152,52,0
143,Male,21,1,6,0,< 1 Year,Yes,23300,152,195,0
144,Female,48,1,28,0,1-2 Year,Yes,47857,26,33,1
145,Male,25,1,32,0,< 1 Year,Yes,24506,152,229,0
146,Male,27,1,28,1,< 1 Year,No,69879,152,41,0
147,Male,43,1,46,0,1-2 Year,Yes,34706,26,53,0
148,Female,36,1,38,0,1-2 Year,Yes,39119,124,100,0
149,Male,20,1,47,0,< 1 Year,Yes,47489,160,93,0
150,Male,53,1,23,0,1-2 Year,Yes,2630,26,187,1
151,Female,44,1,46,1,1-2 Year,No,45089,124,18,0
152,Female,44,1,33,0,1-2 Year,Yes,35855,132,234,0
153,Female,22,1,44,0,< 1 Year,Yes,2630,160,36,0
154,Female,29,1,18,1,< 1 Year,No,29399,152,62,0
155,Male,46,1,28,0,1-2 Year,Yes,2630,156,283,1
156,Female,42,1,28,1,1-2 Year,No,35168,31,204,0
157,Female,24,1,6,0,< 1 Year,No,26576,152,127,0
158,Male,22,1,6,0,< 1 Year,Yes,32886,152,77,1
159,Male,42,1,28,0,> 2 Years,Yes,50589,26,110,0
160,Female,54,1,46,1,1-2 Year,No,2630,21,250,0
161,Female,70,1,2,1,1-2 Year,No,28551,130,222,0
162,Female,24,1,34,0,< 1 Year,Yes,29323,152,112,0
163,Female,35,1,28,0,1-2 Year,Yes,42155,26,95,0
164,Male,45,1,28,0,1-2 Year,Yes,27302,122,118,0
165,Female,58,1,19,0,1-2 Year,Yes,35722,157,224,1
166,Male,23,1,26,1,< 1 Year,No,37712,152,82,0
167,Female,28,1,15,0,< 1 Year,Yes,41996,152,222,0
168,Female,39,1,10,0,1-2 Year,Yes,34045,124,90,1
169,Female,57,1,28,0,> 2 Years,Yes,54522,26,213,0
170,Male,23,1,41,1,< 1 Year,No,28714,152,167,0
171,Female,23,1,47,1,< 1 Year,No,34564,152,146,0
172,Female,33,1,28,0,1-2 Year,Yes,31354,157,23,0
173,Female,37,1,50,1,1-2 Year,No,26567,160,248,0
174,Male,58,1,8,0,1-2 Year,Yes,38565,30,125,0
175,Male,69,1,10,0,1-2 Year,Yes,23609,26,113,0
176,Male,73,1,24,0,1-2 Year,Yes,32964,145,57,0
177,Female,23,1,11,1,< 1 Year,No,33798,152,270,0
178,Female,66,1,28,0,> 2 Years,Yes,33781,26,253,0
179,Male,26,1,21,1,< 1 Year,No,27693,152,186,0
180,Male,22,1,41,0,< 1 Year,No,47034,152,277,0
181,Female,21,1,46,0,< 1 Year,Yes,57059,160,274,0
182,Male,52,1,11,0,> 2 Years,Yes,34581,124,270,0
183,Male,24,1,11,1,< 1 Year,No,26421,152,294,0
184,Male,55,1,28,1,1-2 Year,No,55942,122,210,0
185,Male,24,1,11,1,< 1 Year,No,52669,152,122,0
186,Male,50,1,8,0,> 2 Years,Yes,46463,124,209,1
187,Male,48,1,46,1,1-2 Year,No,27057,124,84,0
188,Female,68,1,45,0,> 2 Years,Yes,2630,26,23,0
189,Female,43,1,28,0,1-2 Year,Yes,30329,157,288,0
190,Female,31,1,10,1,< 1 Year,No,2630,152,57,0
191,Female,20,1,35,0,< 1 Year,No,2630,160,249,0
192,Female,78,1,30,0,1-2 Year,Yes,2630,26,121,0
193,Female,55,1,28,0,1-2 Year,Yes,40007,124,78,0
194,Male,24,1,8,1,< 1 Year,No,29163,26,250,0
195,Female,65,1,28,0,1-2 Year,Yes,58870,124,131,0
196,Female,49,1,28,0,1-2 Year,Yes,66389,124,129,0
197,Male,21,1,47,0,< 1 Year,Yes,30874,152,149,0
198,Male,41,1,46,0,1-2 Year,Yes,2630,124,29,0
199,Female,22,1,47,1,< 1 Year,No,35925,152,293,0
200,Female,33,1,28,0,1-2 Year,Yes,2630,122,170,0
201,Male,57,1,28,0,1-2 Year,Yes,43411,13,106,0
202,Male,38,1,28,0,1-2 Year,Yes,40699,26,224,0
203,Female,24,1,36,0,< 1 Year,No,2630,26,65,0
204,Female,27,1,11,1,< 1 Year,No,47460,152,175,0
205,Female,42,1,28,0,1-2 Year,Yes,41993,122,60,0
206,Female,54,1,46,1,1-2 Year,No,36220,124,222,0
207,Female,43,1,28,0,1-2 Year,Yes,36432,124,50,1
208,Female,22,1,8,1,< 1 Year,No,41198,152,282,0
209,Male,64,1,23,0,1-2 Year,Yes,28602,26,244,0
210,Female,39,1,28,0,1-2 Year,No,42875,26,183,0
211,Female,61,1,28,0,1-2 Year,Yes,46896,125,118,0
212,Male,46,1,25,0,1-2 Year,Yes,33500,163,205,0
213,Female,63,1,46,0,1-2 Year,No,41321,11,294,0
214,Male,29,1,8,0,< 1 Year,Yes,48047,152,164,0
215,Female,29,1,4,0,1-2 Year,Yes,2630,156,107,0
216,Male,47,1,0,0,> 2 Years,Yes,2630,26,296,0
217,Female,26,1,4,1,< 1 Year,No,50080,152,184,0
218,Female,23,1,29,1,< 1 Year,No,34685,152,169,0
219,Female,44,1,28,0,1-2 Year,Yes,55895,26,32,0
220,Female,27,1,46,1,< 1 Year,No,29033,152,143,0
221,Male,46,1,28,0,1-2 Year,Yes,46022,26,63,0
222,Male,44,1,28,1,1-2 Year,Yes,36830,124,167,0
223,Male,20,1,2,1,< 1 Year,No,23052,160,20,0
224,Female,23,1,11,1,< 1 Year,No,37014,152,232,0
225,Male,21,1,8,0,< 1 Year,Yes,45031,160,245,0
226,Female,21,1,8,0,< 1 Year,Yes,77479,160,297,0
227,Male,43,1,8,0,1-2 Year,Yes,37964,124,113,0
228,Male,74,1,39,1,1-2 Year,No,31618,124,207,0
229,Male,29,1,47,0,< 1 Year,Yes,25198,26,131,0
230,Male,45,1,50,0,1-2 Year,No,27245,150,210,0
231,Male,25,1,5,1,< 1 Year,No,29465,152,216,0
232,Male,42,1,35,1,1-2 Year,No,24190,124,73,0
233,Male,50,1,28,0,> 2 Years,Yes,49993,26,238,1
234,Female,50,1,46,1,1-2 Year,No,34327,124,105,0
235,Female,21,1,32,1,< 1 Year,No,29681,152,193,0
236,Female,24,1,11,1,< 1 Year,No,31248,152,25,0
237,Male,50,1,38,0,1-2 Year,Yes,33062,155,248,0
238,Male,51,1,8,0,1-2 Year,Yes,2630,26,242,0
239,Male,21,1,46,0,< 1 Year,No,2630,1,292,0
240,Female,42,1,28,0,> 2 Years,Yes,2630,124,64,0
241,Male,62,1,29,1,1-2 Year,No,41405,124,88,0
242,Female,44,1,28,0,1-2 Year,Yes,46350,26,56,1
243,Female,31,1,8,0,< 1 Year,No,45832,152,131,0
244,Male,24,1,46,1,< 1 Year,No,22676,152,217,0
245,Male,57,1,28,0,1-2 Year,Yes,79001,3,39,0
246,Male,29,1,12,0,< 1 Year,Yes,25352,156,244,0
247,Female,48,1,3,1,1-2 Year,No,28904,124,198,0
248,Male,28,1,39,0,< 1 Year,Yes,30864,26,290,0
249,Male,42,1,28,0,1-2 Year,Yes,27490,124,51,0
250,Female,22,1,40,1,< 1 Year,No,25750,152,202,0
251,Male,54,1,8,0,< 1 Year,Yes,45663,124,97,1
252,Male,35,1,28,0,1-2 Year,Yes,51303,122,156,1
253,Female,26,1,41,1,< 1 Year,No,2630,151,130,0
254,Male,63,1,41,1,1-2 Year,No,2630,26,173,0
255,Male,23,1,28,1,1-2 Year,Yes,41075,26,152,0
256,Female,20,1,22,0,< 1 Year,Yes,37614,160,175,0
257,Male,21,1,9,1,< 1 Year,No,2630,152,267,0
258,Female,25,1,14,1,< 1 Year,No,25486,152,144,0
259,Male,31,1,35,0,< 1 Year,Yes,18026,152,168,1
260,Male,21,1,46,0,< 1 Year,No,37047,160,168,0
261,Female,36,1,8,1,1-2 Year,No,40818,152,13,0
262,Male,46,1,28,0,1-2 Year,Yes,38976,26,298,0
263,Male,56,1,28,1,1-2 Year,No,53235,122,51,0
264,Male,50,1,33,0,1-2 Year,Yes,18967,26,26,0
265,Male,52,1,28,0,1-2 Year,Yes,42568,26,130,1
266,Female,49,1,26,0,1-2 Year,Yes,28430,26,127,1
267,Male,52,1,15,1,1-2 Year,No,28353,122,127,0
268,Male,45,1,15,0,1-2 Year,No,28647,124,94,0
269,Female,58,1,28,0,1-2 Year,Yes,40481,124,101,0
270,Male,64,1,28,1,1-2 Year,No,33023,124,249,0
271,Male,45,1,43,0,1-2 Year,Yes,32292,124,41,0
272,Female,25,1,47,0,< 1 Year,Yes,2630,152,225,0
273,Female,24,1,6,1,< 1 Year,No,26704,152,79,0
274,Male,40,1,38,1,1-2 Year,No,26371,124,170,0
275,Male,23,1,41,1,< 1 Year,No,62379,152,286,0
276,Male,25,1,3,0,< 1 Year,No,36182,152,64,0
277,Male,24,1,47,0,< 1 Year,No,2630,152,96,0
278,Female,49,1,50,1,1-2 Year,No,45755,18,191,0
279,Female,55,1,0,0,1-2 Year,Yes,2630,26,288,0
280,Female,38,1,11,0,> 2 Years,Yes,2630,157,229,1
281,Female,40,1,21,0,1-2 Year,Yes,2630,157,202,0
282,Male,54,1,8,0,> 2 Years,Yes,42440,26,186,1
283,Male,22,1,46,1,< 1 Year,No,25126,152,100,0
284,Male,43,1,4,0,1-2 Year,Yes,36384,26,262,0
285,Male,74,1,37,0,1-2 Year,Yes,16998,124,87,0
286,Male,40,1,38,1,1-2 Year,No,47445,26,212,0
287,Female,50,1,33,0,> 2 Years,Yes,35329,156,256,0
288,Female,29,1,15,1,< 1 Year,No,28234,152,84,0
289,Male,28,1,35,1,< 1 Year,No,2630,160,273,0
290,Female,26,1,33,1,< 1 Year,No,42943,151,37,0
291,Male,40,1,36,0,1-2 Year,Yes,24833,124,245,0
292,Female,34,1,18,1,1-2 Year,No,2630,124,85,0
293,Male,38,1,48,0,> 2 Years,Yes,2630,156,23,0
294,Female,26,1,15,1,< 1 Year,No,26273,152,90,0
295,Female,73,1,46,0,1-2 Year,No,2630,26,294,0
296,Female,29,1,21,1,< 1 Year,No,14911,152,274,0
297,Female,55,1,28,0,1-2 Year,Yes,2630,26,296,0
298,Female,43,1,48,1,1-2 Year,No,2630,15,68,0
299,Male,59,1,3,0,1-2 Year,Yes,21432,124,36,1
300,Male,30,1,8,1,1-2 Year,No,32797,26,211,0
301,Male,53,1,11,0,1-2 Year,Yes,2630,26,160,1
302,Male,26,1,33,1,< 1 Year,No,39000,152,126,0
303,Male,58,1,35,0,1-2 Year,Yes,35690,26,92,0
304,Female,20,1,34,0,< 1 Year,Yes,57092,160,100,0
305,Female,27,1,41,1,< 1 Year,No,31261,152,169,0
306,Male,61,1,8,1,1-2 Year,No,59089,26,262,0
307,Female,27,1,10,1,< 1 Year,No,26456,152,76,0
308,Male,23,1,46,1,< 1 Year,No,31174,152,123,0
309,Female,59,1,15,0,1-2 Year,Yes,2630,156,211,0
310,Male,44,1,0,0,1-2 Year,Yes,2630,124,178,0
311,Male,48,1,28,0,> 2 Years,Yes,39154,29,162,0
312,Female,32,1,8,0,1-2 Year,Yes,21956,124,240,1
313,Female,39,1,0,1,1-2 Year,No,2630,26,145,0
314,Male,28,1,8,1,< 1 Year,No,61626,26,240,0
315,Male,26,1,41,1,< 1 Year,No,39414,152,30,0
316,Female,22,1,8,0,< 1 Year,Yes,42742,152,19,0
317,Female,25,1,28,1,< 1 Year,No,42984,152,229,0
318,Female,44,0,27,1,1-2 Year,No,27999,124,261,0
319,Male,38,1,28,0,1-2 Year,Yes,54534,122,146,0
320,Female,31,1,8,1,< 1 Year,No,30787,152,226,0
321,Male,69,1,14,0,1-2 Year,Yes,38361,26,244,0
322,Male,68,1,28,0,1-2 Year,Yes,57625,124,18,0
323,Male,27,1,17,1,< 1 Year,No,31005,152,256,0
324,Female,21,1,46,1,< 1 Year,No,29350,152,235,0
325,Male,34,1,30,1,1-2 Year,No,27933,152,176,0
326,Female,51,1,28,0,1-2 Year,Yes,33706,122,26,0
327,Male,32,1,10,1,< 1 Year,No,2630,152,77,0
328,Male,25,1,41,1,< 1 Year,No,36705,152,170,0
329,Female,52,1,31,1,1-2 Year,No,2630,26,136,0
330,Male,24,1,41,1,< 1 Year,Yes,32293,152,210,0
331,Male,60,1,50,1,1-2 Year,No,54555,8,68,0
332,Male,65,1,7,0,1-2 Year,Yes,33889,26,273,0
333,Female,21,1,7,1,< 1 Year,No,2630,152,181,0
334,Female,45,1,46,0,> 2 Years,Yes,42172,26,45,1
335,Male,46,1,41,1,1-2 Year,No,30010,26,129,0
336,Male,73,1,28,0,1-2 Year,Yes,48707,37,20,0
337,Female,48,1,46,0,1-2 Year,Yes,2630,26,143,1
338,Male,56,1,28,0,1-2 Year,Yes,2630,52,186,0
339,Female,26,1,3,1,< 1 Year,Yes,2630,152,102,0
340,Male,61,1,28,1,1-2 Year,No,45557,13,93,0
341,Male,71,1,28,1,1-2 Year,No,36922,122,229,0
342,Male,50,1,31,1,1-2 Year,No,2630,148,55,0
343,Male,75,1,46,0,1-2 Year,Yes,31346,124,59,0
344,Male,52,1,46,0,> 2 Years,Yes,34822,26,72,1
345,Male,23,1,15,1,< 1 Year,No,27410,152,258,0
346,Male,54,1,3,0,1-2 Year,Yes,27095,26,166,0
347,Female,32,1,37,0,< 1 Year,Yes,34297,152,146,0
348,Female,42,1,8,1,1-2 Year,Yes,27837,124,129,0
349,Male,23,1,9,0,< 1 Year,Yes,49633,151,56,0
350,Male,41,1,8,0,1-2 Year,Yes,48604,124,200,0
351,Female,41,1,28,0,1-2 Year,Yes,38461,26,197,0
352,Male,39,1,4,0,1-2 Year,Yes,27214,156,273,0
353,Male,55,0,28,0,1-2 Year,Yes,67935,26,195,0
354,Male,32,1,16,0,1-2 Year,Yes,2630,156,297,1
355,Male,52,1,48,0,1-2 Year,Yes,2630,124,63,1
356,Male,31,1,33,1,< 1 Year,No,30771,152,147,0
357,Male,25,1,22,1,< 1 Year,No,2630,152,253,0
358,Female,21,1,6,0,< 1 Year,Yes,27202,152,11,0
359,Male,45,1,45,1,1-2 Year,No,2630,26,257,0
360,Male,72,1,29,0,1-2 Year,Yes,64675,26,207,0
361,Female,29,1,28,1,< 1 Year,No,48231,152,178,0
362,Male,21,1,15,0,< 1 Year,Yes,31121,152,112,0
363,Female,25,1,49,1,< 1 Year,No,2630,152,185,0
364,Male,23,1,37,0,< 1 Year,Yes,28659,151,224,0
365,Male,70,1,28,0,1-2 Year,Yes,33693,122,62,0
366,Male,21,1,8,0,< 1 Year,No,53680,160,200,0
367,Female,21,1,32,0,< 1 Year,No,24994,152,133,1
368,Male,27,1,14,1,< 1 Year,No,28288,152,199,0
369,Female,22,1,6,0,< 1 Year,No,30318,152,163,0
370,Male,20,1,45,0,< 1 Year,Yes,37622,160,31,0
371,Male,36,1,29,0,1-2 Year,Yes,2630,124,28,1
372,Male,44,1,28,0,1-2 Year,Yes,24598,124,214,0
373,Female,30,1,29,1,< 1 Year,No,49656,26,88,0
374,Male,22,1,11,1,< 1 Year,No,27531,152,248,0
375,Female,74,1,28,0,> 2 Years,Yes,64580,26,240,0
376,Female,51,1,33,0,1-2 Year,No,2630,124,20,0
377,Female,51,1,28,0,1-2 Year,Yes,35852,26,139,0
378,Male,23,1,27,1,< 1 Year,No,33092,152,138,0
379,Male,26,1,8,1,< 1 Year,No,30012,152,10,0
380,Female,39,1,28,0,1-2 Year,Yes,31147,125,18,0
381,Female,26,1,29,1,< 1 Year,No,2630,152,259,0
382,Female,55,1,46,1,1-2 Year,No,24055,30,212,0
383,Male,22,1,41,0,< 1 Year,Yes,36721,160,97,0
384,Female,22,1,33,1,< 1 Year,No,33164,152,199,0
385,Female,26,1,3,1,< 1 Year,No,31186,152,90,0
386,Male,37,1,41,0,1-2 Year,Yes,25722,154,152,1
387,Male,31,1,15,1,< 1 Year,No,36046,152,245,0
388,Female,42,1,28,0,1-2 Year,Yes,38266,26,30,0
389,Male,59,1,21,1,1-2 Year,No,32304,124,254,0
390,Female,78,1,41,0,1-2 Year,Yes,30773,12,20,0
391,Male,34,1,15,1,1-2 Year,No,2630,122,294,0
392,Female,48,1,28,0,1-2 Year,Yes,29446,26,74,1
393,Male,24,1,15,0,< 1 Year,Yes,20987,152,281,0
394,Female,23,1,28,0,< 1 Year,Yes,51520,122,23,0
395,Male,33,1,28,0,< 1 Year,Yes,47720,124,67,0
396,Female,20,1,36,1,< 1 Year,No,34478,160,283,0
397,Female,21,1,41,1,< 1 Year,No,36693,160,207,0
398,Male,51,1,26,0,> 2 Years,Yes,51694,125,169,0
399,Male,20,1,28,0,< 1 Year,Yes,55490,160,261,0
400,Male,49,1,28,1,1-2 Year,No,28527,55,180,0
401,Male,25,1,15,0,< 1 Year,Yes,38236,152,197,0
402,Male,37,1,9,1,1-2 Year,No,25054,152,85,0
403,Male,50,1,28,0,> 2 Years,Yes,31551,26,71,0
404,Male,44,1,28,0,1-2 Year,Yes,2630,156,139,1
405,Female,22,1,8,0,< 1 Year,Yes,51406,152,177,0
406,Male,25,1,47,0,< 1 Year,No,23504,152,178,0
407,Male,47,1,33,1,1-2 Year,No,32673,26,120,0
408,Female,49,1,28,0,> 2 Years,Yes,2630,157,250,0
409,Male,26,1,17,1,< 1 Year,No,29431,152,216,0
410,Male,71,1,28,0,1-2 Year,Yes,2630,26,183,0
411,Male,23,1,45,0,< 1 Year,Yes,2630,160,291,0
412,Male,28,1,22,0,1-2 Year,Yes,2630,155,272,1
413,Female,71,1,28,1,1-2 Year,No,62080,26,57,0
414,Male,46,1,28,0,1-2 Year,Yes,28742,124,183,0
415,Male,47,1,39,0,1-2 Year,Yes,40286,124,231,0
416,Male,53,1,13,0,1-2 Year,Yes,40250,124,162,0
417,Female,52,1,28,1,1-2 Year,No,63149,26,81,0
418,Male,68,1,14,1,1-2 Year,No,20843,152,115,0
419,Male,74,1,8,1,1-2 Year,No,48957,7,112,0
420,Male,41,1,41,1,1-2 Year,No,2630,156,160,0
421,Male,67,1,41,1,1-2 Year,No,44493,12,76,0
422,Male,44,1,28,0,1-2 Year,Yes,24311,122,276,0
423,Female,37,1,8,1,1-2 Year,No,34612,160,23,0
424,Female,73,1,5,0,1-2 Year,Yes,19981,122,22,0
425,Male,38,1,28,0,1-2 Year,Yes,28768,124,193,0
426,Female,50,1,28,1,1-2 Year,No,40127,26,64,0
427,Male,59,1,28,0,> 2 Years,Yes,47896,26,210,0
428,Female,25,1,15,0,< 1 Year,Yes,25158,152,159,0
429,Male,28,1,6,1,< 1 Year,No,25752,152,205,0
430,Female,22,1,11,1,< 1 Year,No,36226,152,215,0
431,Male,21,1,33,0,< 1 Year,Yes,34548,152,190,0
432,Male,64,1,28,0,> 2 Years,Yes,63102,24,118,0
433,Female,39,1,28,1,1-2 Year,No,37243,124,31,0
434,Male,22,1,8,1,< 1 Year,No,43255,152,68,0
435,Male,20,1,9,1,< 1 Year,No,30535,160,136,0
436,Female,62,1,28,0,1-2 Year,Yes,41246,3,38,0
437,Male,30,1,35,1,< 1 Year,No,26862,152,299,0
438,Female,52,1,28,0,1-2 Year,Yes,2630,26,127,0
439,Female,21,1,46,1,< 1 Year,No,45809,152,92,0
440,Female,27,1,8,0,1-2 Year,Yes,69824,26,131,0
441,Male,44,1,28,1,1-2 Year,No,38071,124,209,0
442,Male,23,1,41,1,< 1 Year,No,35334,152,224,0
443,Male,67,1,28,0,1-2 Year,Yes,60759,26,167,0
444,Male,23,1,6,1,< 1 Year,No,19947,152,53,0
445,Female,39,1,36,0,1-2 Year,Yes,30816,156,286,0
446,Male,23,1,11,1,< 1 Year,No,32320,152,150,0
447,Female,25,1,8,1,< 1 Year,No,36594,152,196,0
448,Male,54,1,9,0,1-2 Year,Yes,32513,26,276,1
449,Female,67,1,28,1,1-2 Year,No,30763,124,248,0
450,Female,24,1,36,0,< 1 Year,Yes,33910,152,153,1
451,Male,39,1,19,0,1-2 Year,Yes,34316,124,121,0
452,Male,57,1,33,0,> 2 Years,Yes,38378,124,207,1
453,Male,31,1,48,0,1-2 Year,No,2630,15,156,0
454,Female,69,1,50,0,> 2 Years,Yes,2630,157,71,0
455,Female,23,1,41,0,< 1 Year,Yes,29962,152,196,1
456,Male,66,1,28,0,1-2 Year,Yes,2630,124,114,0
457,Female,53,1,28,0,1-2 Year,Yes,42146,122,88,0
458,Male,33,1,29,0,1-2 Year,Yes,42744,124,232,0
459,Female,33,1,28,0,< 1 Year,No,2630,1,47,0
460,Male,56,1,8,0,1-2 Year,No,83666,26,37,0
461,Female,24,1,8,1,< 1 Year,No,22622,160,24,0
462,Female,25,1,30,1,< 1 Year,No,29340,152,166,0
463,Male,34,1,15,0,1-2 Year,Yes,2630,156,189,0
464,Male,61,1,8,0,1-2 Year,Yes,39492,26,228,0
465,Female,23,1,36,0,< 1 Year,Yes,27587,152,297,0
466,Male,50,1,3,0,1-2 Year,Yes,52785,124,132,1
467,Male,68,1,3,1,1-2 Year,No,32015,124,52,0
468,Female,26,1,8,1,< 1 Year,No,26845,152,245,0
469,Female,51,1,28,0,1-2 Year,Yes,71487,26,294,1
470,Female,43,1,28,0,1-2 Year,Yes,41901,124,243,0
471,Male,27,1,6,0,< 1 Year,No,37170,152,156,0
472,Male,22,1,7,0,< 1 Year,Yes,36688,152,200,0
473,Male,51,1,28,0,1-2 Year,Yes,30167,24,81,1
474,Male,55,1,11,0,1-2 Year,Yes,24022,26,17,0
475,Female,73,1,28,0,> 2 Years,Yes,56778,26,41,0
476,Male,38,1,28,0,1-2 Year,Yes,52761,124,79,0
477,Male,79,1,28,0,1-2 Year,Yes,31952,122,86,0
478,Male,25,1,13,1,1-2 Year,Yes,37680,26,40,0
479,Male,62,1,3,0,1-2 Year,Yes,29055,26,221,0
480,Male,39,1,41,1,1-2 Year,No,32222,26,138,0
481,Male,34,1,8,0,1-2 Year,Yes,26050,156,197,0
482,Male,26,1,30,1,< 1 Year,No,29215,152,45,0
483,Male,48,1,14,1,1-2 Year,No,26403,124,143,0
484,Male,23,1,8,1,< 1 Year,No,64382,152,31,0
485,Female,35,1,28,0,1-2 Year,Yes,38150,124,219,1
486,Male,54,1,28,0,1-2 Year,Yes,36743,26,109,0
487,Male,63,1,3,1,1-2 Year,No,29771,124,234,0
488,Male,43,1,31,1,1-2 Year,No,2630,124,134,0
489,Male,21,1,8,0,< 1 Year,Yes,30023,152,90,0
490,Female,28,1,8,1,< 1 Year,No,34299,152,31,0
491,Female,45,1,47,0,1-2 Year,Yes,38755,124,142,0
492,Female,22,1,15,1,< 1 Year,No,25466,152,266,0
493,Male,21,1,36,0,< 1 Year,Yes,40964,160,279,0
494,Female,53,1,41,0,1-2 Year,Yes,50836,124,248,0
495,Female,21,1,36,0,< 1 Year,Yes,37977,152,41,0
496,Female,48,1,8,1,1-2 Year,No,34287,26,135,0
497,Female,47,1,28,0,1-2 Year,No,33932,60,110,0
498,Male,54,1,46,0,> 2 Years,Yes,25785,26,268,1
499,Female,39,1,28,0,1-2 Year,Yes,52259,24,179,0
500,Female,22,1,29,1,< 1 Year,No,30881,152,47,0
501,Female,31,1,39,0,1-2 Year,Yes,39196,154,85,0
502,Male,43,1,15,1,1-2 Year,No,2630,124,106,0
503,Male,31,1,28,0,1-2 Year,Yes,63625,60,37,0
504,Female,24,1,3,1,< 1 Year,No,28476,152,24,0
505,Male,29,1,15,0,< 1 Year,No,24726,152,205,0
506,Male,40,1,7,1,1-2 Year,No,22384,122,30,0
507,Female,53,1,41,1,1-2 Year,No,22277,26,251,0
508,Female,42,1,28,0,1-2 Year,Yes,23822,26,81,0
509,Male,54,1,28,1,1-2 Year,No,52319,124,137,0
510,Male,26,1,3,1,< 1 Year,No,25317,152,287,0
511,Male,48,1,46,1,1-2 Year,No,26395,26,61,0
512,Male,51,1,33,0,1-2 Year,Yes,24871,26,250,0
513,Male,77,1,28,0,> 2 Years,Yes,53273,13,115,1
514,Male,25,1,14,1,1-2 Year,No,2630,156,20,0
515,Male,23,1,7,1,< 1 Year,No,32588,160,201,0
516,Female,65,1,28,0,1-2 Year,Yes,38834,26,231,0
517,Male,25,1,41,1,< 1 Year,No,38266,152,242,0
518,Female,67,1,31,1,1-2 Year,No,2630,152,248,0
519,Female,62,1,14,1,1-2 Year,No,34544,152,80,0
520,Male,27,1,26,1,< 1 Year,No,42798,151,116,0
521,Male,21,1,36,0,< 1 Year,No,2630,152,42,0
522,Male,34,1,28,0,1-2 Year,Yes,28090,26,260,0
523,Male,36,1,7,0,1-2 Year,Yes,2630,156,204,1
524,Male,41,1,0,0,1-2 Year,No,2630,44,133,0
525,Male,24,1,8,1,< 1 Year,No,31355,152,226,0
526,Female,20,1,36,0,< 1 Year,Yes,41176,160,243,0
527,Female,24,1,2,1,< 1 Year,No,30548,152,265,0
528,Male,43,1,46,0,1-2 Year,Yes,2630,124,98,0
529,Male,44,1,46,0,1-2 Year,Yes,27913,90,118,1
530,Female,20,1,28,0,1-2 Year,Yes,2630,156,64,0
531,Male,40,1,8,1,1-2 Year,No,34407,26,129,0
532,Male,24,1,6,1,< 1 Year,No,40278,152,191,0
533,Female,40,1,18,0,1-2 Year,No,29401,124,93,0
534,Female,65,1,40,1,1-2 Year,No,31912,26,43,0
535,Male,43,1,28,0,> 2 Years,Yes,2630,124,210,0
536,Male,43,1,37,1,1-2 Year,No,30226,26,27,0
537,Female,22,1,7,0,< 1 Year,Yes,38663,163,291,0
538,Female,26,1,30,1,< 1 Year,No,28188,160,64,0
539,Female,62,1,28,0,1-2 Year,Yes,43124,125,266,0
540,Female,32,1,8,0,< 1 Year,Yes,22518,124,13,0
541,Male,27,1,28,0,1-2 Year,Yes,52879,24,294,0
542,Male,28,1,41,1,< 1 Year,No,32920,152,297,0
543,Male,20,1,9,1,< 1 Year,Yes,2630,160,110,0
544,Male,42,1,48,1,1-2 Year,No,2630,124,11,0
545,Male,43,1,48,0,1-2 Year,Yes,2630,124,241,0
546,Female,77,1,28,0,1-2 Year,Yes,33185,124,161,0
547,Male,26,1,14,0,< 1 Year,Yes,25283,124,252,1
548,Female,37,1,41,0,1-2 Year,Yes,40874,26,174,0
549,Female,31,1,41,1,< 1 Year,No,32400,152,208,0
550,Male,47,1,33,1,1-2 Year,No,30302,26,268,0
551,Female,31,1,47,0,< 1 Year,Yes,35565,152,251,0
552,Male,21,1,47,0,< 1 Year,Yes,40997,160,235,0
553,Male,22,1,35,0,< 1 Year,No,43383,152,190,0
554,Male,53,1,28,0,1-2 Year,Yes,36758,124,292,1
555,Female,22,1,37,1,< 1 Year,No,28642,152,94,0
556,Male,29,1,8,1,< 1 Year,No,27791,152,145,0
557,Female,49,1,28,0,< 1 Year,Yes,2630,26,295,0
558,Male,50,1,13,0,1-2 Year,Yes,40157,124,114,1
559,Female,25,1,28,1,< 1 Year,No,40070,152,139,0
560,Male,65,1,8,1,1-2 Year,No,38058,26,10,0
561,Male,51,1,41,0,1-2 Year,Yes,33824,26,195,0
562,Male,78,1,39,1,1-2 Year,No,45007,26,50,0
563,Male,33,1,8,0,1-2 Year,Yes,42372,124,49,0
564,Male,23,1,30,1,< 1 Year,No,28901,152,157,0
565,Female,37,1,13,0,1-2 Year,Yes,25555,157,167,0
566,Male,58,1,28,0,1-2 Year,Yes,33220,60,48,1
567,Female,46,1,8,0,1-2 Year,Yes,38645,124,57,1
568,Female,40,1,28,0,1-2 Year,No,67219,124,54,0
569,Male,66,1,28,0,1-2 Year,Yes,31240,26,79,0
570,Female,21,1,32,1,< 1 Year,No,2630,152,112,0
571,Male,22,1,15,0,< 1 Year,Yes,37545,152,81,0
572,Female,24,1,17,1,< 1 Year,No,24585,152,277,0
573,Male,34,1,36,1,1-2 Year,No,33186,152,27,0
574,Male,47,1,41,1,1-2 Year,No,24991,124,82,0
575,Female,50,1,28,0,> 2 Years,Yes,48490,124,231,0
576,Female,40,1,41,0,1-2 Year,Yes,27868,124,30,0
577,Male,22,1,13,1,< 1 Year,No,29273,152,74,0
578,Male,55,1,9,0,1-2 Year,No,26475,124,175,0
579,Female,37,1,43,0,1-2 Year,Yes,50314,157,41,0
580,Female,27,1,11,1,< 1 Year,No,28217,152,262,0
581,Female,22,1,21,1,< 1 Year,No,31549,152,284,0
582,Female,26,1,27,0,< 1 Year,No,26174,152,194,0
583,Female,23,1,11,1,< 1 Year,No,29432,152,43,0
584,Male,54,1,8,0,1-2 Year,Yes,42391,26,48,0
585,Female,63,1,20,0,1-2 Year,Yes,2630,26,208,0
586,Female,23,1,6,1,< 1 Year,No,22784,152,13,0
587,Female,22,1,8,0,< 1 Year,Yes,25614,152,231,0
588,Male,49,1,46,0,1-2 Year,Yes,26491,124,85,1
589,Male,21,1,41,0,1-2 Year,Yes,26278,154,100,1
590,Male,52,1,20,1,1-2 Year,Yes,2630,124,73,0
591,Female,24,1,41,1,< 1 Year,No,53366,152,11,0
592,Male,54,1,28,0,> 2 Years,Yes,35492,26,45,1
593,Male,63,1,28,1,1-2 Year,No,35853,124,158,0
594,Male,51,1,50,0,1-2 Year,Yes,31341,26,217,0
595,Female,78,1,38,1,1-2 Year,No,2630,124,227,0
596,Male,48,1,15,0,1-2 Year,Yes,48684,26,269,0
597,Male,44,1,28,1,1-2 Year,No,41441,124,90,0
598,Female,22,1,15,1,< 1 Year,No,28192,160,62,0
599,Male,31,1,29,0,< 1 Year,Yes,2630,156,114,1
600,Female,23,1,3,1,< 1 Year,Yes,35054,152,226,0
601,Male,68,1,28,1,1-2 Year,No,25376,52,214,0
602,Male,50,1,46,0,1-2 Year,No,31219,124,118,0
603,Female,24,1,3,0,< 1 Year,Yes,26195,151,193,0
604,Male,44,1,11,1,1-2 Year,No,2630,120,203,0
605,Male,44,1,28,0,1-2 Year,No,25854,13,196,0
606,Female,25,1,30,1,< 1 Year,No,36511,152,91,0
607,Female,65,1,28,0,> 2 Years,Yes,44902,26,70,1
608,Male,22,1,29,1,< 1 Year,No,30066,152,91,0
609,Female,23,1,25,1,< 1 Year,No,27352,152,188,0
610,Female,24,1,28,0,< 1 Year,Yes,70382,152,190,0
611,Male,42,1,12,1,1-2 Year,Yes,2630,124,127,0
612,Female,27,1,8,1,< 1 Year,No,28060,152,105,0
613,Male,25,1,39,1,< 1 Year,No,90861,152,61,0
614,Male,23,1,15,0,< 1 Year,Yes,48842,152,197,0
615,Female,23,1,41,1,< 1 Year,No,28679,152,166,0
616,Female,26,1,39,0,< 1 Year,Yes,31652,152,245,0
617,Female,31,1,28,1,< 1 Year,No,31348,152,10,0
618,Male,27,1,3,1,< 1 Year,No,41633,152,75,0
619,Male,57,1,41,0,> 2 Years,Yes,37758,124,292,0
620,Male,25,1,29,1,< 1 Year,No,34065,152,94,0
621,Male,21,1,45,1,< 1 Year,No,21054,152,44,0
622,Female,27,1,28,1,< 1 Year,No,32305,152,241,0
623,Male,55,1,46,1,1-2 Year,Yes,2630,4,236,0
624,Male,27,1,11,1,< 1 Year,No,23992,152,47,0
625,Female,22,1,30,1,< 1 Year,No,33482,152,75,0
626,Female,60,1,28,0,1-2 Year,Yes,39176,124,101,0
627,Female,32,1,11,1,1-2 Year,No,30860,26,250,0
628,Male,40,1,8,1,1-2 Year,No,41706,124,102,0
629,Male,48,1,28,1,1-2 Year,No,48247,124,117,0
630,Female,30,1,28,0,1-2 Year,No,39587,122,10,0
631,Female,24,1,24,1,< 1 Year,No,56998,152,108,0
632,Male,44,1,35,0,1-2 Year,Yes,2630,157,49,0
633,Male,72,1,29,0,1-2 Year,Yes,48038,26,269,0
634,Female,23,1,3,1,< 1 Year,No,21562,152,296,0
635,Male,21,1,28,1,< 1 Year,No,24605,160,231,0
636,Female,25,1,8,1,< 1 Year,No,35138,152,143,0
637,Female,26,1,18,1,< 1 Year,Yes,2630,160,100,0
638,Female,26,1,50,1,< 1 Year,No,30639,152,103,0
639,Male,26,1,12,1,< 1 Year,No,22398,152,239,0
640,Male,67,1,21,0,1-2 Year,Yes,30056,26,222,0
641,Male,50,1,46,1,1-2 Year,No,25411,122,13,0
642,Male,24,1,21,1,< 1 Year,No,30356,152,135,0
643,Female,53,1,33,0,1-2 Year,Yes,32070,26,228,0
644,Female,21,1,12,0,< 1 Year,No,21236,152,51,0
645,Female,55,1,28,1,1-2 Year,No,16269,152,40,0
646,Female,23,1,27,1,< 1 Year,No,53701,152,62,0
647,Female,21,1,36,0,< 1 Year,Yes,29827,160,122,0
648,Female,25,1,10,1,< 1 Year,No,29327,152,195,0
649,Female,44,1,46,0,1-2 Year,Yes,43180,30,247,0
650,Female,21,1,2,0,< 1 Year,Yes,29004,160,197,0
651,Male,48,1,28,0,1-2 Year,Yes,31933,26,60,0
652,Female,37,1,30,1,1-2 Year,No,31814,152,145,0
653,Male,34,1,15,0,1-2 Year,Yes,32261,124,295,0
654,Male,31,1,28,0,< 1 Year,Yes,37288,124,224,0
655,Female,44,1,41,0,1-2 Year,Yes,52831,12,181,0
656,Female,39,1,4,0,1-2 Year,Yes,35588,26,205,0
657,Male,47,1,43,1,1-2 Year,Yes,42644,26,146,0
658,Female,23,1,36,0,< 1 Year,No,28316,152,241,0
659,Female,24,1,45,1,< 1 Year,No,24125,152,208,0
660,Male,24,1,50,0,< 1 Year,Yes,39153,152,102,0
661,Male,26,1,7,1,< 1 Year,No,41238,152,287,0
662,Female,28,1,43,1,< 1 Year,No,28797,152,47,0
663,Female,24,1,8,0,< 1 Year,No,2630,160,294,0
664,Female,32,1,33,1,< 1 Year,No,41113,152,191,0
665,Female,32,1,26,1,< 1 Year,No,2630,152,71,0
666,Female,52,1,24,0,1-2 Year,Yes,24982,157,31,1
667,Female,21,1,50,0,< 1 Year,Yes,37518,152,216,0
668,Male,21,1,8,1,1-2 Year,Yes,29492,156,94,0
669,Male,24,1,18,1,< 1 Year,Yes,2630,152,129,0
670,Male,48,1,36,1,1-2 Year,No,37116,26,169,0
671,Male,25,1,34,0,< 1 Year,Yes,41134,152,257,0
672,Female,24,1,3,0,< 1 Year,Yes,2630,152,228,0
673,Male,42,1,38,0,1-2 Year,Yes,34089,124,208,0
674,Female,45,1,28,0,> 2 Years,Yes,44620,24,216,0
675,Male,24,1,35,1,< 1 Year,No,31008,152,194,0
676,Female,46,1,28,0,1-2 Year,Yes,24457,122,166,1
677,Male,38,1,3,0,1-2 Year,Yes,36086,26,269,1
678,Female,26,1,2,0,< 1 Year,Yes,26592,152,44,0
679,Female,39,1,28,0,1-2 Year,Yes,25194,157,89,0
680,Female,45,1,28,0,1-2 Year,Yes,26954,26,110,0
681,Female,47,1,28,0,1-2 Year,No,36778,26,151,0
682,Female,23,1,5,1,< 1 Year,No,22949,152,299,0
683,Male,30,1,11,1,< 1 Year,No,27781,152,122,0
684,Female,29,1,46,1,< 1 Year,No,29769,152,195,0
685,Female,22,1,46,1,< 1 Year,No,23733,152,56,0
686,Female,21,1,8,1,< 1 Year,No,29266,160,251,0
687,Female,60,1,29,0,1-2 Year,No,25276,26,185,0
688,Male,23,1,28,0,< 1 Year,Yes,2630,26,100,0
689,Female,39,1,28,0,1-2 Year,Yes,40987,122,222,0
690,Male,39,1,8,0,1-2 Year,Yes,31201,7,274,0
691,Female,21,1,3,0,< 1 Year,No,21126,152,59,0
692,Male,67,1,51,1,1-2 Year,No,34464,124,108,0
693,Male,79,1,46,1,1-2 Year,No,2630,152,48,0
694,Female,24,1,32,0,< 1 Year,No,24250,152,21,0
695,Male,25,1,15,1,< 1 Year,No,30842,152,20,0
696,Female,38,1,7,1,1-2 Year,No,38847,152,175,0
697,Male,51,1,18,1,1-2 Year,Yes,33973,124,100,0
698,Female,27,1,41,1,< 1 Year,No,29107,152,46,0
699,Male,38,1,46,1,1-2 Year,Yes,2630,156,264,0
700,Male,80,1,32,0,1-2 Year,Yes,31799,124,27,0
701,Female,26,1,27,0,< 1 Year,No,2630,152,74,0
702,Female,58,1,50,0,> 2 Years,Yes,49961,124,240,0
703,Female,79,1,28,0,> 2 Years,Yes,45073,122,33,0
704,Male,60,1,28,0,1-2 Year,Yes,51912,124,283,0
705,Male,34,1,46,1,< 1 Year,No,49672,152,257,0
706,Female,44,1,24,0,1-2 Year,Yes,32643,26,145,1
707,Female,25,1,32,1,< 1 Year,No,35891,152,283,0
708,Male,57,1,28,1,1-2 Year,No,44619,13,205,0
709,Female,23,1,11,1,< 1 Year,No,17897,152,289,0
710,Male,25,1,46,0,< 1 Year,Yes,2630,152,233,0
711,Female,34,1,28,1,1-2 Year,Yes,32655,154,46,0
712,Male,48,1,18,0,1-2 Year,Yes,37807,26,175,0
713,Male,23,1,32,0,< 1 Year,No,32617,151,65,0
714,Female,24,1,13,1,< 1 Year,No,23677,151,298,0
715,Male,36,1,28,0,1-2 Year,Yes,43170,124,102,0
716,Female,35,1,30,1,1-2 Year,No,2630,152,159,0
717,Female,23,1,15,1,< 1 Year,No,34580,152,282,0
718,Female,25,1,11,0,< 1 Year,Yes,47313,152,285,0
719,Male,31,1,43,0,< 1 Year,Yes,2630,26,214,0
720,Male,47,1,28,0,1-2 Year,Yes,2630,124,231,0
721,Male,79,1,20,1,1-2 Year,No,2630,26,84,0
722,Male,26,1,10,1,< 1 Year,No,32692,152,178,0
723,Female,23,1,37,0,< 1 Year,Yes,28131,152,135,0
724,Male,49,1,28,0,1-2 Year,Yes,48144,29,262,1
725,Female,25,1,6,1,< 1 Year,No,25306,152,162,0
726,Male,24,1,41,1,< 1 Year,No,31360,152,109,0
727,Male,31,1,14,0,1-2 Year,Yes,22586,163,198,1
728,Male,24,1,11,1,< 1 Year,No,27734,152,61,0
729,Female,26,1,11,0,< 1 Year,Yes,31690,152,27,0
730,Female,53,1,39,1,1-2 Year,Yes,32727,124,298,0
731,Female,71,1,28,0,1-2 Year,Yes,93951,124,45,0
732,Female,23,1,8,1,< 1 Year,No,38031,152,191,0
733,Male,41,1,28,1,1-2 Year,No,37762,124,289,0
734,Female,46,1,28,0,1-2 Year,Yes,31522,124,246,0
735,Female,61,1,8,0,1-2 Year,No,78606,26,43,0
736,Male,22,1,37,1,< 1 Year,No,32468,152,204,0
737,Male,24,1,32,1,< 1 Year,No,28758,152,130,0
738,Female,26,1,28,1,< 1 Year,No,38378,152,214,0
739,Female,28,1,25,1,< 1 Year,No,24200,152,197,0
740,Female,54,1,28,0,1-2 Year,Yes,36035,124,22,1
741,Male,55,1,10,0,1-2 Year,Yes,22432,26,145,0
742,Female,44,1,28,0,1-2 Year,Yes,51389,122,133,0
743,Female,30,1,45,1,< 1 Year,No,2630,152,204,0
744,Male,48,1,28,0,1-2 Year,Yes,37942,26,109,1
745,Male,37,1,49,1,1-2 Year,No,23626,124,240,0
746,Male,67,1,31,1,1-2 Year,No,2630,26,279,0
747,Female,50,1,28,0,1-2 Year,Yes,28827,26,243,1
748,Female,33,1,33,1,< 1 Year,No,20051,152,63,0
749,Female,22,1,32,0,< 1 Year,No,37134,152,203,0
750,Male,40,1,28,0,1-2 Year,Yes,27925,124,267,0
751,Female,78,1,46,1,1-2 Year,No,47935,11,260,0
752,Male,27,1,41,1,< 1 Year,No,45316,152,183,0
753,Male,26,1,35,1,< 1 Year,No,48061,152,130,0
754,Male,45,1,28,1,1-2 Year,Yes,36769,26,275,0
755,Male,44,1,47,0,1-2 Year,Yes,37520,16,120,1
756,Male,22,1,15,0,< 1 Year,Yes,34814,152,270,0
757,Female,75,1,30,0,< 1 Year,No,2630,1,276,0
758,Female,40,1,35,0,1-2 Year,Yes,24675,124,127,0
759,Male,21,1,3,0,< 1 Year,No,44459,160,86,0
760,Male,49,1,46,0,< 1 Year,Yes,37986,26,26,0
761,Male,62,1,28,0,> 2 Years,Yes,70639,26,56,0
762,Male,57,1,29,1,1-2 Year,No,38643,26,67,0
763,Female,48,1,8,0,1-2 Year,No,37386,124,120,0
764,Female,69,1,28,1,1-2 Year,No,24920,26,156,0
765,Male,47,1,28,0,1-2 Year,Yes,36437,124,279,0
766,Female,24,1,28,0,< 1 Year,Yes,38949,152,163,0
767,Female,45,1,48,0,1-2 Year,Yes,2630,31,98,1
768,Male,57,1,28,1,1-2 Year,No,46283,124,149,0
769,Male,46,1,28,0,1-2 Year,Yes,55699,124,209,0
770,Female,38,1,28,0,1-2 Year,Yes,24075,13,81,0
771,Male,22,1,28,0,< 1 Year,Yes,48568,124,165,0
772,Male,24,1,29,1,< 1 Year,Yes,2630,152,282,0
773,Female,23,1,11,1,< 1 Year,No,29825,152,156,0
774,Female,23,1,2,0,< 1 Year,No,34032,151,53,0
775,Female,22,1,25,0,< 1 Year,Yes,19888,152,297,0
776,Male,24,1,11,1,< 1 Year,No,32863,152,291,0
777,Male,21,1,36,0,< 1 Year,Yes,2630,159,152,0
778,Male,38,1,18,0,1-2 Year,No,25439,156,45,0
779,Male,22,1,34,1,< 1 Year,No,31709,152,68,0
780,Female,24,1,9,0,< 1 Year,Yes,2630,160,192,0
781,Male,24,1,6,1,< 1 Year,No,19420,152,256,0
782,Female,69,1,28,0,> 2 Years,Yes,36936,26,122,0
783,Male,42,1,8,0,1-2 Year,Yes,2630,124,162,1
784,Male,21,1,39,0,< 1 Year,Yes,31973,160,14,0
785,Female,56,1,28,0,1-2 Year,Yes,34529,26,50,0
786,Female,30,1,47,1,< 1 Year,No,43972,152,42,0
787,Male,66,1,28,0,1-2 Year,Yes,58312,3,103,0
788,Female,49,1,32,0,1-2 Year,Yes,29851,26,219,1
789,Male,25,1,28,0,< 1 Year,No,37504,152,160,0
790,Female,24,1,28,0,< 1 Year,Yes,34972,152,123,0
791,Male,68,1,46,1,1-2 Year,No,20983,26,295,0
792,Female,38,1,15,0,1-2 Year,Yes,27423,152,99,0
793,Female,33,1,10,1,< 1 Year,No,30555,152,230,0
794,Female,50,1,28,0,1-2 Year,Yes,43379,122,170,1
795,Female,24,1,28,1,< 1 Year,No,66320,152,94,0
796,Male,46,1,28,0,1-2 Year,Yes,51937,26,161,1
797,Male,29,1,37,0,< 1 Year,Yes,45789,152,218,1
798,Female,66,1,15,1,1-2 Year,Yes,53722,14,101,0
799,Female,37,1,36,1,1-2 Year,No,36102,152,205,0
800,Male,40,1,19,0,1-2 Year,Yes,37926,26,13,0
801,Female,59,1,8,1,< 1 Year,No,2630,1,129,0
802,Male,24,1,15,1,< 1 Year,No,30659,152,193,0
803,Female,28,1,37,0,< 1 Year,Yes,29219,152,116,0
804,Male,24,1,37,0,< 1 Year,Yes,32082,152,259,0
805,Female,70,1,8,0,1-2 Year,Yes,39554,7,119,0
806,Female,24,1,16,0,< 1 Year,Yes,37142,151,19,0
807,Male,46,1,46,0,> 2 Years,Yes,32688,124,72,0
808,Male,55,1,24,0,> 2 Years,Yes,2630,124,109,1
809,Male,27,1,30,0,< 1 Year,Yes,28703,152,154,0
810,Male,47,1,28,1,1-2 Year,Yes,39867,122,14,0
811,Male,26,1,28,0,< 1 Year,Yes,38604,124,139,1
812,Female,24,1,26,1,< 1 Year,No,26814,152,122,0
813,Male,24,1,6,1,< 1 Year,No,29468,152,252,0
814,Female,20,1,28,0,< 1 Year,Yes,2630,160,197,0
815,Male,42,1,47,1,1-2 Year,No,36194,16,163,0
816,Female,28,1,15,0,< 1 Year,No,34342,152,54,0
817,Male,55,0,29,0,1-2 Year,Yes,2630,26,232,1
818,Female,24,1,3,1,< 1 Year,No,2630,152,30,0
819,Female,24,1,33,1,< 1 Year,No,38175,152,38,0
820,Female,25,1,35,1,< 1 Year,No,17081,152,113,0
821,Male,27,1,15,0,< 1 Year,Yes,2630,152,277,0
822,Female,60,1,28,0,1-2 Year,Yes,51778,26,25,0
823,Male,52,1,1,1,1-2 Year,No,2630,26,119,0
824,Male,40,1,4,0,1-2 Year,Yes,23680,124,283,1
825,Male,68,1,46,0,1-2 Year,Yes,31161,157,240,0
826,Male,22,1,28,0,< 1 Year,Yes,51988,152,49,0
827,Male,47,1,14,1,1-2 Year,No,2630,26,102,0
828,Male,28,1,41,0,1-2 Year,No,2630,154,236,1
829,Male,57,1,8,0,1-2 Year,Yes,31485,26,117,0
830,Female,22,1,45,0,< 1 Year,Yes,33311,152,154,0
831,Female,23,1,18,0,< 1 Year,Yes,42357,152,174,0
832,Male,26,1,11,1,< 1 Year,No,23432,152,133,0
833,Female,25,1,28,0,< 1 Year,Yes,28015,152,210,0
834,Male,29,1,28,0,1-2 Year,Yes,2630,122,67,1
835,Female,51,1,28,0,1-2 Year,Yes,38034,124,87,0
836,Female,22,1,36,1,< 1 Year,No,32584,152,204,0
837,Male,44,1,29,0,1-2 Year,No,50666,124,252,0
838,Male,46,1,28,0,1-2 Year,Yes,31054,26,20,0
839,Male,53,1,28,0,1-2 Year,Yes,64775,122,49,0
840,Male,44,1,28,0,1-2 Year,Yes,37158,26,87,0
841,Male,33,1,2,0,1-2 Year,Yes,20849,124,155,0
842,Male,59,1,3,0,1-2 Year,No,21455,152,227,0
843,Female,29,1,21,1,< 1 Year,No,2630,160,71,0
844,Female,29,1,45,0,1-2 Year,Yes,25844,154,117,1
845,Male,20,1,27,1,< 1 Year,No,2630,160,204,0
846,Female,37,1,12,1,1-2 Year,No,25390,124,66,0
847,Female,42,1,8,0,1-2 Year,Yes,32342,26,137,0
848,Female,28,1,28,0,< 1 Year,Yes,42138,152,165,0
849,Male,42,1,8,0,< 1 Year,No,2630,1,240,0
850,Male,46,1,28,0,1-2 Year,Yes,40484,26,54,1
851,Male,41,1,28,0,1-2 Year,Yes,40843,124,90,0
852,Male,64,1,28,0,1-2 Year,Yes,2630,156,264,1
853,Female,25,1,11,1,< 1 Year,No,58660,152,213,0
854,Female,54,1,8,1,1-2 Year,No,48679,124,19,0
855,Male,47,1,28,0,1-2 Year,Yes,35370,52,71,0
856,Female,22,1,2,0,< 1 Year,No,33865,152,205,0
857,Female,38,1,28,1,1-2 Year,No,81047,26,257,0
858,Male,40,1,36,0,1-2 Year,Yes,40784,124,54,1
859,Female,26,1,35,1,1-2 Year,No,2630,156,217,0
860,Male,25,1,10,1,< 1 Year,No,22069,152,93,0
861,Female,24,1,16,0,< 1 Year,Yes,2630,151,283,0
862,Male,52,1,0,0,1-2 Year,Yes,2630,124,299,0
863,Female,24,1,16,1,< 1 Year,No,33464,152,252,0
864,Male,26,1,15,0,< 1 Year,Yes,2630,152,172,1
865,Male,24,1,28,0,< 1 Year,Yes,45894,156,23,0
866,Male,44,1,41,0,1-2 Year,Yes,2630,26,13,1
867,Male,29,1,46,1,< 1 Year,No,34219,152,60,0
868,Male,37,1,28,0,1-2 Year,Yes,34177,26,142,0
869,Female,56,1,8,0,1-2 Year,Yes,42884,124,34,0
870,Male,54,1,15,0,1-2 Year,Yes,43895,26,65,0
871,Male,24,1,35,0,< 1 Year,Yes,20061,152,125,1
872,Male,34,1,28,0,1-2 Year,Yes,25256,155,105,0
873,Male,36,1,48,1,1-2 Year,No,2630,124,184,0
874,Female,41,1,29,1,1-2 Year,No,2630,154,174,0
875,Male,41,1,24,0,1-2 Year,Yes,2630,124,64,0
876,Female,24,1,24,0,< 1 Year,Yes,19416,152,184,0
877,Male,23,1,46,1,< 1 Year,No,23350,152,151,0
878,Male,38,1,43,1,1-2 Year,No,34808,26,208,0
879,Male,23,1,41,1,< 1 Year,No,30938,152,112,0
880,Female,66,1,33,1,1-2 Year,No,68158,124,34,0
881,Male,43,1,28,0,1-2 Year,Yes,35114,55,109,0
882,Female,26,1,14,1,< 1 Year,No,31418,152,116,0
883,Female,45,1,28,1,1-2 Year,No,41882,26,266,0
884,Male,45,1,16,0,1-2 Year,Yes,2630,122,132,0
885,Male,20,1,46,0,< 1 Year,Yes,19105,160,214,0
886,Male,30,1,18,1,1-2 Year,Yes,35456,131,218,0
887,Male,40,1,7,1,1-2 Year,No,52053,26,113,0
888,Female,21,1,36,0,< 1 Year,Yes,26980,160,204,0
889,Male,65,1,1,1,1-2 Year,Yes,2630,26,174,0
890,Male,24,1,6,1,< 1 Year,No,47470,152,98,0
891,Male,54,1,28,0,1-2 Year,Yes,2630,158,36,0
892,Female,48,1,46,1,1-2 Year,No,26801,152,170,0
893,Female,25,1,7,1,< 1 Year,No,2630,160,294,0
894,Female,47,1,28,0,1-2 Year,Yes,28900,26,147,0
895,Female,30,1,46,1,< 1 Year,No,23999,26,45,0
896,Male,26,1,3,1,1-2 Year,No,24751,124,106,0
897,Male,21,1,30,1,< 1 Year,No,32461,152,208,0
898,Female,22,1,8,0,< 1 Year,Yes,32735,152,133,0
899,Female,25,1,46,1,< 1 Year,No,25603,152,233,0
900,Female,43,1,28,0,1-2 Year,Yes,31449,124,207,0
901,Female,31,1,14,0,< 1 Year,Yes,37907,26,107,1
902,Female,24,1,49,1,< 1 Year,No,28959,152,279,0
903,Male,25,1,30,1,< 1 Year,No,28785,152,65,0
904,Male,57,1,28,0,1-2 Year,Yes,2630,156,81,1
905,Male,61,1,28,1,1-2 Year,No,36277,122,31,0
906,Male,41,1,28,0,1-2 Year,Yes,62655,26,128,0
907,Female,30,1,47,0,< 1 Year,Yes,31743,152,264,0
908,Male,42,1,29,0,1-2 Year,Yes,21417,124,217,1
909,Male,21,1,2,0,< 1 Year,No,32247,152,159,0
910,Male,65,1,50,1,1-2 Year,No,27130,124,14,0
911,Female,24,1,36,0,< 1 Year,Yes,42588,152,13,0
912,Male,50,1,28,0,1-2 Year,Yes,56003,124,54,1
913,Male,53,1,28,0,1-2 Year,Yes,50347,26,124,0
914,Male,61,1,28,0,1-2 Year,Yes,46772,122,162,0
915,Male,25,1,15,1,< 1 Year,No,29764,152,58,0
916,Male,53,1,28,0,1-2 Year,Yes,24939,124,271,0
917,Female,62,1,27,1,1-2 Year,No,2630,152,201,0
918,Male,70,1,33,1,1-2 Year,No,40988,122,94,0
919,Male,66,1,17,0,1-2 Year,Yes,54865,124,286,1
920,Female,21,1,46,1,< 1 Year,No,25558,160,63,0
921,Male,24,1,37,0,< 1 Year,Yes,34902,152,260,0
922,Female,33,1,2,0,1-2 Year,Yes,2630,157,197,1
923,Male,21,1,36,0,< 1 Year,Yes,32164,160,186,0
924,Female,24,1,1,0,< 1 Year,Yes,2630,160,131,0
925,Male,30,1,8,1,< 1 Year,No,40028,152,77,0
926,Male,23,1,50,0,< 1 Year,No,39583,151,128,0
927,Female,21,1,7,0,< 1 Year,No,28416,152,92,0
928,Male,52,1,48,1,1-2 Year,Yes,2630,124,44,0
929,Male,29,1,46,0,< 1 Year,Yes,32705,124,168,0
930,Male,76,1,28,1,1-2 Year,No,45169,26,263,0
931,Male,40,1,35,0,1-2 Year,No,34694,52,65,0
932,Female,25,1,36,1,< 1 Year,No,2630,160,203,0
933,Male,68,1,14,1,1-2 Year,No,24209,26,98,0
934,Female,53,1,28,0,1-2 Year,Yes,57348,26,274,0
935,Male,25,1,15,0,< 1 Year,No,29313,152,182,0
936,Female,24,1,6,0,< 1 Year,No,19021,152,195,0
937,Male,41,1,28,0,1-2 Year,Yes,29127,154,24,0
938,Male,48,1,36,1,1-2 Year,No,31945,124,237,0
939,Male,24,1,32,0,< 1 Year,Yes,23036,152,242,0
940,Male,52,1,28,0,1-2 Year,Yes,70037,122,218,1
941,Female,23,1,13,1,< 1 Year,No,28760,152,166,0
942,Female,75,1,28,1,1-2 Year,No,26437,122,199,0
943,Female,25,1,36,0,< 1 Year,Yes,31080,152,212,0
944,Female,21,1,26,1,< 1 Year,No,37628,152,155,0
945,Female,27,1,35,1,< 1 Year,No,26050,152,201,0
946,Female,44,1,28,0,1-2 Year,Yes,56520,26,47,0
947,Male,21,1,15,0,< 1 Year,Yes,39383,152,141,0
948,Female,77,1,28,1,1-2 Year,No,45462,26,62,0
949,Male,41,1,31,0,> 2 Years,Yes,2630,124,111,1
950,Male,54,1,11,0,1-2 Year,Yes,26199,26,83,0
951,Male,55,1,28,1,1-2 Year,No,33703,26,161,0
952,Female,43,1,32,1,1-2 Year,No,25678,124,179,0
953,Male,49,1,28,0,1-2 Year,Yes,2630,26,222,1
954,Female,26,1,11,1,< 1 Year,No,43885,152,76,0
955,Male,48,1,6,0,1-2 Year,Yes,30841,26,84,0
956,Male,51,1,16,0,1-2 Year,No,2630,124,284,0
957,Female,24,1,41,1,< 1 Year,No,2630,152,118,0
958,Male,41,1,28,0,1-2 Year,Yes,33812,124,97,1
959,Female,50,1,28,1,1-2 Year,No,51319,61,221,0
960,Female,43,1,28,1,1-2 Year,No,49072,26,154,0
961,Male,51,1,28,0,> 2 Years,Yes,52761,26,170,0
962,Male,54,1,48,0,1-2 Year,Yes,2630,15,134,1
963,Female,38,1,3,0,1-2 Year,Yes,20745,124,25,0
964,Female,44,1,8,1,1-2 Year,No,37127,124,90,0
965,Male,44,1,34,1,1-2 Year,No,32822,124,26,0
966,Female,64,1,28,1,1-2 Year,No,40591,124,294,0
967,Female,28,1,34,1,< 1 Year,Yes,22649,152,38,0
968,Male,21,1,15,0,< 1 Year,Yes,47795,160,154,0
969,Female,27,1,2,1,< 1 Year,No,2630,152,272,0
970,Male,25,1,13,1,< 1 Year,No,31570,152,280,0
971,Male,21,1,13,1,< 1 Year,Yes,30899,160,219,0
972,Female,44,1,50,0,1-2 Year,Yes,72002,8,230,1
973,Male,28,1,36,1,< 1 Year,No,32630,152,185,0
974,Female,55,1,26,1,1-2 Year,No,30352,26,172,0
975,Male,46,1,28,0,1-2 Year,Yes,2630,124,272,0
976,Male,59,1,46,0,1-2 Year,Yes,28281,163,24,0
977,Female,24,1,8,1,< 1 Year,No,70187,152,194,0
978,Male,34,1,43,0,1-2 Year,Yes,36726,124,20,0
979,Male,48,1,39,0,1-2 Year,Yes,39839,26,14,0
980,Male,65,1,28,0,1-2 Year,Yes,2630,26,201,0
981,Female,26,1,18,1,< 1 Year,No,39439,152,118,0
982,Male,48,1,28,1,1-2 Year,No,38252,54,184,0
983,Male,48,1,48,0,1-2 Year,Yes,2630,26,185,1
984,Male,21,1,27,1,< 1 Year,No,2630,160,68,0
985,Male,25,1,28,1,< 1 Year,No,37855,152,188,0
986,Male,44,1,29,0,1-2 Year,Yes,40500,3,243,1
987,Male,43,1,9,0,1-2 Year,Yes,25952,124,115,1
988,Male,54,1,29,0,1-2 Year,Yes,31659,124,182,1
989,Female,21,1,36,0,< 1 Year,Yes,46491,160,202,0
990,Male,49,1,11,0,> 2 Years,Yes,2630,156,234,0
991,Female,70,1,28,1,1-2 Year,No,28841,124,152,0
992,Male,56,1,28,0,1-2 Year,Yes,54522,26,231,0
993,Female,20,1,3,0,< 1 Year,Yes,30212,160,53,0
994,Female,25,1,37,0,< 1 Year,No,33528,152,34,0
995,Male,36,1,10,1,1-2 Year,No,30925,152,198,0
996,Female,73,1,50,0,1-2 Year,No,42133,124,203,0
997,Male,53,1,28,0,1-2 Year,Yes,54918,55,271,0
998,Female,25,1,8,0,< 1 Year,Yes,40191,152,185,0
999,Female,22,1,30,0,< 1 Year,Yes,28904,160,197,0
1000,Male,21,1,41,0,< 1 Year,Yes,30204,26,67,0
1001,Male,64,1,29,1,1-2 Year,Yes,2630,26,245,0
1002,Male,48,1,28,0,> 2 Years,Yes,37447,26,254,1
1003,Male,24,1,18,1,< 1 Year,No,32194,152,241,0
1004,Male,51,1,28,0,1-2 Year,Yes,34868,125,90,0
1005,Male,54,1,29,0,1-2 Year,Yes,2630,26,49,0
1006,Male,52,1,8,0,1-2 Year,Yes,2630,26,128,1
1007,Male,25,1,21,1,< 1 Year,No,26605,152,19,0
1008,Male,72,1,28,0,1-2 Year,Yes,42650,26,23,0
1009,Female,25,1,8,0,< 1 Year,Yes,29717,160,232,0
1010,Male,31,1,46,1,< 1 Year,No,39353,152,193,0
1011,Female,59,1,28,1,1-2 Year,No,27411,26,154,0
1012,Female,50,1,47,1,1-2 Year,No,28229,124,213,0
1013,Female,22,1,11,1,< 1 Year,No,36580,152,171,0
1014,Male,41,1,28,0,1-2 Year,Yes,41342,26,267,1
1015,Male,39,1,39,0,1-2 Year,Yes,37334,26,135,0
1016,Female,24,1,9,0,< 1 Year,No,23974,152,12,0
1017,Female,21,1,12,0,< 1 Year,Yes,27470,160,253,0
1018,Male,56,1,8,1,1-2 Year,No,51384,124,236,0
1019,Male,22,1,13,0,< 1 Year,No,29909,152,64,0
1020,Male,69,1,41,1,1-2 Year,No,41647,19,229,0
1021,Female,64,1,28,0,1-2 Year,Yes,31302,26,48,1
1022,Male,24,1,28,1,< 1 Year,No,57196,26,57,0
1023,Female,23,1,41,1,< 1 Year,No,27841,152,59,0
1024,Male,36,1,30,0,1-2 Year,Yes,28453,154,273,1
1025,Female,41,1,28,0,1-2 Year,Yes,42748,26,268,0
1026,Male,31,1,28,0,< 1 Year,No,2630,1,71,0
1027,Male,26,1,28,1,< 1 Year,No,43413,152,238,0
1028,Male,54,1,46,0,> 2 Years,Yes,27745,116,210,0
1029,Male,38,1,28,0,1-2 Year,Yes,47548,124,287,0
1030,Female,61,1,28,0,1-2 Year,Yes,40113,3,65,0
1031,Male,38,1,35,1,1-2 Year,No,41274,152,89,0
1032,Female,48,1,28,1,1-2 Year,No,51740,52,177,0
1033,Male,23,1,2,0,< 1 Year,Yes,40509,152,219,0
1034,Male,57,1,5,0,1-2 Year,Yes,36682,29,136,1
1035,Female,52,1,28,0,> 2 Years,Yes,64843,24,125,0
1036,Female,31,1,41,1,1-2 Year,No,38172,124,258,0
1037,Female,23,1,41,1,< 1 Year,No,21078,152,247,0
1038,Male,77,1,28,0,1-2 Year,Yes,48880,26,294,0
1039,Female,25,1,10,0,< 1 Year,Yes,23354,152,68,0
1040,Male,31,1,8,1,< 1 Year,No,45476,152,113,0
1041,Male,24,1,22,1,< 1 Year,No,22637,152,124,0
1042,Male,59,1,26,0,> 2 Years,Yes,38063,22,283,0
1043,Male,23,1,12,0,< 1 Year,Yes,28107,26,195,1
1044,Female,48,1,8,0,1-2 Year,No,2630,124,31,0
1045,Female,24,1,2,1,< 1 Year,No,20473,152,33,0
1046,Female,37,1,39,0,1-2 Year,Yes,2630,157,123,0
1047,Female,53,1,20,0,1-2 Year,Yes,2630,124,247,0
1048,Male,48,1,33,0,1-2 Year,Yes,34216,154,272,1
1049,Male,22,1,45,1,< 1 Year,No,2630,152,18,0
1050,Female,22,1,15,1,< 1 Year,No,38903,152,124,0
1051,Male,67,1,8,0,1-2 Year,Yes,29699,7,133,0
1052,Female,24,1,39,0,< 1 Year,No,2630,152,276,1
1053,Female,26,1,29,1,< 1 Year,No,41283,152,258,0
1054,Female,47,1,29,0,1-2 Year,No,29825,26,129,0
1055,Female,60,1,28,0,1-2 Year,Yes,24529,35,282,0
1056,Male,61,1,18,1,1-2 Year,Yes,2630,157,125,0
1057,Female,22,1,15,0,< 1 Year,Yes,37608,152,42,0
1058,Female,36,1,28,1,1-2 Year,No,43183,26,264,0
1059,Female,46,1,27,0,1-2 Year,No,24257,26,73,0
1060,Female,21,1,46,0,< 1 Year,Yes,49438,160,16,0
1061,Female,38,1,31,0,1-2 Year,Yes,2630,154,288,0
1062,Male,27,1,8,1,< 1 Year,No,24417,152,52,0
1063,Male,25,1,37,0,< 1 Year,Yes,27499,152,206,1
1064,Male,52,1,28,1,1-2 Year,No,35897,26,217,0
1065,Female,34,1,15,1,1-2 Year,No,2630,152,79,0
1066,Female,32,1,26,1,1-2 Year,No,21131,8,217,0
1067,Male,45,1,28,0,1-2 Year,Yes,44605,124,240,1
1068,Male,30,1,8,0,< 1 Year,Yes,41158,26,183,0
1069,Female,74,1,48,0,1-2 Year,Yes,2630,15,101,0
1070,Male,53,1,28,0,1-2 Year,Yes,43219,124,289,1
1071,Male,24,1,36,1,< 1 Year,No,46529,152,61,0
1072,Female,40,1,8,0,1-2 Year,Yes,2630,124,117,0
1073,Female,31,1,11,1,1-2 Year,No,2630,124,230,0
1074,Male,63,1,36,0,> 2 Years,Yes,51444,124,194,0
1075,Female,23,1,29,1,< 1 Year,No,35382,152,205,0
1076,Male,46,1,15,0,1-2 Year,Yes,39828,124,112,0
1077,Female,24,1,8,1,< 1 Year,No,42879,152,219,0
1078,Male,35,1,11,0,1-2 Year,Yes,2630,156,46,1
1079,Female,34,1,30,1,1-2 Year,No,34767,152,81,0
1080,Male,49,1,28,0,1-2 Year,Yes,58768,26,31,1
1081,Male,50,1,28,0,> 2 Years,Yes,30105,13,101,0
1082,Male,65,1,29,1,1-2 Year,Yes,39415,26,123,0
1083,Female,20,1,35,0,< 1 Year,Yes,2630,157,170,0
1084,Male,50,1,41,0,1-2 Year,Yes,28273,122,51,0
1085,Female,52,1,29,0,> 2 Years,Yes,29387,26,84,0
1086,Male,41,1,38,0,1-2 Year,Yes,31089,124,240,0
1087,Male,39,1,26,1,1-2 Year,No,27922,152,146,0
1088,Male,38,1,28,1,1-2 Year,No,68637,26,282,0
1089,Male,27,1,11,1,< 1 Year,No,31021,152,70,0
1090,Male,48,1,8,0,> 2 Years,Yes,40662,7,239,0
1091,Male,51,1,28,1,1-2 Year,Yes,41942,3,151,0
1092,Male,61,1,47,0,> 2 Years,Yes,46566,124,194,0
1093,Male,25,1,8,1,< 1 Year,No,40074,152,188,0
1094,Male,49,1,28,0,> 2 Years,Yes,2630,156,83,1
1095,Male,25,1,15,1,< 1 Year,No,29082,152,282,0
1096,Male,42,1,38,0,1-2 Year,Yes,44017,124,92,0
1097,Female,28,1,15,0,< 1 Year,No,32036,152,13,0
1098,Female,40,1,28,1,1-2 Year,No,35065,122,24,0
1099,Male,48,1,8,0,1-2 Year,Yes,38437,25,62,1
1100,Female,21,1,24,1,< 1 Year,Yes,34838,152,128,0
1101,Male,22,1,15,0,< 1 Year,Yes,39443,152,247,0
1102,Male,59,1,40,1,1-2 Year,No,2630,26,176,0
1103,Female,35,1,15,0,1-2 Year,Yes,2630,160,185,0
1104,Female,38,1,29,0,1-2 Year,Yes,31056,26,224,0
1105,Female,70,1,28,1,1-2 Year,Yes,43438,26,222,0
1106,Male,67,1,18,1,1-2 Year,No,27072,124,151,0
1107,Male,22,1,38,1,< 1 Year,No,37031,152,70,0
1108,Female,23,1,8,0,< 1 Year,Yes,52664,26,32,0
1109,Female,69,1,28,1,1-2 Year,No,88733,26,39,0
1110,Male,51,1,29,0,1-2 Year,Yes,25503,26,182,1
1111,Female,22,1,28,1,< 1 Year,No,28233,152,58,0
1112,Male,24,1,8,1,< 1 Year,No,35577,152,207,0
1113,Female,37,1,35,0,1-2 Year,Yes,27487,124,97,1
1114,Male,21,1,27,0,< 1 Year,Yes,38694,152,30,0
1115,Female,67,1,28,0,> 2 Years,Yes,39199,26,91,0
1116,Female,27,1,2,1,< 1 Year,No,2630,152,76,0
1117,Female,24,1,12,1,< 1 Year,No,23209,152,182,0
1118,Female,32,1,46,1,1-2 Year,No,33115,124,260,0
1119,Female,24,1,28,1,< 1 Year,No,35313,152,219,0
1120,Male,48,1,28,0,1-2 Year,Yes,37667,26,210,1
1121,Female,47,1,36,0,1-2 Year,Yes,28592,26,28,0
1122,Male,25,1,50,1,< 1 Year,No,39003,151,275,0
1123,Female,24,1,3,0,< 1 Year,Yes,38669,152,137,0
1124,Female,23,1,47,0,< 1 Year,Yes,32715,152,118,1
1125,Female,24,1,18,1,< 1 Year,No,26943,152,69,0
1126,Female,21,1,12,0,< 1 Year,Yes,25848,152,111,0
1127,Male,54,1,8,0,1-2 Year,Yes,30151,26,58,0
1128,Female,67,1,28,1,1-2 Year,No,39283,124,105,0
1129,Female,24,1,45,0,< 1 Year,Yes,24060,152,283,0
1130,Male,39,1,18,0,1-2 Year,Yes,24328,29,10,0
1131,Male,80,1,28,0,1-2 Year,Yes,2630,156,259,0
1132,Female,27,1,27,0,< 1 Year,Yes,31406,152,298,0
1133,Male,49,1,41,0,1-2 Year,Yes,2630,156,120,0
1134,Male,44,1,28,0,1-2 Year,Yes,26448,26,123,0
1135,Male,60,1,28,0,1-2 Year,Yes,40735,124,138,0
1136,Female,27,1,30,1,< 1 Year,No,34895,152,163,0
1137,Male,43,1,26,0,1-2 Year,Yes,27561,22,292,0
1138,Male,28,1,37,0,< 1 Year,Yes,2630,160,208,0
1139,Female,56,1,41,0,1-2 Year,Yes,48002,136,170,0
1140,Male,47,1,14,0,1-2 Year,Yes,2630,124,44,0
1141,Male,69,1,28,0,1-2 Year,Yes,30015,26,225,0
1142,Female,20,1,15,0,< 1 Year,Yes,37390,160,183,0
1143,Female,25,1,28,1,< 1 Year,No,49739,26,218,0
1144,Male,64,1,28,0,1-2 Year,Yes,2630,156,64,0
1145,Male,69,1,43,1,1-2 Year,No,2630,26,24,0
1146,Male,48,1,28,0,1-2 Year,No,44651,124,98,0
1147,Male,32,1,41,1,1-2 Year,No,29551,26,131,0
1148,Female,41,1,10,0,1-2 Year,Yes,2630,26,154,1
1149,Female,40,1,17,1,1-2 Year,No,37988,124,255,0
1150,Male,27,1,22,1,< 1 Year,No,27179,152,254,0
1151,Female,42,1,8,0,1-2 Year,Yes,34494,26,48,1
1152,Female,23,1,37,0,< 1 Year,Yes,32765,152,223,0
1153,Female,27,1,32,0,< 1 Year,Yes,2630,152,261,0
1154,Male,26,1,8,1,< 1 Year,No,37484,152,235,0
1155,Male,43,1,47,0,1-2 Year,Yes,41520,26,145,0
1156,Male,64,1,27,0,1-2 Year,Yes,2630,124,146,0
1157,Female,37,1,46,0,1-2 Year,Yes,24672,11,162,1
1158,Male,26,1,36,1,< 1 Year,No,32293,152,55,0
1159,Female,21,1,36,1,< 1 Year,Yes,28901,152,22,0
1160,Male,24,1,36,0,< 1 Year,Yes,25096,152,237,0
1161,Male,36,1,16,0,1-2 Year,Yes,31632,152,255,0
1162,Female,48,1,34,0,1-2 Year,Yes,48743,124,54,0
1163,Male,49,1,10,0,1-2 Year,Yes,26642,154,179,0
1164,Male,64,1,28,1,1-2 Year,No,39136,26,125,0
1165,Male,32,1,41,1,< 1 Year,No,35553,152,43,0
1166,Male,24,1,42,0,< 1 Year,Yes,27827,152,166,0
1167,Male,77,1,46,0,1-2 Year,Yes,29131,26,190,0
1168,Male,76,1,18,0,1-2 Year,Yes,30359,26,70,0
1169,Male,59,1,12,1,1-2 Year,No,27299,26,138,0
1170,Male,64,1,28,0,> 2 Years,Yes,46259,26,187,0
1171,Female,73,1,28,1,1-2 Year,No,38179,122,95,0
1172,Male,46,1,7,0,1-2 Year,Yes,38098,124,87,0
1173,Male,25,1,28,1,< 1 Year,No,19366,152,248,0
1174,Male,51,1,43,0,> 2 Years,Yes,49421,26,245,1
1175,Female,57,1,24,0,1-2 Year,Yes,2630,156,250,0
1176,Male,22,1,46,1,< 1 Year,No,32730,152,208,0
1177,Male,20,1,14,1,< 1 Year,No,2630,160,14,0
1178,Male,64,1,28,0,1-2 Year,Yes,34335,122,246,0
1179,Male,54,1,28,0,> 2 Years,Yes,85949,25,238,1
1180,Male,40,1,28,0,1-2 Year,Yes,38997,125,15,0
1181,Male,22,1,47,1,< 1 Year,Yes,37969,152,107,0
1182,Male,46,1,28,0,1-2 Year,Yes,33980,163,171,1
1183,Female,39,1,33,1,1-2 Year,No,55737,124,76,0
1184,Female,24,1,47,0,< 1 Year,Yes,39432,152,70,0
1185,Female,41,1,35,0,1-2 Year,Yes,30508,124,192,1
1186,Male,52,1,11,0,1-2 Year,Yes,24425,120,104,0
1187,Male,23,1,5,1,< 1 Year,No,26533,152,113,0
1188,Male,54,1,35,0,1-2 Year,Yes,40169,26,175,0
1189,Female,45,1,28,1,1-2 Year,No,31482,124,210,0
1190,Male,42,1,28,0,1-2 Year,Yes,25231,26,143,1
1191,Female,29,1,41,0,1-2 Year,Yes,2630,157,161,0
1192,Male,26,1,28,1,< 1 Year,No,23907,152,218,0
1193,Male,27,1,18,0,1-2 Year,Yes,36964,125,250,0
1194,Female,69,0,35,1,1-2 Year,No,28731,26,143,0
1195,Female,57,1,20,1,1-2 Year,No,2630,26,268,0
1196,Male,31,1,26,0,1-2 Year,Yes,33171,124,12,1
1197,Female,50,1,25,0,1-2 Year,Yes,33963,124,258,0
1198,Male,21,1,35,0,1-2 Year,Yes,30489,26,247,0
1199,Male,69,1,0,0,1-2 Year,Yes,2630,122,13,0
1200,Female,40,1,29,0,1-2 Year,Yes,2630,156,228,0
1201,Female,45,1,7,0,1-2 Year,Yes,42875,124,281,1
1202,Female,23,1,28,0,< 1 Year,Yes,70224,152,267,0
1203,Female,55,1,15,0,> 2 Years,Yes,22758,124,117,0
1204,Male,39,1,15,0,1-2 Year,Yes,2630,26,133,0
1205,Female,44,1,35,0,1-2 Year,Yes,24827,26,198,1
1206,Female,28,1,11,1,< 1 Year,No,29080,152,253,0
1207,Male,24,1,15,0,< 1 Year,Yes,26820,152,131,0
1208,Male,45,1,28,0,1-2 Year,Yes,47638,124,291,0
1209,Female,27,1,33,0,< 1 Year,Yes,2630,124,133,0
1210,Female,42,1,28,1,1-2 Year,No,36168,124,258,0
1211,Male,28,1,28,0,1-2 Year,Yes,38614,124,176,0
1212,Female,23,1,30,0,< 1 Year,Yes,26706,152,291,0
1213,Male,30,1,50,0,1-2 Year,Yes,33625,154,167,0
1214,Female,39,1,8,0,1-2 Year,Yes,74248,26,272,1
1215,Female,25,1,8,1,< 1 Year,No,24903,152,109,0
1216,Male,21,1,36,1,< 1 Year,No,46016,160,83,0
1217,Male,62,1,33,0,> 2 Years,Yes,22579,26,284,0
1218,Male,23,1,30,1,< 1 Year,No,29374,152,272,0
1219,Male,21,1,50,0,< 1 Year,Yes,33468,160,143,0
1220,Female,53,1,29,0,1-2 Year,Yes,35858,124,161,1
1221,Female,24,1,29,1,< 1 Year,No,28490,152,81,0
1222,Female,42,1,28,0,1-2 Year,Yes,41064,122,45,0
1223,Female,35,1,28,1,1-2 Year,No,29202,152,243,0
1224,Female,22,1,28,1,1-2 Year,Yes,43251,157,69,0
1225,Female,25,1,46,1,< 1 Year,No,36849,152,277,0
1226,Female,24,1,3,1,< 1 Year,No,19042,152,105,0
1227,Male,28,1,46,1,< 1 Year,No,29337,152,299,0
1228,Female,46,1,28,0,1-2 Year,Yes,30086,13,90,1
1229,Female,23,1,28,0,< 1 Year,Yes,38426,124,289,1
1230,Male,23,1,15,0,< 1 Year,No,32945,152,107,0
1231,Female,25,1,15,0,< 1 Year,Yes,24497,152,16,0
1232,Female,28,1,6,1,< 1 Year,No,26238,152,214,0
1233,Male,49,1,28,1,1-2 Year,No,2630,124,245,0
1234,Male,56,1,41,0,1-2 Year,Yes,51068,26,199,1
1235,Male,49,1,22,0,1-2 Year,Yes,27947,8,43,0
1236,Male,28,1,47,1,< 1 Year,No,2630,152,121,0
1237,Male,44,1,37,0,1-2 Year,Yes,2630,128,214,0
1238,Male,58,1,11,1,1-2 Year,No,45576,26,108,0
1239,Female,55,1,35,1,1-2 Year,Yes,2630,156,29,0
1240,Female,37,1,0,0,1-2 Year,Yes,2630,151,40,0
1241,Female,41,1,8,0,1-2 Year,Yes,2630,7,241,0
1242,Male,54,1,50,0,1-2 Year,Yes,29559,8,183,0
1243,Male,33,1,3,0,< 1 Year,No,37626,152,209,0
1244,Female,23,1,21,0,< 1 Year,No,37240,152,124,0
1245,Female,25,1,13,1,< 1 Year,No,29816,152,166,0
1246,Male,23,1,39,0,< 1 Year,Yes,2630,156,196,0
1247,Female,22,1,26,0,< 1 Year,No,44372,152,132,0
1248,Male,77,1,8,1,1-2 Year,No,24725,124,198,0
1249,Female,33,1,41,1,< 1 Year,No,47300,152,83,0
1250,Male,27,1,41,0,1-2 Year,Yes,2630,156,63,0
1251,Female,21,1,28,0,1-2 Year,Yes,60796,122,232,0
1252,Male,37,1,50,0,1-2 Year,Yes,44150,26,294,1
1253,Male,33,1,9,0,1-2 Year,No,33224,26,56,0
1254,Female,24,1,28,0,< 1 Year,Yes,27893,124,153,0
1255,Female,21,1,36,1,< 1 Year,No,29966,160,193,0
1256,Male,23,1,8,1,< 1 Year,No,40432,152,80,0
1257,Female,38,1,46,0,1-2 Year,Yes,14983,124,131,1
1258,Female,25,1,41,1,< 1 Year,No,27440,152,54,0
1259,Female,22,1,36,1,< 1 Year,No,34163,160,255,0
1260,Female,25,1,46,1,< 1 Year,No,27730,152,91,0
1261,Female,23,1,46,1,< 1 Year,No,27062,151,210,0
1262,Female,22,1,28,0,< 1 Year,No,65871,152,256,0
1263,Male,23,1,41,1,< 1 Year,No,46185,152,127,0
1264,Female,29,1,24,0,< 1 Year,Yes,24547,152,226,0
1265,Female,43,1,28,0,1-2 Year,Yes,33754,26,186,0
1266,Male,24,1,30,1,< 1 Year,No,29736,152,20,0
1267,Female,23,1,4,1,< 1 Year,No,34177,152,192,0
1268,Female,25,1,28,1,< 1 Year,No,34882,152,283,0
1269,Male,45,1,28,0,1-2 Year,Yes,33730,26,150,1
1270,Female,20,1,15,0,< 1 Year,Yes,27649,160,111,0
1271,Female,44,1,50,1,1-2 Year,No,25281,124,58,0
1272,Male,24,1,14,0,< 1 Year,Yes,34931,152,222,1
1273,Female,27,1,28,1,< 1 Year,No,36085,152,282,0
1274,Male,27,1,41,0,< 1 Year,Yes,44658,152,73,1
1275,Female,27,1,13,1,< 1 Year,No,25717,151,84,0
1276,Female,25,1,36,1,< 1 Year,No,2630,151,179,0
1277,Female,38,1,28,0,1-2 Year,Yes,37307,156,55,1
1278,Male,49,1,28,0,1-2 Year,Yes,46014,122,66,0
1279,Male,56,1,41,0,1-2 Year,Yes,41236,26,138,0
1280,Male,43,1,28,0,> 2 Years,Yes,36013,26,79,1
1281,Female,57,1,8,0,1-2 Year,Yes,48273,26,183,0
1282,Male,38,1,38,1,1-2 Year,Yes,32099,124,173,0
1283,Female,24,1,35,1,< 1 Year,No,26464,152,258,0
1284,Male,69,1,28,0,1-2 Year,Yes,34110,124,201,0
1285,Male,45,1,28,1,1-2 Year,No,28308,26,100,0
1286,Male,29,1,28,0,< 1 Year,Yes,37489,152,140,0
1287,Male,60,1,28,0,1-2 Year,No,24774,124,277,0
1288,Male,56,1,28,0,1-2 Year,Yes,30292,26,65,0
1289,Female,37,1,14,1,1-2 Year,No,21253,152,183,0
1290,Male,43,1,28,1,1-2 Year,No,40109,26,158,0
1291,Male,30,1,18,0,1-2 Year,Yes,28992,131,19,0
1292,Male,46,1,28,0,1-2 Year,Yes,39077,13,267,0
1293,Female,22,1,6,1,< 1 Year,No,19317,160,169,0
1294,Male,28,1,11,0,< 1 Year,No,2630,152,172,0
1295,Female,27,1,34,0,< 1 Year,No,21172,152,61,0
1296,Male,67,1,28,0,1-2 Year,Yes,2630,124,46,0
1297,Male,32,1,15,1,< 1 Year,No,41810,152,234,0
1298,Male,22,1,33,1,< 1 Year,No,27699,152,198,0
1299,Male,48,1,15,0,1-2 Year,No,36958,124,126,0
1300,Male,45,1,39,0,> 2 Years,Yes,31104,25,177,0
1301,Female,25,1,6,1,< 1 Year,No,27941,152,136,0
1302,Male,54,1,28,0,1-2 Year,Yes,34058,163,173,1
1303,Male,25,1,29,1,< 1 Year,No,48688,152,296,0
1304,Male,40,1,35,0,1-2 Year,Yes,24936,124,98,1
1305,Female,68,1,8,0,1-2 Year,Yes,32752,124,182,0
1306,Male,44,1,28,0,1-2 Year,Yes,45809,124,52,0
1307,Female,38,1,35,0,1-2 Year,Yes,31733,26,270,1
1308,Male,54,1,33,0,1-2 Year,Yes,37641,26,144,0
1309,Male,23,1,8,1,< 1 Year,No,43555,152,108,0
1310,Female,25,1,28,1,< 1 Year,No,48620,152,291,0
1311,Male,52,1,28,0,1-2 Year,Yes,67185,26,191,1
1312,Male,23,1,28,1,< 1 Year,No,21453,152,263,0
1313,Female,50,1,50,1,1-2 Year,No,28606,122,77,0
1314,Female,29,1,15,0,1-2 Year,Yes,37000,154,140,0
1315,Male,24,1,8,1,< 1 Year,No,37273,152,19,0
1316,Male,26,1,28,0,< 1 Year,Yes,24652,152,151,1
1317,Male,58,1,28,0,1-2 Year,Yes,50285,122,272,0
1318,Female,52,1,26,0,1-2 Year,No,43090,22,281,0
1319,Female,49,1,41,1,1-2 Year,No,32838,26,97,0
1320,Female,41,1,28,0,1-2 Year,Yes,41083,124,26,1
1321,Male,26,1,28,1,< 1 Year,Yes,47828,163,106,0
1322,Male,39,1,28,0,1-2 Year,Yes,28413,124,199,0
1323,Male,68,1,28,1,1-2 Year,No,37536,122,190,0
1324,Female,24,1,9,1,< 1 Year,No,2630,152,244,0
1325,Female,22,1,2,1,< 1 Year,No,37068,152,81,0
1326,Female,64,1,8,0,1-2 Year,Yes,2630,30,279,0
1327,Male,36,1,8,0,1-2 Year,Yes,29770,19,290,0
1328,Male,79,1,3,0,1-2 Year,Yes,24522,30,171,0
1329,Male,25,1,24,0,< 1 Year,Yes,23911,152,278,0
1330,Male,74,1,28,0,1-2 Year,No,85290,26,72,0
1331,Male,35,1,38,0,1-2 Year,Yes,35079,154,54,1
1332,Female,26,1,8,1,< 1 Year,No,25160,152,243,0
1333,Female,21,1,9,0,< 1 Year,Yes,29421,152,283,0
1334,Male,25,1,41,0,< 1 Year,Yes,58120,152,230,1
1335,Female,22,1,6,0,< 1 Year,Yes,26135,152,103,0
1336,Male,70,1,28,0,1-2 Year,Yes,2630,124,38,0
1337,Male,27,1,45,1,< 1 Year,No,23740,152,252,0
1338,Male,45,1,27,0,1-2 Year,Yes,34630,154,193,0
1339,Male,31,1,31,0,< 1 Year,Yes,2630,152,47,0
1340,Male,71,1,25,0,1-2 Year,Yes,28312,30,59,0
1341,Female,21,1,46,1,< 1 Year,No,26116,160,194,0
1342,Female,42,1,28,0,1-2 Year,Yes,35686,13,79,0
1343,Male,51,1,28,0,1-2 Year,Yes,43712,26,155,0
1344,Female,25,1,8,1,< 1 Year,No,38471,152,74,0
1345,Male,24,1,29,1,< 1 Year,No,49556,152,204,0
1346,Male,65,1,28,0,> 2 Years,Yes,36070,26,84,0
1347,Male,47,1,37,0,1-2 Year,Yes,47259,124,283,1
1348,Male,31,1,47,1,< 1 Year,No,45067,152,255,0
1349,Male,38,1,23,1,1-2 Year,Yes,24047,26,159,0
1350,Female,27,1,28,1,< 1 Year,No,40358,152,231,0
1351,Male,57,1,3,1,1-2 Year,No,29053,26,205,0
1352,Female,23,1,37,1,< 1 Year,No,22189,152,124,0
1353,Female,42,1,28,1,1-2 Year,No,36154,125,268,0
1354,Female,25,1,37,0,< 1 Year,Yes,29246,152,196,0
1355,Female,39,1,41,0,1-2 Year,Yes,22060,124,131,0
1356,Male,23,1,11,1,< 1 Year,No,35105,152,255,0
1357,Female,21,1,6,0,< 1 Year,Yes,18898,152,107,0
1358,Male,21,1,15,0,< 1 Year,No,27545,160,262,0
1359,Female,30,1,8,0,< 1 Year,No,39582,152,198,0
1360,Female,25,1,8,1,< 1 Year,No,35947,152,216,0
1361,Male,51,1,28,0,1-2 Year,Yes,54154,26,272,0
1362,Female,32,1,28,0,1-2 Year,Yes,41338,156,100,1
1363,Female,23,1,45,1,< 1 Year,No,30837,152,12,0
1364,Male,22,1,6,0,< 1 Year,Yes,25806,152,118,1
1365,Male,60,1,28,1,1-2 Year,No,48456,124,192,0
1366,Male,35,1,6,1,1-2 Year,No,34942,152,290,0
1367,Male,24,1,50,1,< 1 Year,No,42107,152,253,0
1368,Male,55,1,18,0,1-2 Year,Yes,35377,26,235,0
1369,Female,51,1,28,0,1-2 Year,Yes,60496,122,288,0
1370,Female,24,1,43,1,< 1 Year,No,30124,152,104,0
1371,Female,62,1,28,0,1-2 Year,Yes,69601,60,229,0
1372,Female,40,1,28,0,1-2 Year,Yes,40057,124,208,0
1373,Male,42,1,28,1,1-2 Year,No,32994,26,103,0
1374,Female,27,1,24,1,< 1 Year,No,25034,160,34,0
1375,Female,20,1,46,0,< 1 Year,Yes,19692,160,154,0
1376,Female,22,1,2,1,< 1 Year,No,23451,152,163,0
1377,Female,69,1,50,1,1-2 Year,No,44038,8,95,0
1378,Female,24,1,28,1,< 1 Year,No,30704,152,150,0
1379,Female,20,1,39,0,< 1 Year,No,30262,160,222,0
1380,Male,32,1,8,0,1-2 Year,Yes,57435,124,201,0
1381,Female,24,1,25,0,< 1 Year,No,2630,152,102,0
1382,Male,59,1,28,0,1-2 Year,Yes,29879,124,122,0
1383,Male,34,1,41,0,1-2 Year,Yes,2630,156,198,0
1384,Male,52,1,8,0,1-2 Year,Yes,33404,4,161,0
1385,Female,27,1,41,1,< 1 Year,No,26552,152,110,0
1386,Male,34,1,28,1,1-2 Year,No,39926,124,49,0
1387,Male,31,1,48,0,> 2 Years,Yes,2630,156,153,0
1388,Female,46,1,33,1,1-2 Year,No,30824,26,95,0
1389,Female,42,1,14,0,1-2 Year,No,34202,152,130,0
1390,Female,48,1,28,0,1-2 Year,Yes,45920,124,116,0
1391,Female,22,1,6,1,< 1 Year,No,30578,152,44,0
1392,Female,57,1,28,0,1-2 Year,Yes,27489,122,233,0
1393,Male,29,1,28,0,< 1 Year,No,36184,152,118,0
1394,Male,24,1,39,0,< 1 Year,Yes,33799,152,89,0
1395,Male,23,1,15,1,< 1 Year,No,27143,152,50,0
1396,Male,28,1,10,1,< 1 Year,No,28654,152,164,0
1397,Female,33,1,41,1,1-2 Year,No,37208,26,240,0
1398,Male,24,1,30,1,< 1 Year,No,27582,152,235,0
1399,Female,47,1,28,0,1-2 Year,Yes,27744,26,212,0
1400,Male,23,1,30,0,< 1 Year,Yes,32615,152,69,0
1401,Male,24,1,30,0,< 1 Year,Yes,32002,152,32,0
1402,Male,23,1,8,1,< 1 Year,No,38582,152,148,0
1403,Male,24,1,3,1,< 1 Year,No,2630,160,278,0
1404,Male,54,1,28,0,1-2 Year,Yes,49998,26,213,0
1405,Female,65,1,28,0,1-2 Year,Yes,49557,26,286,0
1406,Female,23,1,36,0,< 1 Year,Yes,35131,152,28,0
1407,Female,70,1,33,0,1-2 Year,Yes,2630,26,217,1
1408,Female,38,1,30,0,1-2 Year,Yes,33786,124,149,1
1409,Male,28,1,28,1,< 1 Year,No,57493,152,237,0
1410,Male,41,1,28,0,1-2 Year,Yes,42304,124,254,0
1411,Male,48,1,28,0,1-2 Year,Yes,36677,26,40,1
1412,Female,29,1,28,1,1-2 Year,No,35172,124,33,0
1413,Female,22,1,28,0,< 1 Year,Yes,43584,26,116,1
1414,Female,43,1,28,1,1-2 Year,No,37570,124,110,0
1415,Male,40,1,46,1,1-2 Year,No,18859,124,190,0
1416,Male,57,1,2,1,1-2 Year,No,24766,152,157,0
1417,Female,24,1,28,1,< 1 Year,No,76648,152,80,0
1418,Female,64,1,45,0,1-2 Year,Yes,25490,26,155,0
1419,Female,23,1,37,0,< 1 Year,No,29944,152,189,0
1420,Male,48,1,29,0,> 2 Years,Yes,26804,124,134,1
1421,Female,50,1,25,0,1-2 Year,Yes,28477,156,250,1
1422,Male,52,1,28,1,1-2 Year,No,20520,26,30,0
1423,Female,22,1,6,1,< 1 Year,No,54460,152,224,0
1424,Male,21,1,11,0,< 1 Year,Yes,57953,160,254,0
1425,Male,23,1,50,1,< 1 Year,No,47493,152,78,0
1426,Male,76,1,28,1,1-2 Year,No,24417,124,173,0
1427,Female,79,1,33,0,1-2 Year,Yes,30534,124,234,0
1428,Male,32,1,39,1,1-2 Year,No,2630,156,297,0
1429,Male,67,1,5,0,1-2 Year,No,26290,26,186,0
1430,Female,23,1,8,0,< 1 Year,Yes,41258,152,44,0
1431,Female,22,1,15,1,< 1 Year,No,33409,160,178,0
1432,Male,68,1,6,1,1-2 Year,No,29638,26,287,0
1433,Male,25,1,33,1,< 1 Year,No,24311,152,139,0
1434,Male,24,1,44,1,< 1 Year,No,25058,152,205,0
1435,Male,64,1,0,0,1-2 Year,Yes,2630,7,205,0
1436,Male,47,1,50,0,1-2 Year,Yes,2630,157,27,0
1437,Female,21,1,28,0,< 1 Year,Yes,39745,160,47,0
1438,Male,73,1,15,1,1-2 Year,No,2630,124,186,0
1439,Female,26,1,46,1,< 1 Year,Yes,37804,124,207,0
1440,Female,23,1,8,1,< 1 Year,No,38754,152,188,0
1441,Female,26,1,28,1,< 1 Year,No,31829,152,236,0
1442,Male,64,1,11,0,1-2 Year,Yes,35076,124,29,0
1443,Male,53,1,7,0,1-2 Year,Yes,84398,26,19,1
1444,Female,27,1,21,1,< 1 Year,No,42194,152,50,0
1445,Female,26,1,28,1,< 1 Year,No,43358,152,248,0
1446,Male,51,1,39,1,1-2 Year,Yes,54943,124,238,0
1447,Male,25,1,45,1,1-2 Year,No,29284,124,35,0
1448,Male,24,1,28,1,< 1 Year,No,31279,152,43,0
1449,Male,43,1,11,0,1-2 Year,Yes,35552,26,89,1
1450,Male,41,1,24,0,1-2 Year,Yes,21253,124,34,0
1451,Male,69,1,17,0,1-2 Year,Yes,46150,124,55,1
1452,Female,49,1,51,1,1-2 Year,No,34560,122,202,0
1453,Female,56,1,40,0,1-2 Year,Yes,31000,26,92,0
1454,Female,37,1,28,1,1-2 Year,No,2630,124,262,0
1455,Female,65,1,30,1,1-2 Year,No,33132,152,152,0
1456,Female,24,1,18,1,< 1 Year,No,34826,152,38,0
1457,Male,26,1,33,1,< 1 Year,No,20276,152,176,0
1458,Female,26,1,36,1,< 1 Year,No,35076,152,95,0
1459,Female,29,1,15,0,< 1 Year,Yes,30018,152,266,0
1460,Female,25,1,41,1,< 1 Year,No,45047,152,134,0
1461,Female,40,1,23,1,1-2 Year,No,36945,124,175,0
1462,Male,25,1,18,1,< 1 Year,No,28702,152,279,0
1463,Female,48,1,28,1,1-2 Year,No,2630,124,167,0
1464,Female,47,1,41,0,1-2 Year,Yes,36138,124,119,1
1465,Female,52,1,38,0,1-2 Year,Yes,35449,26,147,1
1466,Female,23,1,45,0,< 1 Year,No,24112,152,53,0
1467,Female,53,1,28,0,1-2 Year,Yes,46541,122,276,0
1468,Female,25,1,28,1,< 1 Year,No,57160,152,105,0
1469,Male,53,1,23,0,1-2 Year,Yes,34867,26,113,0
1470,Male,52,1,28,0,1-2 Year,Yes,2630,26,155,1
1471,Male,58,1,28,1,1-2 Year,No,2630,124,98,0
1472,Male,58,1,46,1,1-2 Year,No,24566,26,11,0
1473,Male,34,1,28,0,1-2 Year,Yes,2630,157,152,0
1474,Male,50,1,48,1,1-2 Year,No,2630,26,114,0
1475,Male,68,1,28,1,1-2 Year,No,35429,122,64,0
1476,Male,46,1,47,1,1-2 Year,No,26730,26,262,0
1477,Male,54,1,46,0,1-2 Year,Yes,31541,155,225,0
1478,Male,26,1,41,1,< 1 Year,No,28894,152,50,0
1479,Male,40,1,28,0,1-2 Year,Yes,33418,124,193,1
1480,Male,47,1,29,1,1-2 Year,No,2630,135,105,0
1481,Female,44,1,28,0,1-2 Year,Yes,38913,26,274,0
1482,Male,56,1,13,0,1-2 Year,Yes,32482,124,258,0
1483,Male,24,1,13,1,< 1 Year,No,20708,152,79,0
1484,Female,24,1,28,1,< 1 Year,No,47506,152,164,0
1485,Male,52,1,4,1,1-2 Year,No,39298,124,25,0
1486,Male,40,1,28,0,1-2 Year,Yes,36699,124,271,1
1487,Male,43,1,28,1,1-2 Year,No,27574,26,94,0
1488,Male,25,1,46,1,< 1 Year,No,30466,152,286,0
1489,Male,25,1,28,1,< 1 Year,No,40540,152,169,0
1490,Male,25,1,28,0,< 1 Year,Yes,35506,152,169,0
1491,Male,32,1,11,1,< 1 Year,No,29929,152,73,0
1492,Male,26,1,35,1,< 1 Year,No,31078,152,185,0
1493,Male,51,1,48,0,1-2 Year,No,2630,26,170,0
1494,Male,34,1,28,0,1-2 Year,Yes,29905,124,181,1
1495,Female,22,1,30,1,< 1 Year,No,30422,152,84,0
1496,Female,38,1,9,0,1-2 Year,Yes,28210,31,197,0
1497,Male,31,1,41,0,< 1 Year,Yes,2630,156,20,0
1498,Male,40,1,28,1,1-2 Year,No,2630,26,157,0
1499,Male,43,1,23,1,1-2 Year,No,33465,26,274,0
1500,Female,30,1,28,1,< 1 Year,No,55073,124,19,0
1501,Male,32,1,12,1,< 1 Year,No,2630,160,223,0
1502,Female,66,1,29,1,1-2 Year,No,23693,124,271,0
1503,Female,30,1,49,0,< 1 Year,Yes,29537,152,116,0
1504,Female,24,1,8,1,< 1 Year,No,45128,152,252,0
1505,Male,44,1,18,1,1-2 Year,Yes,2630,26,44,0
1506,Female,72,1,30,0,1-2 Year,Yes,30940,26,82,0
1507,Female,22,1,21,1,< 1 Year,No,44554,152,224,0
1508,Female,22,1,19,1,< 1 Year,No,54559,152,87,0
1509,Male,28,1,28,1,< 1 Year,No,61534,152,121,0
1510,Female,23,1,18,1,< 1 Year,No,29859,152,183,0
1511,Male,67,1,28,0,> 2 Years,Yes,37500,124,46,1
1512,Female,36,1,28,0,1-2 Year,Yes,24595,154,19,1
1513,Female,64,1,14,1,1-2 Year,No,40671,124,37,0
1514,Male,21,1,37,0,< 1 Year,No,45391,152,173,0
1515,Male,24,1,15,0,< 1 Year,No,25856,152,256,0
1516,Male,25,1,30,1,< 1 Year,No,38837,152,179,0
1517,Male,24,1,10,0,< 1 Year,Yes,31833,152,95,1
1518,Female,44,1,30,1,1-2 Year,No,40634,152,90,0
1519,Male,63,1,13,1,1-2 Year,Yes,30321,124,154,0
1520,Male,31,1,30,1,< 1 Year,No,29248,152,157,0
1521,Male,48,1,37,0,1-2 Year,Yes,40414,26,77,0
1522,Male,35,1,9,0,< 1 Year,No,2630,1,203,0
1523,Male,45,1,22,0,1-2 Year,Yes,2630,30,202,0
1524,Male,47,1,28,0,> 2 Years,Yes,85787,26,116,0
1525,Male,55,1,28,0,1-2 Year,Yes,2630,124,214,0
1526,Female,30,1,15,1,< 1 Year,No,40719,152,283,0
1527,Female,23,1,15,1,< 1 Year,No,27785,152,18,0
1528,Male,69,1,33,0,1-2 Year,Yes,42695,124,135,0
1529,Male,26,1,30,1,< 1 Year,No,29227,152,41,0
1530,Male,38,1,30,0,1-2 Year,Yes,37723,140,145,0
1531,Male,60,1,46,0,1-2 Year,Yes,34883,11,62,0
1532,Female,24,1,11,1,< 1 Year,No,28736,152,163,0
1533,Female,38,1,8,0,1-2 Year,Yes,30490,124,81,0
1534,Female,24,1,25,1,< 1 Year,No,27606,152,259,0
1535,Female,24,1,46,0,< 1 Year,Yes,34529,152,178,0
1536,Male,71,1,28,1,1-2 Year,No,64065,124,179,0
1537,Female,25,1,37,0,< 1 Year,No,22243,152,161,0
1538,Male,44,1,8,0,1-2 Year,Yes,28855,124,37,0
1539,Female,27,1,28,1,< 1 Year,No,39187,152,250,0
1540,Female,47,1,28,0,1-2 Year,Yes,47115,26,255,0
1541,Female,43,1,28,0,1-2 Year,Yes,2630,26,281,1
1542,Male,24,1,35,1,< 1 Year,No,30168,152,253,0
1543,Female,67,1,33,0,> 2 Years,Yes,2630,26,62,0
1544,Male,30,1,46,1,< 1 Year,No,36721,160,58,0
1545,Male,22,1,35,1,< 1 Year,No,49422,152,276,0
1546,Male,42,1,28,0,1-2 Year,Yes,43222,26,57,0
1547,Male,20,1,6,0,< 1 Year,Yes,19033,160,94,0
1548,Female,41,1,1,0,1-2 Year,No,2630,156,256,0
1549,Male,21,1,50,1,< 1 Year,No,36986,160,199,0
1550,Female,27,1,6,1,< 1 Year,No,26055,152,82,0
1551,Female,56,1,28,0,1-2 Year,Yes,36666,60,174,0
1552,Female,38,1,7,0,1-2 Year,No,40573,156,231,0
1553,Male,64,1,28,0,1-2 Year,Yes,107115,25,293,1
1554,Female,47,1,46,0,1-2 Year,Yes,36619,26,267,0
1555,Female,40,1,28,0,1-2 Year,Yes,41737,26,266,1
1556,Male,36,1,28,0,1-2 Year,Yes,24535,154,44,0
1557,Male,29,1,16,1,< 1 Year,No,29018,151,186,0
1558,Male,70,1,5,0,1-2 Year,Yes,20953,26,215,1
1559,Male,26,1,47,0,< 1 Year,Yes,2630,152,113,0
1560,Female,23,1,25,1,< 1 Year,No,28420,160,47,0
1561,Male,47,1,50,0,1-2 Year,Yes,25259,124,32,1
1562,Male,30,1,12,1,< 1 Year,No,26763,152,23,0
1563,Female,25,1,19,1,< 1 Year,No,28299,152,158,0
1564,Male,60,1,50,0,1-2 Year,Yes,21859,8,22,0
1565,Male,44,1,28,1,1-2 Year,Yes,33844,26,81,0
1566,Male,50,1,48,0,1-2 Year,Yes,2630,124,100,0
1567,Male,26,1,8,1,< 1 Year,No,43829,152,216,0
1568,Female,25,1,11,1,< 1 Year,No,35842,152,64,0
1569,Male,59,1,28,0,1-2 Year,Yes,31291,26,273,0
1570,Female,25,1,6,1,< 1 Year,No,21293,152,259,0
1571,Female,29,1,28,0,< 1 Year,Yes,49466,124,106,1
1572,Female,22,1,2,1,< 1 Year,No,24169,152,71,0
1573,Male,24,1,12,1,1-2 Year,No,41043,124,233,0
1574,Male,33,1,8,0,< 1 Year,Yes,31443,26,44,1
1575,Female,29,1,3,0,1-2 Year,No,24191,124,69,0
1576,Male,23,1,3,1,< 1 Year,No,21871,152,56,0
1577,Male,23,1,29,0,< 1 Year,Yes,36525,152,209,0
1578,Male,40,1,28,0,1-2 Year,Yes,36142,124,285,0
1579,Male,42,1,13,0,1-2 Year,Yes,2630,163,291,0
1580,Male,37,1,8,0,1-2 Year,Yes,51281,124,246,0
1581,Female,20,1,30,0,< 1 Year,Yes,29783,160,262,0
1582,Male,44,1,35,0,1-2 Year,Yes,21763,124,156,0
1583,Female,47,1,28,0,1-2 Year,Yes,28704,26,43,0
1584,Male,24,1,28,1,< 1 Year,No,50529,152,117,0
1585,Female,21,1,35,1,< 1 Year,No,19545,160,15,0
1586,Male,45,1,28,0,1-2 Year,Yes,63614,124,160,0
1587,Male,22,1,29,1,< 1 Year,No,51379,152,119,0
1588,Female,44,1,28,1,1-2 Year,No,36657,26,159,0
1589,Male,49,1,28,1,1-2 Year,No,54070,26,188,0
1590,Male,25,1,28,1,< 1 Year,No,48951,152,76,0
1591,Female,49,1,25,0,1-2 Year,Yes,2630,163,225,1
1592,Male,53,1,28,0,1-2 Year,No,38034,124,287,0
1593,Male,71,1,41,0,1-2 Year,Yes,52436,26,61,0
1594,Male,24,1,39,0,< 1 Year,Yes,41894,152,246,0
1595,Female,60,1,3,1,1-2 Year,No,2630,124,252,0
1596,Male,65,1,28,0,1-2 Year,Yes,2630,13,159,0
1597,Male,37,1,46,0,1-2 Year,Yes,2630,160,33,0
1598,Female,24,1,28,1,< 1 Year,No,39334,152,190,0
1599,Male,50,1,19,0,1-2 Year,Yes,35139,25,186,1
1600,Male,43,1,8,0,1-2 Year,Yes,27605,124,227,0
1601,Female,24,1,50,1,< 1 Year,No,37169,152,102,0
1602,Male,44,1,28,1,1-2 Year,Yes,26866,23,266,0
1603,Male,23,1,41,1,< 1 Year,No,41413,152,267,0
1604,Female,40,1,9,0,1-2 Year,Yes,36075,152,100,0
1605,Male,54,1,33,0,1-2 Year,Yes,32270,26,131,0
1606,Female,37,1,28,1,1-2 Year,No,28300,26,204,0
1607,Male,79,1,36,0,1-2 Year,Yes,39390,26,109,0
1608,Female,27,1,8,1,< 1 Year,No,38439,160,209,0
1609,Female,22,1,46,0,< 1 Year,Yes,32160,152,25,0
1610,Male,37,1,3,0,1-2 Year,Yes,2630,160,35,0
1611,Male,46,0,29,0,1-2 Year,Yes,40502,124,79,0
1612,Female,21,1,9,1,< 1 Year,No,2630,160,157,0
1613,Male,40,1,36,0,1-2 Year,Yes,2630,26,258,0
1614,Male,43,1,8,0,1-2 Year,Yes,40906,26,121,0
1615,Male,49,1,41,1,1-2 Year,No,32307,109,142,0
1616,Female,23,1,37,1,< 1 Year,No,43156,152,201,0
1617,Female,54,1,3,0,1-2 Year,Yes,33861,124,74,0
1618,Male,47,1,28,0,1-2 Year,Yes,57968,124,131,0
1619,Male,37,1,28,1,1-2 Year,No,2630,124,191,0
1620,Female,52,1,28,0,1-2 Year,Yes,29838,124,169,0
1621,Male,35,1,41,0,1-2 Year,Yes,2630,124,236,1
1622,Male,24,1,14,1,< 1 Year,No,27911,152,216,0
1623,Female,75,1,28,0,1-2 Year,Yes,44169,26,14,1
1624,Female,44,1,30,0,1-2 Year,Yes,32131,26,21,0
1625,Male,22,1,8,1,< 1 Year,No,43531,152,204,0
1626,Female,25,1,14,1,< 1 Year,No,36817,152,89,0
1627,Female,32,1,3,0,< 1 Year,Yes,25944,124,19,1
1628,Female,21,1,49,1,< 1 Year,Yes,2630,160,31,0
1629,Male,45,1,28,0,1-2 Year,Yes,25741,26,12,1
1630,Female,20,1,8,1,< 1 Year,No,41017,160,182,0
1631,Male,70,1,31,0,1-2 Year,Yes,2630,9,88,0
1632,Male,33,1,47,0,1-2 Year,No,41654,154,11,0
1633,Female,23,1,50,1,< 1 Year,No,26721,151,156,0
1634,Female,39,1,46,0,1-2 Year,Yes,39945,124,119,0
1635,Male,53,1,8,1,1-2 Year,Yes,27473,26,63,0
1636,Male,44,1,15,0,1-2 Year,Yes,27591,154,62,0
1637,Male,48,1,46,0,1-2 Year,Yes,38133,11,170,0
1638,Male,43,1,28,0,1-2 Year,Yes,70409,26,277,0
1639,Male,26,1,36,1,< 1 Year,No,31580,152,290,0
1640,Female,47,1,28,1,1-2 Year,No,30798,13,41,0
1641,Female,24,1,47,1,< 1 Year,No,28218,152,90,0
1642,Female,47,1,41,1,1-2 Year,No,42080,124,62,0
1643,Male,31,1,41,1,< 1 Year,No,38679,152,289,0
1644,Male,75,1,38,0,1-2 Year,Yes,2630,124,290,1
1645,Male,44,1,46,1,1-2 Year,Yes,31779,124,143,0
1646,Male,71,1,28,0,1-2 Year,Yes,51924,122,112,0
1647,Female,64,1,45,0,1-2 Year,Yes,25458,26,55,0
1648,Male,38,1,46,0,> 2 Years,Yes,2630,156,172,0
1649,Male,46,1,36,1,1-2 Year,No,27280,124,251,0
1650,Female,32,1,35,0,< 1 Year,Yes,32707,152,11,1
1651,Female,25,1,36,1,< 1 Year,No,35614,152,288,0
1652,Male,46,1,29,0,1-2 Year,Yes,2630,156,30,1
1653,Male,56,1,28,1,1-2 Year,No,27055,26,130,0
1654,Female,71,1,18,1,1-2 Year,No,51266,124,200,0
1655,Male,52,1,28,0,1-2 Year,Yes,51373,26,286,0
1656,Male,57,1,18,0,1-2 Year,Yes,33439,124,63,0
1657,Female,21,1,28,1,< 1 Year,No,73269,152,259,0
1658,Male,25,1,34,0,< 1 Year,No,25293,152,34,0
1659,Female,65,1,28,1,1-2 Year,No,34963,111,251,0
1660,Female,31,1,28,0,< 1 Year,Yes,45607,154,28,0
1661,Male,53,1,28,1,1-2 Year,No,30516,124,269,0
1662,Female,26,1,30,1,< 1 Year,No,29425,152,279,0
1663,Male,25,1,12,1,< 1 Year,No,55663,152,232,0
1664,Male,24,1,41,1,< 1 Year,No,24484,152,207,0
1665,Male,48,1,28,0,1-2 Year,Yes,24653,124,74,1
1666,Male,69,1,8,1,1-2 Year,Yes,65671,30,79,0
1667,Male,41,1,28,0,1-2 Year,Yes,38634,124,164,0
1668,Male,39,1,28,0,1-2 Year,Yes,54985,26,170,1
1669,Male,39,1,28,0,1-2 Year,Yes,2630,122,269,1
1670,Female,71,1,15,1,1-2 Year,No,40369,122,162,0
1671,Female,32,1,28,1,< 1 Year,No,40606,152,148,0
1672,Female,25,1,47,1,< 1 Year,No,2630,152,193,0
1673,Male,48,1,14,1,1-2 Year,No,31685,26,293,0
1674,Female,23,1,46,1,< 1 Year,No,28965,152,215,0
1675,Male,29,1,41,1,< 1 Year,No,19896,152,147,0
1676,Female,38,1,30,1,1-2 Year,No,29384,152,92,0
1677,Female,23,1,8,0,< 1 Year,Yes,2630,160,135,0
1678,Female,37,1,35,1,1-2 Year,No,2630,156,76,0
1679,Male,42,1,47,1,1-2 Year,No,36960,26,285,0
1680,Male,67,1,28,0,1-2 Year,No,35943,154,12,0
1681,Male,23,1,14,1,< 1 Year,No,25383,152,131,0
1682,Male,75,1,30,1,1-2 Year,No,23823,26,133,0
1683,Female,35,1,9,1,1-2 Year,No,24752,124,181,0
1684,Female,21,1,3,1,< 1 Year,No,46902,160,148,0
1685,Female,24,1,6,1,< 1 Year,No,22631,152,195,0
1686,Female,42,1,28,1,1-2 Year,No,34696,122,200,0
1687,Female,24,1,11,1,< 1 Year,No,27490,152,259,0
1688,Female,31,1,46,0,< 1 Year,Yes,24200,152,21,0
1689,Female,22,1,1,1,< 1 Year,No,2630,152,112,0
1690,Female,25,1,28,1,< 1 Year,No,36571,152,223,1
1691,Male,24,1,29,1,< 1 Year,Yes,36615,26,219,0
1692,Female,36,1,50,1,1-2 Year,Yes,25210,154,199,0
1693,Female,22,1,41,0,1-2 Year,Yes,2630,163,121,0
1694,Male,23,1,21,1,< 1 Year,No,20209,152,139,0
1695,Female,27,1,15,1,< 1 Year,No,49331,152,235,0
1696,Female,23,1,8,0,< 1 Year,Yes,29395,152,293,0
1697,Female,20,1,35,1,< 1 Year,No,31387,160,120,0
1698,Male,31,1,3,0,1-2 Year,Yes,2630,156,186,0
1699,Female,63,1,28,1,1-2 Year,No,34253,26,44,0
1700,Male,24,1,39,0,< 1 Year,No,40233,157,45,0
1701,Female,23,1,21,1,< 1 Year,No,24548,152,160,0
1702,Female,38,1,46,0,1-2 Year,Yes,37036,26,110,1
1703,Female,38,1,46,0,1-2 Year,Yes,2630,157,157,1
1704,Male,55,1,14,1,1-2 Year,No,36194,26,246,0
1705,Female,25,1,29,0,< 1 Year,Yes,32292,152,83,0
1706,Male,33,1,21,0,< 1 Year,Yes,2630,152,113,0
1707,Female,21,1,28,1,< 1 Year,No,36329,152,238,0
1708,Female,23,1,18,1,< 1 Year,No,33483,152,88,0
1709,Female,24,1,46,1,< 1 Year,No,25052,152,291,0
1710,Female,51,1,21,0,1-2 Year,Yes,2630,124,234,0
1711,Female,41,1,39,0,1-2 Year,Yes,48964,26,206,0
1712,Male,43,1,15,0,1-2 Year,Yes,37005,124,27,0
1713,Female,24,1,21,1,< 1 Year,No,29845,152,290,0
1714,Male,58,1,28,0,> 2 Years,Yes,31221,122,249,0
1715,Male,37,1,28,0,1-2 Year,Yes,31501,124,106,0
1716,Female,31,1,15,1,< 1 Year,No,41254,152,163,0
1717,Female,28,1,11,1,< 1 Year,No,26121,152,95,0
1718,Female,68,1,41,0,1-2 Year,Yes,32140,26,243,1
1719,Female,24,1,36,0,< 1 Year,Yes,32869,152,38,0
1720,Female,25,1,37,1,< 1 Year,No,43831,152,162,0
1721,Male,70,1,38,0,1-2 Year,Yes,2630,26,187,0
1722,Male,38,1,6,1,1-2 Year,No,27604,152,169,0
1723,Female,31,1,28,0,< 1 Year,Yes,62114,124,52,1
1724,Male,23,1,9,0,< 1 Year,Yes,42894,152,283,1
1725,Male,53,1,8,0,1-2 Year,Yes,31365,124,189,0
1726,Female,22,1,24,1,< 1 Year,No,21578,152,293,0
1727,Female,22,1,36,0,< 1 Year,No,40577,152,142,0
1728,Male,39,1,36,0,1-2 Year,Yes,2630,26,198,1
1729,Male,38,1,28,0,1-2 Year,Yes,2630,156,200,0
1730,Female,21,1,18,0,< 1 Year,No,29844,152,291,1
1731,Female,24,1,46,1,< 1 Year,No,2630,152,134,0
1732,Female,22,1,21,1,< 1 Year,No,23766,152,16,0
1733,Male,24,1,37,0,< 1 Year,Yes,36242,152,46,0
1734,Female,26,1,18,1,< 1 Year,No,26457,152,142,0
1735,Male,48,1,28,0,> 2 Years,Yes,43167,124,201,0
1736,Female,22,1,36,1,< 1 Year,No,31642,152,214,0
1737,Female,23,1,27,0,< 1 Year,Yes,2630,151,47,0
1738,Male,22,1,49,0,< 1 Year,Yes,33062,152,210,0
1739,Female,25,1,45,0,< 1 Year,Yes,27232,152,58,0
1740,Male,46,1,28,1,1-2 Year,No,38070,13,260,0
1741,Female,35,1,28,1,1-2 Year,No,29279,152,141,0
1742,Male,44,1,28,1,1-2 Year,No,47868,26,71,0
1743,Male,21,1,41,0,< 1 Year,Yes,36704,152,191,0
1744,Female,25,1,41,1,< 1 Year,No,31787,152,59,0
1745,Male,46,1,35,0,1-2 Year,Yes,40281,26,36,1
1746,Male,54,1,28,0,1-2 Year,Yes,41196,13,23,0
1747,Male,54,1,8,0,1-2 Year,Yes,80354,124,140,0
1748,Female,24,1,47,0,< 1 Year,Yes,22222,151,21,0
1749,Male,34,1,24,0,1-2 Year,Yes,2630,157,239,0
1750,Female,54,1,28,0,> 2 Years,Yes,30398,122,288,0
1751,Male,49,1,46,0,> 2 Years,Yes,30029,124,280,0
1752,Male,28,1,28,0,1-2 Year,Yes,27458,26,102,1
1753,Female,46,1,28,1,1-2 Year,No,26470,124,168,0
1754,Female,41,1,28,1,1-2 Year,No,2630,55,69,0
1755,Male,45,1,28,0,> 2 Years,Yes,34842,26,121,1
1756,Female,23,1,50,1,< 1 Year,No,36633,152,125,0
1757,Male,37,1,28,0,1-2 Year,Yes,50521,124,47,0
1758,Female,22,1,47,0,< 1 Year,Yes,23537,152,153,0
1759,Male,50,1,28,1,1-2 Year,No,28054,124,291,0
1760,Female,42,1,46,0,1-2 Year,Yes,25915,160,227,0
1761,Female,23,1,23,1,< 1 Year,No,33005,152,32,0
1762,Female,27,1,48,1,< 1 Year,No,2630,152,220,0
1763,Male,24,1,15,1,< 1 Year,No,33808,152,83,0
1764,Male,45,1,50,1,1-2 Year,No,37170,120,237,0
1765,Male,45,1,48,0,1-2 Year,Yes,2630,124,162,0
1766,Male,24,1,27,0,< 1 Year,Yes,24146,152,160,0
1767,Male,51,1,24,1,1-2 Year,No,30147,26,289,0
1768,Female,31,1,11,0,1-2 Year,Yes,34173,26,274,1
1769,Male,49,1,28,0,1-2 Year,Yes,39059,26,250,0
1770,Male,45,1,50,0,1-2 Year,Yes,31691,25,92,0
1771,Female,69,1,50,0,> 2 Years,Yes,36966,8,215,0
1772,Male,23,1,21,1,< 1 Year,No,46047,152,145,0
1773,Male,27,1,11,1,< 1 Year,No,33675,152,157,1
1774,Male,21,1,18,0,< 1 Year,Yes,36086,152,186,0
1775,Male,21,1,15,0,< 1 Year,Yes,33842,160,102,0
1776,Male,66,1,11,1,1-2 Year,No,2630,26,188,0
1777,Male,40,1,28,1,1-2 Year,No,2630,124,209,0
1778,Male,24,1,25,1,< 1 Year,No,23308,152,290,0
1779,Male,23,1,20,0,< 1 Year,No,2630,152,210,0
1780,Female,33,1,8,0,1-2 Year,Yes,31244,155,118,0
1781,Female,28,1,50,1,< 1 Year,No,28587,152,173,0
1782,Female,44,1,28,0,> 2 Years,Yes,2630,26,53,0
1783,Female,24,1,15,1,< 1 Year,Yes,44688,152,146,0
1784,Male,80,1,45,1,1-2 Year,No,31667,26,107,0
1785,Female,45,1,45,0,1-2 Year,Yes,31905,26,133,0
1786,Female,36,1,29,1,1-2 Year,No,29046,124,28,0
1787,Female,36,1,28,0,1-2 Year,Yes,52056,124,162,0
1788,Male,49,1,33,0,1-2 Year,No,39908,124,102,0
1789,Male,44,1,41,0,1-2 Year,Yes,2630,30,286,0
1790,Male,25,1,8,1,< 1 Year,No,84319,152,235,0
1791,Male,57,1,27,0,1-2 Year,No,2630,152,248,0
1792,Male,38,1,29,0,1-2 Year,Yes,2630,124,237,0
1793,Male,63,1,8,0,1-2 Year,Yes,2630,26,270,0
1794,Male,55,1,8,1,1-2 Year,No,36997,26,229,0
1795,Male,24,1,8,0,< 1 Year,Yes,59347,152,255,0
1796,Male,45,1,28,1,1-2 Year,No,35269,26,294,0
1797,Female,26,1,10,1,< 1 Year,No,17196,152,129,0
1798,Male,28,1,33,0,1-2 Year,Yes,2630,26,60,0
1799,Male,32,1,45,1,< 1 Year,No,35297,152,92,0
1800,Male,24,1,28,1,< 1 Year,No,73824,152,58,0
1801,Female,25,1,8,1,< 1 Year,No,31243,160,277,0
1802,Male,53,1,8,0,1-2 Year,Yes,2630,124,210,1
1803,Female,31,1,3,1,< 1 Year,No,28339,152,156,0
1804,Male,46,1,29,0,1-2 Year,No,18861,124,32,0
1805,Female,26,1,14,1,< 1 Year,No,2630,152,66,0
1806,Male,43,1,8,0,1-2 Year,Yes,43338,124,87,0
1807,Male,47,1,35,0,1-2 Year,Yes,2630,26,136,0
1808,Male,25,1,29,1,< 1 Year,No,38644,152,284,0
1809,Male,26,1,15,0,< 1 Year,Yes,37616,152,220,0
1810,Female,32,1,46,1,1-2 Year,No,35942,11,39,0
1811,Male,22,1,8,0,< 1 Year,Yes,26690,152,12,1
1812,Female,38,1,28,0,1-2 Year,Yes,39239,26,270,1
1813,Male,23,1,3,1,< 1 Year,No,19704,160,28,0
1814,Female,24,1,8,1,< 1 Year,No,29866,152,215,0
1815,Female,34,1,46,0,1-2 Year,Yes,27048,124,282,1
1816,Female,72,1,8,1,1-2 Year,No,60867,26,109,0
1817,Female,21,1,8,0,1-2 Year,Yes,50277,154,195,0
1818,Male,22,1,47,0,< 1 Year,No,30242,152,24,0
1819,Female,44,1,28,0,1-2 Year,Yes,31134,156,29,0
1820,Female,25,1,17,1,< 1 Year,No,2630,152,214,0
1821,Male,54,1,28,0,1-2 Year,Yes,33978,122,220,0
1822,Male,45,1,30,0,1-2 Year,Yes,28195,26,229,1
1823,Female,25,1,27,1,< 1 Year,No,23874,152,193,0
1824,Male,67,1,28,0,> 2 Years,Yes,51716,124,10,0
1825,Male,52,1,8,0,1-2 Year,No,2630,26,297,0
1826,Female,21,1,36,0,< 1 Year,Yes,38199,152,293,0
1827,Male,43,1,28,1,1-2 Year,No,27876,26,231,0
1828,Male,26,1,8,1,< 1 Year,No,37124,160,47,0
1829,Female,27,1,8,1,< 1 Year,No,45292,152,268,0
1830,Female,25,1,41,1,< 1 Year,No,44166,152,192,0
1831,Female,24,1,24,0,< 1 Year,Yes,2630,152,80,0
1832,Female,37,1,31,0,1-2 Year,No,2630,26,259,0
1833,Female,38,1,30,0,1-2 Year,Yes,2630,124,32,0
1834,Male,46,1,28,0,1-2 Year,Yes,44592,26,78,1
1835,Male,25,1,9,0,< 1 Year,Yes,35527,152,17,1
1836,Male,41,1,15,1,1-2 Year,No,37956,14,90,0
1837,Male,21,1,30,0,< 1 Year,Yes,29674,160,188,0
1838,Male,40,1,3,0,1-2 Year,Yes,32089,124,163,0
1839,Female,35,1,47,0,1-2 Year,Yes,2630,156,57,0
1840,Female,22,1,21,1,< 1 Year,No,36759,152,137,0
1841,Male,20,1,15,0,< 1 Year,No,47190,160,169,0
1842,Male,53,1,8,0,1-2 Year,Yes,32255,26,241,0
1843,Female,28,1,8,1,< 1 Year,No,2630,152,199,0
1844,Female,46,1,28,1,1-2 Year,No,42653,124,121,0
1845,Male,41,1,28,0,> 2 Years,Yes,47513,26,65,1
1846,Male,23,1,6,1,< 1 Year,No,24608,152,190,0
1847,Female,55,1,28,0,1-2 Year,Yes,2630,26,67,0
1848,Female,28,1,28,1,< 1 Year,No,24807,152,299,0
1849,Male,24,1,28,1,< 1 Year,No,2630,152,157,0
1850,Male,63,1,28,0,1-2 Year,Yes,26966,26,86,1
1851,Female,42,1,41,0,1-2 Year,No,2630,124,18,0
1852,Female,22,1,30,1,< 1 Year,No,25149,152,176,0
1853,Female,55,1,45,0,1-2 Year,Yes,2630,157,258,1
1854,Male,58,1,28,1,1-2 Year,No,28233,60,56,0
1855,Male,53,1,8,0,1-2 Year,Yes,42971,26,62,0
1856,Male,55,1,28,0,1-2 Year,Yes,39376,26,35,1
1857,Male,43,1,28,0,1-2 Year,Yes,36982,124,227,0
1858,Female,42,1,39,0,1-2 Year,Yes,2630,156,278,0
1859,Female,48,1,28,0,1-2 Year,Yes,55642,124,280,1
1860,Male,48,1,28,0,1-2 Year,Yes,38660,26,256,0
1861,Female,24,1,51,1,< 1 Year,No,40111,152,215,0
1862,Female,23,1,29,1,< 1 Year,No,29418,152,117,0
1863,Female,41,1,28,1,1-2 Year,No,27569,60,299,0
1864,Male,24,1,7,1,< 1 Year,No,22921,152,162,0
1865,Male,46,1,12,0,1-2 Year,Yes,26129,124,44,0
1866,Female,25,1,11,1,< 1 Year,No,18046,152,10,0
1867,Male,54,1,28,0,1-2 Year,Yes,2630,163,57,1
1868,Male,28,1,28,0,< 1 Year,Yes,34503,152,169,0
1869,Female,60,1,9,1,1-2 Year,No,2630,26,270,0
1870,Male,31,1,11,1,< 1 Year,No,31544,152,33,0
1871,Male,23,1,8,0,< 1 Year,No,39961,160,141,0
1872,Female,31,1,8,0,< 1 Year,Yes,28796,152,76,0
1873,Male,45,1,28,1,1-2 Year,No,34529,26,15,0
1874,Female,25,1,18,0,< 1 Year,Yes,32391,152,202,0
1875,Male,25,1,28,1,< 1 Year,Yes,44338,152,52,0
1876,Male,75,1,23,1,1-2 Year,No,25139,122,250,0
1877,Female,21,1,29,1,< 1 Year,No,37813,152,266,0
1878,Female,56,1,28,0,1-2 Year,No,26714,156,66,0
1879,Female,28,1,8,1,< 1 Year,No,26183,152,183,0
1880,Female,34,1,28,1,1-2 Year,Yes,26192,124,72,0
1881,Male,34,1,8,1,1-2 Year,No,2630,124,62,0
1882,Male,40,1,8,1,1-2 Year,No,39066,124,81,0
1883,Male,21,1,46,0,< 1 Year,Yes,25085,160,196,0
1884,Male,33,1,30,1,< 1 Year,No,2630,152,186,0
1885,Female,34,1,30,0,1-2 Year,Yes,2630,152,259,0
1886,Female,45,1,41,1,1-2 Year,No,2630,26,292,0
1887,Female,73,1,28,0,1-2 Year,Yes,46712,24,17,0
1888,Male,26,1,6,1,< 1 Year,No,28729,152,234,0
1889,Female,42,1,28,0,1-2 Year,Yes,47641,124,268,1
1890,Male,56,1,24,1,1-2 Year,No,35837,124,175,0
1891,Female,22,1,41,1,< 1 Year,No,30741,152,105,0
1892,Male,39,1,39,0,1-2 Year,Yes,2630,124,193,0
1893,Male,53,1,28,0,1-2 Year,Yes,44591,26,204,0
1894,Female,21,1,8,0,< 1 Year,Yes,43202,152,117,0
1895,Female,24,1,10,1,< 1 Year,No,25504,152,203,0
1896,Male,50,1,28,1,1-2 Year,No,31378,124,273,0
1897,Female,21,1,46,1,< 1 Year,No,22249,152,86,0
1898,Female,32,1,24,1,< 1 Year,No,2630,152,75,0
1899,Female,71,1,8,0,1-2 Year,Yes,56842,26,171,0
1900,Female,27,1,37,0,< 1 Year,Yes,46711,152,189,0
1901,Male,64,1,9,1,1-2 Year,No,32274,124,97,0
1902,Male,61,1,28,0,> 2 Years,Yes,52476,125,113,1
1903,Female,36,1,41,1,1-2 Year,No,37228,152,260,0
1904,Male,43,1,28,0,1-2 Year,No,59801,26,292,0
1905,Male,52,1,15,0,1-2 Year,Yes,2630,124,112,0
1906,Female,21,1,8,1,< 1 Year,No,53984,160,26,0
1907,Male,22,1,34,0,< 1 Year,Yes,22401,152,289,0
1908,Female,41,1,46,1,1-2 Year,No,2630,124,180,0
1909,Female,40,1,39,1,1-2 Year,No,37505,124,227,0
1910,Female,26,1,3,1,< 1 Year,No,25952,152,74,0
1911,Male,70,1,28,0,1-2 Year,Yes,34226,25,290,1
1912,Male,21,1,33,1,< 1 Year,No,28692,152,65,0
1913,Male,26,1,11,0,< 1 Year,No,2630,152,123,0
1914,Female,26,1,28,1,< 1 Year,No,18916,152,105,0
1915,Male,32,1,28,0,1-2 Year,Yes,24179,163,213,0
1916,Male,33,1,43,0,< 1 Year,Yes,59329,124,122,0
1917,Female,24,1,21,0,< 1 Year,Yes,34089,152,258,0
1918,Male,61,1,30,1,1-2 Year,No,2630,124,156,0
1919,Female,65,1,8,0,> 2 Years,Yes,39029,155,183,0
1920,Female,20,1,39,0,< 1 Year,Yes,32398,160,243,0
1921,Female,42,1,28,1,1-2 Year,No,24343,124,148,0
1922,Male,23,1,16,1,< 1 Year,No,28210,152,269,0
1923,Female,56,1,31,0,< 1 Year,No,2630,1,114,0
1924,Female,67,1,33,1,1-2 Year,No,32539,26,54,0
1925,Female,45,1,8,0,1-2 Year,Yes,36169,26,187,1
1926,Male,52,1,28,0,1-2 Year,Yes,43760,26,79,0
1927,Male,26,1,28,1,< 1 Year,No,26525,152,54,0
1928,Female,24,1,15,0,< 1 Year,No,39041,152,189,0
1929,Male,59,1,28,0,1-2 Year,Yes,47339,122,199,0
1930,Female,22,1,8,0,< 1 Year,No,2630,160,67,0
1931,Male,38,1,8,1,1-2 Year,No,2630,19,142,0
1932,Female,26,1,28,1,< 1 Year,No,29206,152,281,0
1933,Female,24,1,28,1,< 1 Year,No,70074,152,85,0
1934,Female,65,1,29,0,1-2 Year,Yes,23534,124,141,1
1935,Female,46,1,28,1,1-2 Year,No,27433,124,274,0
1936,Male,41,1,46,1,1-2 Year,No,29878,154,74,0
1937,Male,59,1,3,1,1-2 Year,No,25086,26,182,0
1938,Male,21,1,10,0,< 1 Year,Yes,37118,160,39,0
1939,Female,23,1,47,1,< 1 Year,Yes,29495,26,224,0
1940,Male,28,1,3,1,< 1 Year,No,24405,152,71,0
1941,Male,63,1,28,1,1-2 Year,No,60160,124,186,0
1942,Male,24,1,41,1,< 1 Year,No,30630,152,269,0
1943,Female,33,1,28,0,1-2 Year,Yes,29253,124,246,1
1944,Male,64,1,28,1,1-2 Year,No,29497,152,99,0
1945,Male,61,1,11,1,1-2 Year,No,25443,155,110,0
1946,Male,40,1,28,0,1-2 Year,Yes,41940,124,258,0
1947,Male,51,1,46,0,1-2 Year,Yes,30295,124,195,0
1948,Male,21,1,41,0,< 1 Year,Yes,36695,160,238,0
1949,Male,46,1,48,0,1-2 Year,Yes,2630,154,79,0
1950,Male,28,1,27,1,< 1 Year,No,2630,152,162,0
1951,Male,44,1,48,0,> 2 Years,Yes,2630,124,213,0
1952,Female,27,1,36,1,< 1 Year,No,31716,152,16,0
1953,Male,23,1,36,0,< 1 Year,No,37879,152,296,0
1954,Female,21,1,46,0,< 1 Year,Yes,30387,160,151,0
1955,Male,54,1,28,0,1-2 Year,Yes,2630,26,180,1
1956,Male,22,1,15,1,< 1 Year,No,34912,152,142,0
1957,Female,24,1,37,0,< 1 Year,Yes,32198,151,220,0
1958,Female,54,1,48,0,1-2 Year,Yes,2630,26,79,0
1959,Female,24,1,8,1,< 1 Year,No,29404,152,285,0
1960,Female,35,1,36,0,1-2 Year,Yes,2630,156,162,0
1961,Male,24,1,10,1,< 1 Year,No,40536,152,170,0
1962,Female,34,1,4,1,< 1 Year,No,2630,1,288,0
1963,Female,29,1,36,0,< 1 Year,Yes,2630,152,163,0
1964,Female,26,1,32,1,< 1 Year,No,31471,152,150,0
1965,Female,23,1,41,0,< 1 Year,Yes,24722,152,212,0
1966,Male,32,1,30,0,< 1 Year,Yes,2630,152,56,1
1967,Female,74,1,28,0,1-2 Year,Yes,2630,125,107,0
1968,Female,22,1,4,0,< 1 Year,Yes,44878,152,226,0
1969,Male,78,1,4,1,1-2 Year,No,31643,26,283,0
1970,Male,46,1,8,0,1-2 Year,No,37833,154,42,0
1971,Female,66,1,18,0,1-2 Year,Yes,50992,26,201,0
1972,Male,63,1,8,1,1-2 Year,No,36345,26,271,0
1973,Male,23,1,36,1,< 1 Year,No,37946,152,76,0
1974,Male,68,1,28,1,1-2 Year,No,45682,122,15,0
1975,Female,24,1,28,1,< 1 Year,No,23812,152,189,0
1976,Male,60,1,15,0,> 2 Years,Yes,37024,124,120,0
1977,Male,24,1,21,1,< 1 Year,No,30595,152,108,0
1978,Male,45,1,24,0,1-2 Year,Yes,28690,150,15,0
1979,Male,27,1,30,1,< 1 Year,No,38472,152,198,0
1980,Male,22,1,41,1,< 1 Year,No,24560,160,53,0
1981,Male,40,1,28,0,1-2 Year,Yes,34041,124,50,1
1982,Male,23,1,33,1,< 1 Year,No,26665,152,88,0
1983,Male,23,1,6,1,< 1 Year,No,23073,152,27,0
1984,Female,48,1,28,1,1-2 Year,No,31466,26,292,0
1985,Female,49,1,28,0,1-2 Year,Yes,2630,26,252,0
1986,Female,24,1,15,1,< 1 Year,Yes,31659,152,298,0
1987,Male,47,1,3,0,1-2 Year,No,26706,124,138,0
1988,Male,66,1,8,0,1-2 Year,Yes,33504,155,193,0
1989,Male,75,1,8,0,1-2 Year,Yes,44437,26,81,0
1990,Male,58,1,28,0,1-2 Year,Yes,51903,122,251,0
1991,Female,24,1,3,1,< 1 Year,No,17595,152,49,0
1992,Female,32,1,15,0,1-2 Year,Yes,35289,154,116,0
1993,Female,32,1,47,1,< 1 Year,No,24274,152,42,0
1994,Male,46,1,46,1,1-2 Year,No,28515,124,193,0
1995,Female,23,1,41,0,1-2 Year,Yes,43246,124,226,0
1996,Male,28,1,3,1,< 1 Year,No,28616,152,110,0
1997,Female,31,1,15,1,< 1 Year,No,27428,152,105,0
1998,Female,70,1,28,0,1-2 Year,Yes,45710,26,175,0
1999,Female,35,1,8,1,1-2 Year,No,34327,4,109,0
2000,Male,40,1,30,0,1-2 Year,Yes,2630,156,120,0
2001,Male,25,1,24,1,< 1 Year,No,31400,152,255,0
2002,Female,34,1,43,0,1-2 Year,Yes,2630,156,134,0
2003,Female,32,1,3,0,1-2 Year,Yes,22598,155,18,1
2004,Female,40,1,18,0,1-2 Year,Yes,24365,26,119,0
2005,Female,25,1,28,1,< 1 Year,No,25156,152,41,0
2006,Male,20,1,15,0,< 1 Year,Yes,34278,160,78,0
2007,Female,25,1,41,1,< 1 Year,No,35865,152,55,0
2008,Male,47,1,23,0,1-2 Year,Yes,41793,124,154,1
2009,Male,64,1,28,0,1-2 Year,Yes,68901,124,157,0
2010,Male,47,1,28,0,1-2 Year,Yes,32504,26,144,0
2011,Male,48,1,0,0,1-2 Year,Yes,2630,3,177,1
2012,Male,37,1,46,0,1-2 Year,Yes,23695,26,201,0
2013,Male,44,1,28,0,1-2 Year,Yes,45077,156,26,0
2014,Male,53,1,12,0,1-2 Year,Yes,25850,26,164,0
2015,Male,25,1,18,1,< 1 Year,No,29886,152,176,0
2016,Male,57,1,21,0,> 2 Years,Yes,40960,124,56,0
2017,Male,41,1,8,1,1-2 Year,No,30449,26,79,0
2018,Male,32,1,28,0,1-2 Year,Yes,2630,124,245,1
2019,Female,24,1,23,1,< 1 Year,No,2630,152,40,0
2020,Male,47,1,7,0,1-2 Year,Yes,2630,26,20,1
2021,Female,69,1,28,0,1-2 Year,Yes,36157,122,148,0
2022,Female,23,1,7,1,< 1 Year,No,42920,152,90,0
2023,Male,40,1,28,0,1-2 Year,Yes,43713,26,291,0
2024,Female,29,1,28,0,< 1 Year,No,2630,1,200,0
2025,Male,46,1,8,0,1-2 Year,Yes,39019,124,120,0
2026,Female,37,1,15,0,1-2 Year,Yes,27491,14,177,0
2027,Male,43,1,28,0,> 2 Years,Yes,35082,26,185,0
2028,Male,21,1,33,1,< 1 Year,No,35878,152,42,0
2029,Female,25,1,30,0,< 1 Year,Yes,2630,26,125,0
2030,Male,34,1,28,0,1-2 Year,No,25829,154,154,0
2031,Female,42,1,45,0,1-2 Year,Yes,24316,124,190,0
2032,Male,51,1,28,0,1-2 Year,Yes,45925,124,161,1
2033,Male,43,1,46,0,> 2 Years,Yes,28547,124,69,1
2034,Male,45,1,28,0,1-2 Year,Yes,45013,26,60,0
2035,Female,69,1,15,0,1-2 Year,Yes,50446,26,266,1
2036,Male,23,1,15,0,< 1 Year,Yes,30151,152,268,0
2037,Male,38,1,8,0,1-2 Year,Yes,2630,26,129,0
2038,Male,45,1,16,0,1-2 Year,Yes,22795,124,283,0
2039,Male,26,1,11,1,< 1 Year,No,35934,152,174,0
2040,Female,24,1,41,1,< 1 Year,No,24074,152,82,0
2041,Female,22,1,30,0,< 1 Year,Yes,23984,152,262,0
2042,Female,25,1,46,1,< 1 Year,No,24436,152,115,0
2043,Male,51,1,28,0,> 2 Years,Yes,28356,26,221,1
2044,Male,50,1,15,0,> 2 Years,Yes,29434,26,74,0
2045,Male,50,1,24,0,< 1 Year,No,2630,1,22,0
2046,Male,26,1,11,1,< 1 Year,No,29628,152,246,0
2047,Male,25,1,3,0,< 1 Year,Yes,27696,152,285,0
2048,Male,49,1,7,0,1-2 Year,Yes,52388,26,229,1
2049,Male,76,1,28,1,1-2 Year,No,53510,124,37,0
2050,Male,64,1,29,1,1-2 Year,Yes,40403,26,142,0
2051,Male,38,1,28,0,1-2 Year,Yes,31408,124,162,1
2052,Male,22,1,28,0,< 1 Year,Yes,49225,152,270,0
2053,Male,22,1,8,0,< 1 Year,Yes,35291,152,199,0
2054,Female,22,1,33,1,< 1 Year,No,30100,152,67,0
2055,Male,30,1,28,0,< 1 Year,Yes,30431,156,18,1
2056,Female,23,1,46,1,< 1 Year,No,36320,152,85,0
2057,Female,43,1,41,0,1-2 Year,Yes,33996,124,85,1
2058,Female,40,1,41,0,1-2 Year,Yes,35331,109,264,0
2059,Female,23,1,29,1,< 1 Year,No,35291,152,24,0
2060,Male,57,1,28,1,1-2 Year,No,27515,26,74,0
2061,Female,63,1,7,0,> 2 Years,Yes,81063,124,272,0
2062,Female,44,1,47,0,1-2 Year,Yes,28217,26,270,0
2063,Female,51,1,28,0,1-2 Year,Yes,33777,124,162,0
2064,Female,35,1,28,0,1-2 Year,Yes,52605,124,252,0
2065,Female,24,1,47,1,< 1 Year,No,33683,152,162,0
2066,Male,68,1,28,0,1-2 Year,Yes,2630,156,273,0
2067,Female,45,1,28,0,1-2 Year,Yes,47076,122,161,1
2068,Female,34,1,33,0,1-2 Year,Yes,36235,124,281,1
2069,Female,23,1,32,0,< 1 Year,No,24711,152,299,0
2070,Male,73,1,28,0,1-2 Year,Yes,33762,26,122,1
2071,Male,69,1,28,0,1-2 Year,Yes,40125,26,267,0
2072,Female,36,1,28,1,1-2 Year,No,53847,152,296,0
2073,Female,33,1,17,0,< 1 Year,Yes,2630,154,43,0
2074,Male,58,1,41,0,1-2 Year,Yes,38589,136,97,0
2075,Male,33,1,28,0,1-2 Year,Yes,41453,163,196,0
2076,Female,46,1,41,1,1-2 Year,No,44198,124,136,0
2077,Male,27,1,10,1,< 1 Year,No,26569,152,31,0
2078,Female,44,1,28,0,1-2 Year,Yes,33144,26,219,0
2079,Male,23,1,30,1,< 1 Year,No,24391,152,74,0
2080,Female,25,1,13,1,< 1 Year,No,29946,152,143,0
2081,Male,42,1,3,1,1-2 Year,Yes,35542,124,236,0
2082,Female,25,1,22,1,< 1 Year,No,25117,152,57,0
2083,Female,42,1,19,0,1-2 Year,Yes,2630,26,19,1
2084,Male,38,1,28,1,1-2 Year,No,2630,26,271,0
2085,Male,21,1,28,1,< 1 Year,No,40421,152,132,0
2086,Male,80,1,46,1,1-2 Year,No,27128,26,90,0
2087,Female,29,1,28,1,< 1 Year,No,39342,152,288,0
2088,Male,29,1,46,0,< 1 Year,Yes,31223,152,245,0
2089,Female,30,1,41,0,< 1 Year,Yes,33701,154,213,0
2090,Female,45,1,46,0,1-2 Year,Yes,29419,124,194,0
2091,Male,22,1,6,0,< 1 Year,No,19436,152,199,0
2092,Male,46,1,28,0,1-2 Year,Yes,33432,26,236,1
2093,Male,22,1,8,1,< 1 Year,No,21900,160,227,0
2094,Female,23,1,21,1,< 1 Year,No,2630,152,14,0
2095,Female,24,1,6,1,< 1 Year,No,22881,152,225,0
2096,Female,51,1,35,0,1-2 Year,Yes,2630,26,260,1
2097,Male,40,1,28,0,1-2 Year,Yes,68718,124,256,0
2098,Male,20,1,34,1,< 1 Year,No,2630,160,167,0
2099,Male,44,1,28,0,1-2 Year,Yes,34623,124,71,0
2100,Male,22,1,3,1,< 1 Year,No,16056,160,194,0
2101,Male,25,1,14,1,< 1 Year,No,59651,152,230,0
2102,Male,39,1,8,0,1-2 Year,Yes,24160,124,144,1
2103,Male,46,1,15,1,1-2 Year,No,28329,154,178,0
2104,Male,43,1,28,0,> 2 Years,Yes,42186,26,42,1
2105,Male,23,1,8,1,< 1 Year,No,23727,152,293,0
2106,Male,25,1,8,0,< 1 Year,Yes,63347,152,249,0
2107,Female,32,1,17,0,1-2 Year,Yes,23046,124,33,1
2108,Male,29,1,11,1,< 1 Year,No,25811,152,183,0
2109,Male,43,1,28,0,1-2 Year,Yes,27381,163,44,1
2110,Female,55,1,28,0,1-2 Year,Yes,56261,26,77,0
2111,Male,58,1,46,1,1-2 Year,No,33172,11,210,0
2112,Male,44,1,8,0,1-2 Year,Yes,42971,26,230,0
2113,Male,73,1,28,1,1-2 Year,No,50254,26,75,0
2114,Male,25,1,2,1,< 1 Year,No,27131,152,189,0
2115,Male,45,1,29,1,1-2 Year,No,67786,124,252,0
2116,Female,20,1,36,1,< 1 Year,No,29193,160,224,0
2117,Female,24,1,15,0,< 1 Year,Yes,35052,152,33,0
2118,Male,23,1,8,1,< 1 Year,No,32313,151,26,0
2119,Male,26,1,29,1,< 1 Year,No,25135,152,144,0
2120,Female,49,1,41,0,1-2 Year,Yes,37477,124,233,0
2121,Male,30,1,50,0,< 1 Year,No,2630,1,239,0
2122,Female,52,1,31,0,1-2 Year,Yes,2630,154,138,0
2123,Female,43,1,28,0,1-2 Year,Yes,2630,16,128,1
2124,Male,31,1,29,1,1-2 Year,No,37616,26,218,0
2125,Male,45,1,20,1,1-2 Year,No,2630,157,237,0
2126,Female,25,1,28,1,< 1 Year,No,76543,152,237,0
2127,Female,20,1,5,0,< 1 Year,Yes,2630,160,213,0
2128,Male,44,1,28,1,1-2 Year,No,44224,92,237,0
2129,Female,47,1,28,0,1-2 Year,Yes,51990,124,186,0
2130,Male,70,1,26,1,1-2 Year,No,27888,22,219,0
2131,Female,24,1,32,0,< 1 Year,Yes,38544,152,98,0
2132,Male,50,1,38,0,1-2 Year,Yes,34841,156,146,1
2133,Female,33,1,28,0,< 1 Year,Yes,39001,26,277,0
2134,Male,75,1,41,1,1-2 Year,No,32132,26,127,0
2135,Male,28,1,17,1,< 1 Year,No,29737,152,238,0
2136,Male,63,1,15,0,1-2 Year,No,37539,124,247,0
2137,Male,29,1,29,0,< 1 Year,Yes,36677,152,73,0
2138,Male,48,1,28,1,1-2 Year,No,35911,26,288,0
2139,Male,24,1,14,1,< 1 Year,No,16288,152,236,0
2140,Female,24,1,50,1,< 1 Year,No,48532,152,96,0
2141,Male,49,1,50,0,1-2 Year,Yes,33283,8,126,1
2142,Male,34,1,50,0,1-2 Year,Yes,2630,157,187,0
2143,Male,45,1,28,0,1-2 Year,Yes,33537,26,72,1
2144,Male,47,1,46,0,> 2 Years,Yes,33461,26,281,0
2145,Male,32,1,33,0,< 1 Year,Yes,61507,124,81,0
2146,Male,53,1,28,0,1-2 Year,Yes,2630,26,192,1
2147,Female,26,1,28,0,< 1 Year,Yes,41069,152,216,0
2148,Male,24,1,47,1,< 1 Year,No,29291,152,226,0
2149,Female,23,1,3,1,< 1 Year,No,29495,152,116,0
2150,Female,41,1,28,0,1-2 Year,Yes,24496,124,177,0
2151,Female,25,1,28,1,< 1 Year,No,44689,152,240,0
2152,Male,22,1,22,0,< 1 Year,Yes,27191,152,167,0
2153,Male,38,1,48,1,1-2 Year,Yes,2630,52,30,0
2154,Male,54,1,24,0,> 2 Years,Yes,31847,26,124,0
2155,Male,34,1,4,0,1-2 Year,Yes,16254,157,20,1
2156,Male,48,1,28,0,> 2 Years,Yes,40105,25,40,1
2157,Male,21,1,8,0,< 1 Year,Yes,49232,160,189,0
2158,Male,25,1,29,1,< 1 Year,No,30413,152,39,0
2159,Male,33,1,41,0,< 1 Year,Yes,2630,124,198,0
2160,Female,60,1,8,1,1-2 Year,No,57111,7,123,0
2161,Male,66,1,8,0,1-2 Year,Yes,35236,26,108,1
2162,Male,24,1,29,1,< 1 Year,No,48456,152,188,0
2163,Female,40,1,45,0,1-2 Year,Yes,2630,154,125,0
2164,Female,23,1,2,0,< 1 Year,Yes,22902,152,74,0
2165,Male,25,1,39,1,< 1 Year,No,26290,151,135,0
2166,Female,23,1,8,1,< 1 Year,No,35706,152,104,0
2167,Male,21,1,36,0,< 1 Year,No,42926,160,36,1
2168,Male,34,1,4,0,< 1 Year,No,30112,26,52,0
2169,Female,27,1,8,1,< 1 Year,No,39800,152,164,0
2170,Male,23,1,3,1,< 1 Year,No,22487,160,182,0
2171,Male,41,1,29,0,1-2 Year,No,29241,124,130,0
2172,Female,55,1,47,0,> 2 Years,Yes,45095,124,160,0
2173,Male,43,1,41,0,1-2 Year,Yes,21058,26,221,0
2174,Female,25,1,3,1,< 1 Year,No,27996,152,211,0
2175,Female,22,1,50,1,< 1 Year,Yes,50754,152,129,0
2176,Male,41,1,28,0,1-2 Year,No,2630,61,37,0
2177,Male,79,1,40,0,1-2 Year,Yes,26630,26,17,1
2178,Female,25,1,8,0,< 1 Year,No,49630,152,180,0
2179,Male,25,1,28,0,< 1 Year,Yes,45399,152,125,0
2180,Female,31,1,35,1,< 1 Year,No,32448,152,75,0
2181,Female,77,1,24,1,1-2 Year,No,35384,26,124,0
2182,Female,25,1,30,0,< 1 Year,Yes,29397,152,29,0
2183,Female,27,1,28,0,1-2 Year,Yes,2630,156,32,0
2184,Female,74,1,28,0,1-2 Year,No,69856,26,176,0
2185,Male,25,1,28,1,< 1 Year,No,2630,152,245,0
2186,Male,24,1,25,1,< 1 Year,No,36570,152,250,0
2187,Male,76,1,28,1,1-2 Year,No,32859,26,205,0
2188,Male,51,1,48,1,1-2 Year,No,2630,124,101,0
2189,Male,27,1,45,0,< 1 Year,Yes,2630,152,32,0
2190,Male,41,1,28,0,1-2 Year,Yes,47967,4,260,0
2191,Male,20,1,2,0,< 1 Year,Yes,36753,160,281,0
2192,Female,28,1,50,0,< 1 Year,Yes,43792,152,183,0
2193,Male,54,1,28,1,1-2 Year,No,31881,26,131,0
2194,Male,23,1,8,1,< 1 Year,No,30778,151,191,0
2195,Female,69,1,8,0,1-2 Year,Yes,83666,3,288,0
2196,Female,38,1,28,0,1-2 Year,Yes,36475,13,104,0
2197,Male,49,1,8,0,1-2 Year,No,35708,7,292,0
2198,Male,33,1,41,1,< 1 Year,No,34373,152,219,0
2199,Male,30,1,28,0,< 1 Year,Yes,2630,158,147,0
2200,Female,29,1,10,1,< 1 Year,No,26700,152,14,0
2201,Female,23,1,3,1,< 1 Year,Yes,20569,160,160,0
2202,Female,29,1,11,0,< 1 Year,No,31687,152,116,0
2203,Female,36,1,28,0,1-2 Year,No,42310,124,267,0
2204,Female,41,1,28,0,1-2 Year,Yes,42393,26,137,0
2205,Male,52,1,45,1,1-2 Year,No,2630,26,293,0
2206,Male,24,1,48,0,1-2 Year,Yes,2630,26,256,1
2207,Female,21,1,7,1,< 1 Year,No,54289,152,184,0
2208,Female,61,1,39,1,1-2 Year,No,37700,26,253,0
2209,Male,50,1,43,0,1-2 Year,No,28083,156,23,0
2210,Male,60,1,46,0,1-2 Year,Yes,26097,11,225,0
2211,Female,21,1,46,1,< 1 Year,No,2630,152,275,0
2212,Female,60,1,48,1,1-2 Year,No,2630,124,44,0
2213,Female,24,1,8,0,< 1 Year,No,57147,152,117,0
2214,Male,79,1,28,1,1-2 Year,No,35948,26,55,0
2215,Male,54,1,28,0,1-2 Year,Yes,40205,26,48,1
2216,Female,26,1,3,1,< 1 Year,No,25886,152,108,0
2217,Male,55,1,28,0,1-2 Year,Yes,47646,4,196,0
2218,Male,50,1,28,1,1-2 Year,No,31728,124,250,0
2219,Male,25,1,8,1,< 1 Year,No,68115,152,131,0
2220,Female,64,1,28,1,1-2 Year,No,45546,52,12,0
2221,Female,25,1,8,0,< 1 Year,No,28832,152,19,0
2222,Female,33,1,14,0,1-2 Year,Yes,2630,156,81,0
2223,Female,40,1,28,0,1-2 Year,Yes,48055,26,99,0
2224,Male,64,1,18,0,1-2 Year,Yes,41136,26,190,0
2225,Female,55,1,47,0,1-2 Year,Yes,37008,26,282,0
2226,Female,45,1,28,0,1-2 Year,Yes,50120,13,258,1
2227,Male,38,1,23,0,1-2 Year,Yes,2630,157,14,0
2228,Male,76,1,28,1,1-2 Year,No,73424,26,210,0
2229,Male,73,1,28,0,1-2 Year,Yes,2630,125,280,0
2230,Male,42,1,8,1,1-2 Year,No,23804,31,144,0
2231,Female,24,1,13,1,< 1 Year,No,23019,152,97,0
2232,Male,28,1,49,0,1-2 Year,Yes,26996,156,136,1
2233,Female,25,1,30,1,< 1 Year,No,26333,152,94,0
2234,Male,61,1,36,0,1-2 Year,Yes,37590,30,223,0
2235,Female,30,1,8,0,1-2 Year,No,2630,124,236,0
2236,Female,49,1,28,1,1-2 Year,No,41169,26,223,0
2237,Female,75,1,15,0,1-2 Year,Yes,46254,14,264,0
2238,Male,30,1,21,1,1-2 Year,No,40972,124,291,0
2239,Female,25,1,37,0,< 1 Year,Yes,24924,152,171,0
2240,Female,23,1,10,1,< 1 Year,No,26527,152,59,0
2241,Female,25,1,12,1,< 1 Year,No,21361,152,170,0
2242,Male,56,1,30,0,1-2 Year,Yes,40197,124,90,0
2243,Female,48,1,40,0,1-2 Year,Yes,33565,26,202,0
2244,Female,37,1,24,0,1-2 Year,Yes,36046,124,229,0
2245,Female,38,1,50,1,1-2 Year,No,34937,124,26,0
2246,Male,64,1,16,0,> 2 Years,Yes,35934,124,264,1
2247,Female,23,1,46,1,< 1 Year,No,38500,152,275,0
2248,Male,29,1,28,0,1-2 Year,No,30241,37,216,0
2249,Male,58,1,28,0,1-2 Year,Yes,38821,26,213,0
2250,Female,64,1,48,0,1-2 Year,Yes,2630,26,105,0
2251,Female,71,1,3,0,1-2 Year,Yes,37181,124,262,0
2252,Male,25,1,15,0,< 1 Year,Yes,34334,152,274,0
2253,Female,21,1,46,1,< 1 Year,No,35303,160,254,0
2254,Male,32,1,41,1,1-2 Year,No,36353,12,180,0
2255,Male,26,1,16,1,< 1 Year,No,2630,160,257,0
2256,Male,24,1,33,1,< 1 Year,No,30474,152,291,0
2257,Female,25,1,23,1,< 1 Year,No,27285,152,201,0
2258,Female,66,1,8,0,1-2 Year,Yes,33995,7,220,0
2259,Female,33,1,8,1,< 1 Year,No,36748,152,167,0
2260,Female,55,1,1,0,> 2 Years,Yes,2630,26,72,1
2261,Female,53,1,8,0,1-2 Year,No,45663,124,20,0
2262,Male,25,1,8,1,< 1 Year,No,33425,152,38,0
2263,Male,22,1,30,1,< 1 Year,No,25887,152,50,0
2264,Female,38,1,39,0,1-2 Year,Yes,2630,154,204,1
2265,Male,21,1,33,1,< 1 Year,No,37796,152,200,0
2266,Male,25,1,28,0,1-2 Year,Yes,70880,163,93,1
2267,Male,39,1,37,1,1-2 Year,No,2630,26,257,0
2268,Female,52,1,28,0,> 2 Years,Yes,40952,26,170,0
2269,Female,38,1,29,0,1-2 Year,Yes,2630,157,284,0
2270,Male,42,1,28,1,1-2 Year,No,27664,26,48,0
2271,Female,25,1,11,1,< 1 Year,No,38980,152,262,0
2272,Male,47,1,28,0,1-2 Year,Yes,45384,124,110,0
2273,Female,33,1,7,0,1-2 Year,Yes,2630,26,231,0
2274,Female,22,1,50,1,< 1 Year,No,28248,152,271,0
2275,Female,64,1,28,1,1-2 Year,No,38111,26,63,0
2276,Male,60,1,28,1,1-2 Year,No,39013,124,166,0
2277,Male,64,1,37,0,> 2 Years,Yes,2630,156,76,0
2278,Male,38,1,8,1,1-2 Year,No,37336,7,248,0
2279,Male,22,1,16,0,< 1 Year,No,28442,152,186,0
2280,Male,49,1,30,1,1-2 Year,No,25460,124,279,0
2281,Male,27,1,8,1,< 1 Year,No,42952,152,71,0
2282,Male,42,1,2,0,1-2 Year,Yes,26906,157,125,0
2283,Male,24,1,39,1,< 1 Year,No,39135,152,96,0
2284,Female,31,1,13,0,< 1 Year,Yes,31151,152,114,0
2285,Male,37,1,8,0,1-2 Year,Yes,31777,124,61,0
2286,Female,27,1,8,1,< 1 Year,No,59246,152,262,0
2287,Female,71,1,28,0,> 2 Years,Yes,34735,26,151,0
2288,Female,66,1,46,0,1-2 Year,Yes,2630,156,142,0
2289,Male,44,1,28,0,> 2 Years,Yes,48604,26,47,0
2290,Male,69,1,3,0,> 2 Years,Yes,19067,154,254,0
2291,Male,27,1,28,1,< 1 Year,No,22833,152,219,0
2292,Male,28,1,32,1,< 1 Year,No,24657,160,207,0
2293,Female,38,1,4,1,1-2 Year,No,38951,152,34,0
2294,Female,25,1,21,1,< 1 Year,No,27519,152,43,0
2295,Male,42,1,8,0,1-2 Year,Yes,57149,124,282,1
2296,Male,54,1,15,0,1-2 Year,Yes,27350,124,54,0
2297,Male,36,1,11,0,1-2 Year,Yes,48850,124,35,0
2298,Male,27,1,47,0,< 1 Year,Yes,27622,152,217,0
2299,Male,49,1,30,1,1-2 Year,No,27841,26,132,0
2300,Male,42,1,28,0,1-2 Year,Yes,35495,124,295,1
2301,Male,53,1,28,0,> 2 Years,Yes,44746,124,187,0
2302,Male,41,1,19,0,1-2 Year,No,27755,61,105,0
2303,Female,24,1,2,1,< 1 Year,No,28775,152,166,0
2304,Male,73,1,28,0,1-2 Year,Yes,30420,122,167,0
2305,Female,44,1,28,0,1-2 Year,Yes,48741,26,184,1
2306,Female,33,1,36,0,1-2 Year,No,38618,124,280,1
2307,Male,39,1,28,0,> 2 Years,Yes,2630,157,212,0
2308,Male,21,1,15,0,< 1 Year,Yes,30533,160,187,0
2309,Male,22,1,15,0,< 1 Year,No,37373,152,54,0
2310,Female,23,1,15,1,< 1 Year,No,23688,152,186,0
2311,Female,25,1,30,1,< 1 Year,No,26452,152,31,0
2312,Female,24,1,41,1,< 1 Year,No,48543,152,94,0
2313,Female,27,1,12,0,< 1 Year,Yes,36007,152,237,0
2314,Male,47,1,11,0,1-2 Year,Yes,27241,124,150,1
2315,Male,42,1,39,0,1-2 Year,Yes,2630,154,204,1
2316,Male,32,1,11,1,< 1 Year,No,37513,152,261,0
2317,Male,64,1,35,0,1-2 Year,Yes,2630,26,25,0
2318,Female,23,1,6,1,< 1 Year,No,34846,152,299,0
2319,Male,33,1,8,0,< 1 Year,Yes,41618,154,144,1
2320,Male,45,1,41,0,1-2 Year,Yes,31262,106,21,1
2321,Female,27,1,50,1,< 1 Year,No,56392,152,137,0
2322,Male,59,1,47,0,> 2 Years,Yes,17071,16,256,1
2323,Female,65,1,0,0,> 2 Years,Yes,2630,26,151,0
2324,Female,23,1,41,1,< 1 Year,No,23916,152,250,0
2325,Male,24,1,46,0,< 1 Year,No,29730,152,231,0
2326,Male,61,1,41,0,1-2 Year,Yes,26952,124,146,0
2327,Male,40,1,28,0,1-2 Year,Yes,46861,124,234,0
2328,Female,23,1,35,1,< 1 Year,No,31960,152,175,0
2329,Male,24,1,36,0,< 1 Year,Yes,52011,151,245,0
2330,Male,35,1,49,0,1-2 Year,Yes,2630,163,202,1
2331,Female,20,1,46,1,< 1 Year,No,32216,160,38,0
2332,Male,36,1,8,1,1-2 Year,No,29159,124,41,0
2333,Male,32,1,47,0,1-2 Year,Yes,38517,157,245,0
2334,Female,22,1,25,1,< 1 Year,No,27857,152,93,0
2335,Male,51,1,29,0,1-2 Year,Yes,29234,124,252,0
2336,Female,51,1,28,0,1-2 Year,Yes,50522,26,193,0
2337,Male,47,1,8,1,1-2 Year,No,2630,124,37,0
2338,Female,78,1,36,1,1-2 Year,No,2630,26,11,0
2339,Female,42,1,28,0,1-2 Year,Yes,28768,24,207,0
2340,Male,46,1,8,1,1-2 Year,Yes,38996,124,248,0
2341,Male,73,1,28,0,1-2 Year,Yes,32921,125,35,0
2342,Female,22,1,17,1,< 1 Year,No,2630,152,117,0
2343,Male,32,1,8,0,1-2 Year,Yes,2630,156,143,0
2344,Male,70,0,28,0,1-2 Year,Yes,51176,26,281,1
2345,Female,31,1,28,0,< 1 Year,No,2630,1,48,0
2346,Male,48,1,28,0,1-2 Year,No,22863,26,147,0
2347,Male,48,1,8,0,1-2 Year,Yes,33445,26,221,1
2348,Male,25,1,29,0,1-2 Year,Yes,23272,124,211,0
2349,Male,42,1,7,1,1-2 Year,No,26397,124,112,0
2350,Male,39,1,35,0,1-2 Year,Yes,30949,154,109,0
2351,Female,39,1,28,0,1-2 Year,Yes,2630,26,103,0
2352,Female,22,1,11,0,< 1 Year,Yes,2630,156,118,0
2353,Male,27,1,11,1,< 1 Year,No,52803,152,146,0
2354,Male,30,1,23,0,1-2 Year,Yes,2630,156,63,1
2355,Male,77,1,50,1,1-2 Year,No,42327,124,10,0
2356,Male,23,1,50,1,< 1 Year,No,25117,152,56,0
2357,Male,23,1,29,1,< 1 Year,No,30427,152,121,0
2358,Male,54,1,33,0,1-2 Year,Yes,38402,29,60,0
2359,Female,52,1,18,1,1-2 Year,No,42753,122,93,0
2360,Male,42,1,22,0,1-2 Year,Yes,29603,26,191,1
2361,Male,26,1,28,1,< 1 Year,No,36789,152,216,0
2362,Female,45,1,20,1,1-2 Year,No,2630,124,19,0
2363,Female,22,1,15,0,< 1 Year,Yes,38089,152,112,0
2364,Female,24,1,32,1,< 1 Year,No,18593,152,224,0
2365,Female,24,1,6,1,< 1 Year,No,31677,152,155,0
2366,Male,57,1,9,0,1-2 Year,Yes,2630,157,29,1
2367,Female,26,1,50,1,< 1 Year,No,34402,152,128,0
2368,Male,23,1,11,1,< 1 Year,No,2630,152,56,0
2369,Male,48,1,28,0,1-2 Year,Yes,47712,26,264,1
2370,Male,56,1,28,0,1-2 Year,Yes,50448,26,121,0
2371,Female,22,1,50,0,< 1 Year,Yes,64196,152,53,0
2372,Female,23,1,50,1,< 1 Year,No,27304,152,141,0
2373,Female,78,1,28,1,1-2 Year,No,58963,26,123,0
2374,Female,20,1,46,0,< 1 Year,Yes,29929,160,298,0
2375,Female,57,1,50,0,1-2 Year,Yes,2630,8,103,0
2376,Female,64,1,28,0,1-2 Year,No,39797,26,200,0
2377,Female,23,1,10,1,< 1 Year,No,16113,152,148,0
2378,Female,64,1,28,0,1-2 Year,Yes,39327,122,45,0
2379,Female,41,1,28,1,1-2 Year,No,37852,26,32,0
2380,Female,25,1,15,0,< 1 Year,Yes,31531,152,226,0
2381,Female,31,1,48,1,1-2 Year,No,2630,15,231,0
2382,Male,25,1,17,1,< 1 Year,No,39553,152,109,0
2383,Female,23,1,20,0,< 1 Year,Yes,2630,152,89,0
2384,Female,21,1,11,1,< 1 Year,No,30513,152,222,0
2385,Male,23,1,47,0,< 1 Year,Yes,34403,152,127,1
2386,Male,53,1,9,0,1-2 Year,Yes,41587,124,179,0
2387,Female,40,1,28,0,1-2 Year,Yes,27992,124,96,1
2388,Female,36,1,28,1,1-2 Year,No,46624,55,38,0
2389,Female,32,1,28,1,< 1 Year,No,27673,152,136,0
2390,Male,33,1,0,1,1-2 Year,No,2630,9,31,0
2391,Male,52,1,13,0,1-2 Year,Yes,31733,124,42,0
2392,Male,30,1,18,1,< 1 Year,No,37631,152,117,0
2393,Female,22,1,8,0,< 1 Year,No,43789,152,169,0
2394,Female,41,1,28,0,1-2 Year,Yes,44956,26,243,0
2395,Male,73,1,28,0,1-2 Year,Yes,54037,26,107,1
2396,Male,40,1,45,0,1-2 Year,No,23251,152,118,0
2397,Female,27,1,50,1,< 1 Year,No,43645,152,163,0
2398,Female,23,1,50,0,< 1 Year,Yes,47585,152,202,0
2399,Female,50,1,28,0,1-2 Year,Yes,38716,26,132,0
2400,Female,23,1,17,0,< 1 Year,No,2630,152,82,0
2401,Female,79,1,8,0,1-2 Year,Yes,47402,152,274,0
2402,Male,38,1,41,0,> 2 Years,Yes,2630,157,180,0
2403,Female,34,1,19,0,1-2 Year,Yes,2630,156,184,1
2404,Female,25,1,11,1,< 1 Year,No,31021,152,129,0
2405,Male,24,1,8,0,< 1 Year,Yes,53367,160,299,0
2406,Male,37,1,28,0,1-2 Year,Yes,41499,26,201,0
2407,Male,26,1,28,0,< 1 Year,Yes,46156,122,181,1
2408,Male,25,1,6,1,< 1 Year,No,16472,152,110,0
2409,Male,32,1,8,0,1-2 Year,Yes,2630,156,78,0
2410,Male,41,1,39,0,1-2 Year,No,33946,124,122,0
2411,Male,24,1,8,1,< 1 Year,No,31417,152,259,0
2412,Female,26,1,41,1,< 1 Year,No,22219,152,49,0
2413,Female,54,1,28,1,1-2 Year,No,41390,26,161,0
2414,Male,39,1,28,1,1-2 Year,No,39892,124,138,0
2415,Male,23,1,28,0,< 1 Year,Yes,61572,152,150,1
2416,Male,47,1,28,0,1-2 Year,Yes,30759,124,157,0
2417,Female,23,1,7,0,< 1 Year,Yes,2630,152,51,0
2418,Male,25,1,30,0,< 1 Year,No,40305,152,193,0
2419,Male,67,0,1,1,1-2 Year,No,2630,26,35,0
2420,Female,36,1,41,0,1-2 Year,Yes,35843,156,55,1
2421,Male,27,1,46,0,< 1 Year,Yes,23661,154,207,0
2422,Female,25,1,8,1,< 1 Year,No,48065,152,269,0
2423,Male,41,1,15,0,1-2 Year,Yes,28531,124,211,1
2424,Female,22,1,21,1,< 1 Year,No,23723,152,135,0
2425,Male,48,1,28,0,1-2 Year,Yes,40836,26,239,0
2426,Male,22,1,41,0,< 1 Year,Yes,40974,152,297,0
2427,Male,33,1,36,1,< 1 Year,No,38390,152,259,0
2428,Female,72,0,28,1,1-2 Year,No,37803,26,176,0
2429,Male,25,1,43,0,< 1 Year,Yes,22563,160,267,0
2430,Female,23,1,27,0,< 1 Year,Yes,29807,152,86,0
2431,Male,50,1,28,0,> 2 Years,Yes,53357,13,180,0
2432,Female,24,1,15,1,< 1 Year,No,38298,151,38,0
2433,Female,27,1,8,1,< 1 Year,No,25137,152,173,0
2434,Male,45,1,33,0,> 2 Years,Yes,32357,26,76,1
2435,Male,43,1,14,0,1-2 Year,Yes,2630,124,225,1
2436,Female,56,1,28,1,1-2 Year,Yes,37914,124,119,0
2437,Female,35,1,3,0,1-2 Year,Yes,2630,157,112,0
2438,Male,23,1,28,1,< 1 Year,No,34287,152,62,0
2439,Male,58,1,49,1,1-2 Year,No,2630,26,189,0
2440,Female,42,1,41,0,1-2 Year,Yes,2630,26,200,1
2441,Male,70,1,8,0,1-2 Year,Yes,49991,26,180,0
2442,Female,25,1,11,1,< 1 Year,No,34576,152,217,0
2443,Male,39,1,23,0,1-2 Year,Yes,27627,136,257,1
2444,Female,30,1,50,0,< 1 Year,Yes,2630,11,32,0
2445,Female,72,1,28,1,1-2 Year,No,51250,24,197,0
2446,Female,28,1,30,1,< 1 Year,No,26957,152,245,0
2447,Female,38,1,28,1,1-2 Year,No,28188,124,46,0
2448,Male,21,1,37,0,< 1 Year,Yes,32430,163,76,1
2449,Male,26,1,49,1,< 1 Year,No,43941,152,213,0
2450,Male,66,1,31,1,1-2 Year,Yes,2630,9,221,0
2451,Female,60,1,30,0,1-2 Year,Yes,24713,124,203,0
2452,Male,42,1,33,0,1-2 Year,No,34790,124,103,0
2453,Female,43,1,28,1,1-2 Year,No,37764,124,216,0
2454,Male,30,1,11,0,1-2 Year,Yes,26902,157,142,1
2455,Male,49,1,28,0,1-2 Year,Yes,62647,26,249,0
2456,Male,41,1,28,0,1-2 Year,Yes,32112,124,173,0
2457,Female,45,1,14,0,1-2 Year,Yes,36558,124,198,0
2458,Male,38,1,16,0,1-2 Year,Yes,2630,156,87,0
2459,Male,39,1,11,1,1-2 Year,No,2630,124,270,0
2460,Female,55,1,3,0,1-2 Year,Yes,24386,124,103,1
2461,Female,26,1,50,1,< 1 Year,No,39582,152,136,0
2462,Male,43,1,28,0,1-2 Year,Yes,43213,26,263,0
2463,Male,50,1,28,0,1-2 Year,No,41894,26,155,0
2464,Male,24,1,14,1,< 1 Year,No,29703,152,35,0
2465,Female,27,1,28,0,1-2 Year,Yes,34563,156,85,1
2466,Female,35,1,9,0,1-2 Year,Yes,41217,26,167,0
2467,Female,69,1,28,0,> 2 Years,Yes,63457,122,272,0
2468,Female,73,1,28,1,1-2 Year,No,34385,26,20,0
2469,Male,27,1,2,0,< 1 Year,Yes,21706,152,191,0
2470,Female,80,1,28,0,1-2 Year,Yes,32038,26,128,1
2471,Female,58,1,38,1,1-2 Year,No,2630,26,208,0
2472,Female,24,1,7,0,< 1 Year,Yes,42539,152,55,0
2473,Male,50,1,28,0,1-2 Year,Yes,42003,124,100,0
2474,Male,26,1,10,1,< 1 Year,No,22666,152,293,0
2475,Female,23,1,36,1,< 1 Year,No,22810,152,271,0
2476,Female,42,1,41,0,1-2 Year,Yes,27088,26,58,0
2477,Male,33,1,8,1,< 1 Year,No,23789,153,25,0
2478,Male,51,1,28,0,1-2 Year,Yes,45983,26,174,0
2479,Male,26,1,15,0,< 1 Year,Yes,38654,152,172,0
2480,Male,35,1,45,0,1-2 Year,Yes,32722,124,140,0
2481,Male,48,1,29,0,1-2 Year,No,34378,152,226,0
2482,Female,23,1,8,1,< 1 Year,No,26689,152,158,0
2483,Male,40,1,45,0,1-2 Year,Yes,24710,163,87,0
2484,Female,22,1,10,1,< 1 Year,No,27954,152,81,0
2485,Female,23,1,43,0,< 1 Year,Yes,2630,151,116,0
2486,Male,25,1,8,0,< 1 Year,Yes,2630,152,113,0
2487,Male,25,1,21,1,< 1 Year,No,26377,152,245,0
2488,Female,25,1,36,0,< 1 Year,Yes,31207,152,40,0
2489,Male,65,1,38,0,> 2 Years,Yes,34391,124,183,1
2490,Female,32,1,45,0,1-2 Year,Yes,2630,156,213,0
2491,Female,56,1,28,0,1-2 Year,Yes,37193,26,256,0
2492,Female,37,1,28,0,1-2 Year,Yes,52996,157,149,0
2493,Female,24,1,32,0,< 1 Year,Yes,31431,152,83,0
2494,Female,22,1,41,0,< 1 Year,Yes,18571,160,237,0
2495,Male,28,1,28,1,< 1 Year,No,37294,152,194,0
2496,Female,23,1,6,1,< 1 Year,No,25462,152,42,0
2497,Female,24,1,36,0,< 1 Year,Yes,34176,152,79,0
2498,Female,37,1,3,0,1-2 Year,Yes,31535,26,164,1
2499,Female,27,1,35,1,< 1 Year,No,30474,152,284,0
2500,Female,23,1,23,1,< 1 Year,No,24775,152,157,0
2501,Male,45,1,28,0,1-2 Year,Yes,40116,124,151,0
2502,Male,53,1,46,0,1-2 Year,Yes,49116,124,139,0
2503,Female,41,1,28,0,> 2 Years,Yes,47844,124,54,1
2504,Male,20,1,27,1,< 1 Year,No,32060,160,239,1
2505,Male,26,1,9,0,< 1 Year,Yes,32304,152,67,1
2506,Male,24,1,8,1,< 1 Year,No,66020,152,73,0
2507,Female,41,1,28,0,1-2 Year,Yes,32870,26,45,0
2508,Male,26,1,35,1,< 1 Year,No,28489,152,84,0
2509,Male,23,1,28,0,< 1 Year,No,58104,153,27,0
2510,Female,25,1,9,1,< 1 Year,No,34879,26,127,0
2511,Female,24,1,6,1,< 1 Year,No,20561,152,266,0
2512,Male,22,1,33,1,< 1 Year,No,22144,152,195,0
2513,Female,38,1,28,0,1-2 Year,Yes,49273,124,158,1
2514,Male,50,1,28,0,1-2 Year,Yes,37109,26,93,0
2515,Male,21,1,16,0,< 1 Year,No,16902,152,135,0
2516,Male,55,1,28,0,1-2 Year,Yes,51290,26,69,0
2517,Male,55,1,28,0,1-2 Year,Yes,48401,26,159,1
2518,Female,28,1,50,1,< 1 Year,No,28159,152,122,0
2519,Male,42,1,28,0,1-2 Year,Yes,58928,26,148,0
2520,Male,23,1,41,1,< 1 Year,No,59636,152,231,0
2521,Male,45,1,31,0,1-2 Year,Yes,2630,9,30,1
2522,Female,79,1,50,0,1-2 Year,No,2630,124,91,0
2523,Male,37,1,18,0,1-2 Year,Yes,2630,26,59,0
2524,Female,24,1,3,0,< 1 Year,Yes,2630,152,238,0
2525,Male,28,1,7,1,< 1 Year,No,33581,152,283,0
2526,Male,45,1,28,1,1-2 Year,No,63944,124,28,0
2527,Female,22,1,8,1,< 1 Year,No,29140,152,73,0
2528,Female,21,1,46,1,< 1 Year,No,23907,152,240,0
2529,Male,21,1,18,1,< 1 Year,No,38316,152,93,0
2530,Female,24,1,8,0,< 1 Year,Yes,2630,160,174,0
2531,Female,37,1,28,0,1-2 Year,Yes,24761,111,277,0
2532,Female,20,1,50,0,< 1 Year,Yes,32229,160,47,0
2533,Male,66,1,48,1,1-2 Year,No,2630,124,83,0
2534,Female,69,1,28,0,1-2 Year,Yes,47327,122,220,0
2535,Male,21,1,37,0,< 1 Year,Yes,33502,160,124,0
2536,Female,23,1,7,1,< 1 Year,No,31169,152,14,0
2537,Female,37,1,48,0,1-2 Year,Yes,2630,124,62,0
2538,Male,21,1,47,1,< 1 Year,No,41888,160,118,0
2539,Male,21,1,41,0,< 1 Year,Yes,2630,157,178,0
2540,Male,72,1,41,1,1-2 Year,No,24312,124,36,0
2541,Male,23,1,37,0,< 1 Year,Yes,36030,151,21,1
2542,Male,51,1,28,0,1-2 Year,Yes,66215,26,277,0
2543,Male,46,1,7,0,1-2 Year,No,36652,156,150,0
2544,Male,39,1,28,0,1-2 Year,Yes,31032,26,181,0
2545,Male,60,1,3,1,1-2 Year,No,28115,124,164,0
2546,Male,61,1,8,0,1-2 Year,Yes,36892,7,207,0
2547,Female,32,1,46,1,< 1 Year,No,32883,152,181,0
2548,Male,65,1,45,0,1-2 Year,Yes,39458,124,201,0
2549,Female,26,1,39,1,< 1 Year,No,2630,152,60,0
2550,Male,70,1,28,0,> 2 Years,Yes,69856,122,78,0
2551,Female,42,1,28,0,1-2 Year,Yes,25284,124,135,1
2552,Female,31,1,28,0,1-2 Year,Yes,28930,124,230,0
2553,Male,22,1,2,0,< 1 Year,Yes,27457,152,167,0
2554,Female,26,1,28,1,1-2 Year,No,34448,124,287,0
2555,Female,61,1,24,0,1-2 Year,Yes,49319,26,242,0
2556,Male,22,1,9,0,< 1 Year,Yes,41515,152,272,0
2557,Female,29,1,28,0,< 1 Year,Yes,37927,152,98,0
2558,Female,25,1,27,1,< 1 Year,No,27821,152,107,0
2559,Male,23,1,2,0,< 1 Year,Yes,33770,124,112,0
2560,Female,36,1,36,0,1-2 Year,Yes,31355,157,262,0
2561,Female,54,1,41,1,1-2 Year,No,89652,37,109,0
2562,Female,22,1,8,1,< 1 Year,No,42426,152,61,0
2563,Female,29,1,8,1,< 1 Year,No,48059,152,290,0
2564,Female,24,1,46,1,< 1 Year,No,22582,152,119,0
2565,Male,31,1,2,0,< 1 Year,No,34537,152,275,0
2566,Male,49,1,51,0,1-2 Year,Yes,44835,29,221,1
2567,Male,40,1,28,0,1-2 Year,Yes,40328,124,246,0
2568,Female,62,1,8,1,1-2 Year,No,35252,26,43,1
2569,Male,29,1,28,0,< 1 Year,Yes,28506,124,170,1
2570,Male,65,1,46,0,> 2 Years,Yes,38658,26,79,0
2571,Female,27,1,28,1,< 1 Year,No,50884,152,44,0
2572,Male,40,1,28,0,1-2 Year,Yes,40330,26,206,0
2573,Female,39,1,33,1,1-2 Year,No,37569,18,240,0
2574,Female,49,1,28,0,> 2 Years,Yes,64469,26,145,1
2575,Male,34,1,33,1,1-2 Year,No,29773,26,188,0
2576,Female,27,1,13,1,< 1 Year,No,2630,160,234,0
2577,Male,63,1,24,0,1-2 Year,Yes,27933,122,105,1
2578,Female,23,1,10,1,< 1 Year,No,26574,152,87,0
2579,Male,58,1,3,1,1-2 Year,No,22467,152,69,0
2580,Male,50,1,28,1,1-2 Year,No,38131,26,237,0
2581,Male,27,1,26,1,< 1 Year,No,2630,152,260,0
2582,Female,23,1,15,1,< 1 Year,No,40161,151,157,0
2583,Female,23,1,8,0,< 1 Year,Yes,35914,152,239,0
2584,Male,58,1,22,1,1-2 Year,No,2630,8,257,0
2585,Female,40,1,8,0,> 2 Years,Yes,55644,26,161,0
2586,Female,24,1,27,0,< 1 Year,No,37186,152,147,0
2587,Male,62,1,35,0,> 2 Years,Yes,44224,26,135,0
2588,Female,26,1,8,1,< 1 Year,No,57672,152,187,0
2589,Female,36,1,8,0,1-2 Year,Yes,35835,152,30,0
2590,Male,23,1,7,1,< 1 Year,No,37691,152,149,0
2591,Male,24,1,9,0,< 1 Year,Yes,33906,152,77,0
2592,Female,77,1,28,0,1-2 Year,Yes,28130,124,73,0
2593,Female,37,1,33,0,1-2 Year,Yes,35528,124,79,0
2594,Female,31,1,28,0,< 1 Year,No,58945,26,45,0
2595,Male,34,1,9,0,1-2 Year,Yes,26990,163,259,0
2596,Male,67,1,33,0,1-2 Year,Yes,2630,16,150,0
2597,Male,69,1,41,1,1-2 Year,No,2630,26,145,0
2598,Male,24,1,8,0,< 1 Year,Yes,44492,160,131,0
2599,Male,28,1,30,1,< 1 Year,No,25565,152,64,0
2600,Male,48,1,41,1,1-2 Year,No,31883,124,149,0
2601,Male,42,1,45,0,1-2 Year,Yes,21706,31,107,0
2602,Male,23,1,46,0,< 1 Year,Yes,31090,124,222,1
2603,Male,24,1,6,1,< 1 Year,No,49007,152,30,0
2604,Female,44,1,8,1,1-2 Year,No,50350,7,24,0
2605,Male,36,1,15,1,1-2 Year,No,2630,156,146,0
2606,Male,49,1,46,0,1-2 Year,Yes,16400,26,132,0
2607,Male,26,1,47,0,< 1 Year,No,46316,152,53,0
2608,Female,25,1,8,1,< 1 Year,No,41655,151,153,0
2609,Male,28,1,2,0,1-2 Year,Yes,40044,130,238,1
2610,Male,64,1,28,1,1-2 Year,No,48815,122,254,0
2611,Male,22,1,41,1,< 1 Year,No,23477,152,197,0
2612,Female,25,1,28,1,< 1 Year,No,27097,152,106,0
2613,Female,33,1,33,0,< 1 Year,No,30086,154,151,0
2614,Male,51,1,28,1,1-2 Year,No,45376,124,109,0
2615,Male,68,1,28,0,1-2 Year,Yes,2630,158,179,1
2616,Male,26,1,14,0,< 1 Year,Yes,35781,152,127,1
2617,Female,80,1,32,0,1-2 Year,Yes,46548,26,271,1
2618,Female,25,1,30,1,< 1 Year,No,33687,152,138,0
2619,Male,41,1,28,1,1-2 Year,No,31971,152,149,0
2620,Female,24,1,8,1,< 1 Year,No,47247,152,246,0
2621,Male,51,1,47,1,1-2 Year,No,32630,124,251,0
2622,Male,56,1,28,0,1-2 Year,Yes,53100,152,276,0
2623,Male,29,1,28,1,< 1 Year,No,45262,152,168,0
2624,Male,25,1,5,0,< 1 Year,Yes,26273,163,85,0
2625,Male,24,1,30,0,< 1 Year,Yes,20163,152,26,0
2626,Male,28,1,33,1,< 1 Year,No,2630,160,62,0
2627,Male,55,1,7,1,1-2 Year,Yes,37833,26,161,0
2628,Male,53,1,8,1,1-2 Year,No,46549,26,178,0
2629,Male,23,1,50,0,< 1 Year,No,26761,152,213,0
2630,Female,25,1,28,0,< 1 Year,No,229935,152,247,0
2631,Male,44,1,8,0,1-2 Year,Yes,57468,7,49,1
2632,Male,26,1,3,1,< 1 Year,No,26946,152,156,0
2633,Male,39,1,20,1,1-2 Year,No,2630,124,62,0
2634,Female,30,1,41,1,< 1 Year,No,37094,152,113,0
2635,Female,55,1,28,0,> 2 Years,Yes,37577,122,109,0
2636,Male,38,1,28,0,1-2 Year,Yes,32338,124,259,0
2637,Female,40,1,4,0,1-2 Year,Yes,36799,124,157,1
2638,Female,71,1,28,0,1-2 Year,Yes,59801,26,94,0
2639,Male,22,1,29,1,< 1 Year,No,29334,152,235,0
2640,Male,41,1,50,1,1-2 Year,No,31283,124,79,0
2641,Male,39,1,28,0,1-2 Year,Yes,33782,124,177,1
2642,Male,58,1,28,0,1-2 Year,Yes,55995,124,257,0
2643,Female,46,1,28,0,1-2 Year,Yes,41166,4,119,1
2644,Male,39,1,46,0,1-2 Year,No,40852,26,200,0
2645,Female,20,1,3,0,< 1 Year,Yes,29436,160,229,0
2646,Male,41,1,46,0,1-2 Year,Yes,31762,124,156,0
2647,Male,23,1,28,0,< 1 Year,No,37321,152,188,0
2648,Male,39,1,30,1,1-2 Year,No,27282,152,162,0
2649,Female,34,1,10,1,1-2 Year,No,24230,152,144,0
2650,Male,25,1,36,1,< 1 Year,No,34659,152,69,0
2651,Female,23,1,27,0,< 1 Year,No,33937,152,19,0
2652,Male,26,1,41,1,< 1 Year,No,25430,152,159,0
2653,Male,73,1,28,0,1-2 Year,Yes,37698,16,285,0
2654,Female,70,1,28,1,1-2 Year,No,53477,125,211,0
2655,Male,26,1,15,1,< 1 Year,No,26912,152,94,0
2656,Female,24,1,46,0,< 1 Year,Yes,33251,152,145,0
2657,Female,45,1,28,0,1-2 Year,Yes,39466,55,64,0
2658,Male,57,1,15,0,1-2 Year,Yes,43232,26,181,1
2659,Female,24,1,15,1,< 1 Year,Yes,32488,152,189,0
2660,Female,46,1,8,0,1-2 Year,Yes,43192,25,246,0
2661,Female,43,1,28,0,1-2 Year,Yes,29995,26,189,0
2662,Female,23,1,2,0,< 1 Year,Yes,24287,152,110,0
2663,Male,23,1,30,1,< 1 Year,No,34289,152,285,0
2664,Female,20,1,46,0,< 1 Year,No,2630,160,61,0
2665,Male,53,1,28,0,1-2 Year,Yes,28794,26,170,0
2666,Female,22,1,44,0,< 1 Year,Yes,2630,152,76,0
2667,Female,24,1,6,1,< 1 Year,Yes,20245,152,21,0
2668,Male,43,1,28,0,1-2 Year,Yes,47401,124,195,1
2669,Male,25,1,28,1,< 1 Year,No,40044,152,34,0
2670,Female,43,1,28,0,1-2 Year,Yes,41940,26,34,1
2671,Male,23,1,14,1,< 1 Year,Yes,29292,151,46,0
2672,Female,25,1,36,0,< 1 Year,Yes,39079,152,50,0
2673,Male,75,1,27,1,1-2 Year,No,27828,26,283,0
2674,Male,46,1,23,0,1-2 Year,Yes,38915,124,182,0
2675,Male,22,1,45,1,< 1 Year,No,27403,152,81,0
2676,Female,24,1,8,1,< 1 Year,No,32018,152,127,0
2677,Female,31,1,8,1,< 1 Year,No,51281,152,256,0
2678,Female,48,1,12,0,1-2 Year,Yes,25584,124,72,1
2679,Female,29,1,21,1,< 1 Year,No,37360,152,187,0
2680,Male,23,1,43,1,< 1 Year,No,28604,152,133,0
2681,Female,29,1,47,1,< 1 Year,No,23730,152,95,0
2682,Male,25,1,41,0,< 1 Year,Yes,33832,152,59,0
2683,Female,26,1,47,0,< 1 Year,Yes,2630,160,175,0
2684,Female,38,1,8,0,1-2 Year,Yes,41922,152,284,0
2685,Female,40,1,8,1,1-2 Year,No,30439,124,76,0
2686,Male,42,1,28,0,1-2 Year,Yes,31604,23,254,0
2687,Female,22,1,27,0,< 1 Year,Yes,29841,152,219,0
2688,Female,27,1,14,1,< 1 Year,No,20688,152,99,0
2689,Female,73,1,26,1,1-2 Year,No,32174,124,180,0
2690,Female,30,1,28,0,1-2 Year,Yes,36986,154,122,0
2691,Male,25,1,21,1,< 1 Year,No,33835,152,220,0
2692,Male,67,1,34,0,1-2 Year,Yes,35185,26,21,0
2693,Female,25,1,36,1,< 1 Year,No,23783,152,180,0
2694,Male,31,1,23,1,1-2 Year,Yes,2630,154,163,0
2695,Female,37,1,28,0,1-2 Year,Yes,2630,154,189,0
2696,Female,59,1,28,1,1-2 Year,No,37862,26,64,0
2697,Male,24,1,6,1,< 1 Year,No,35670,152,130,0
2698,Female,41,1,29,1,1-2 Year,No,28757,152,44,0
2699,Female,44,1,28,0,1-2 Year,Yes,40804,26,228,1
2700,Female,23,1,3,1,< 1 Year,No,57571,152,163,0
2701,Male,24,1,17,1,< 1 Year,No,2630,152,131,0
2702,Male,37,1,36,0,1-2 Year,Yes,32547,124,276,1
2703,Female,22,1,30,1,< 1 Year,No,34035,152,64,0
2704,Male,46,1,39,0,1-2 Year,Yes,26702,124,198,0
2705,Female,50,1,48,1,1-2 Year,No,2630,26,39,0
2706,Female,45,1,11,0,1-2 Year,Yes,32335,122,219,1
2707,Male,64,1,46,0,1-2 Year,Yes,33231,26,196,0
2708,Male,65,1,35,1,1-2 Year,No,30136,10,196,0
2709,Male,48,1,28,0,> 2 Years,Yes,31101,26,103,0
2710,Male,40,1,50,1,1-2 Year,Yes,35447,26,67,0
2711,Male,23,1,15,0,< 1 Year,No,38174,152,20,0
2712,Male,35,1,37,0,1-2 Year,Yes,34049,124,156,1
2713,Female,43,1,28,0,1-2 Year,Yes,33554,26,20,0
2714,Female,22,1,50,1,< 1 Year,No,30730,152,178,0
2715,Female,38,1,45,1,1-2 Year,No,54725,152,255,0
2716,Male,52,1,33,1,1-2 Year,No,24374,26,31,0
2717,Female,28,1,41,1,< 1 Year,No,27844,152,206,0
2718,Female,24,1,8,0,< 1 Year,Yes,28075,152,39,0
2719,Male,29,1,33,0,< 1 Year,Yes,39777,152,294,0
2720,Male,54,1,41,0,1-2 Year,Yes,44974,26,43,1
2721,Female,67,1,46,1,1-2 Year,Yes,35343,26,51,0
2722,Female,20,1,27,0,< 1 Year,Yes,23470,160,172,0
2723,Female,54,1,33,0,1-2 Year,Yes,39176,26,85,0
2724,Female,20,1,3,0,< 1 Year,Yes,26784,160,258,0
2725,Male,51,1,28,0,> 2 Years,Yes,46635,26,72,0
2726,Female,21,1,33,1,< 1 Year,No,27384,152,169,0
2727,Female,36,1,37,0,1-2 Year,Yes,24483,152,216,0
2728,Male,54,1,4,1,1-2 Year,No,2630,124,194,0
2729,Male,25,1,21,1,< 1 Year,No,27175,152,280,0
2730,Male,47,1,8,0,1-2 Year,Yes,24821,155,134,0
2731,Male,65,1,28,1,1-2 Year,No,34358,26,114,0
2732,Female,22,1,30,1,< 1 Year,No,24512,152,24,0
2733,Male,58,1,28,0,1-2 Year,Yes,52417,26,223,0
2734,Male,64,1,35,0,1-2 Year,Yes,50796,26,279,0
2735,Male,38,1,28,1,1-2 Year,No,31242,125,287,0
2736,Male,39,1,48,0,1-2 Year,Yes,2630,156,227,0
2737,Female,41,1,3,1,1-2 Year,No,25678,152,141,0
2738,Female,21,1,7,0,< 1 Year,Yes,39912,160,195,0
2739,Male,21,1,45,1,< 1 Year,No,41236,152,12,0
2740,Male,59,1,28,0,1-2 Year,Yes,2630,156,217,0
2741,Female,23,1,16,1,< 1 Year,No,20728,152,140,0
2742,Female,38,1,36,0,1-2 Year,Yes,38825,124,108,0
2743,Male,75,1,39,1,1-2 Year,No,40261,26,290,0
2744,Male,50,1,28,0,1-2 Year,Yes,47310,26,295,1
2745,Male,24,1,28,0,< 1 Year,Yes,90123,26,292,0
2746,Female,22,1,46,0,< 1 Year,No,24581,152,92,0
2747,Female,23,1,46,1,< 1 Year,No,25634,152,196,0
2748,Male,71,1,28,1,1-2 Year,Yes,48840,26,188,0
2749,Male,57,1,39,1,1-2 Year,No,30614,127,146,0
2750,Male,55,1,28,0,1-2 Year,Yes,59833,25,128,0
2751,Male,25,1,33,0,< 1 Year,Yes,32144,152,114,0
2752,Female,47,1,28,0,1-2 Year,Yes,65413,124,210,0
2753,Male,67,1,46,0,> 2 Years,Yes,30213,26,48,0
2754,Female,28,1,26,1,< 1 Year,No,64287,152,107,0
2755,Female,25,1,36,1,< 1 Year,No,27452,152,146,0
2756,Male,25,1,10,1,< 1 Year,No,31359,152,141,0
2757,Male,44,1,28,1,1-2 Year,No,25933,124,159,0
2758,Male,38,1,28,0,1-2 Year,Yes,29752,157,224,1
2759,Male,25,1,21,1,< 1 Year,No,29502,152,279,0
2760,Female,22,1,45,1,< 1 Year,No,30401,26,260,0
2761,Female,34,1,40,0,1-2 Year,Yes,37618,124,136,0
2762,Female,44,1,46,1,1-2 Year,Yes,22313,11,42,0
2763,Male,21,1,39,0,< 1 Year,No,28129,152,186,0
2764,Male,22,1,41,1,< 1 Year,No,2630,160,82,0
2765,Male,20,1,15,1,< 1 Year,No,36961,160,92,0
2766,Female,27,1,28,1,< 1 Year,No,33302,152,223,0
2767,Female,24,1,36,0,< 1 Year,Yes,56464,152,250,0
2768,Male,23,1,39,0,< 1 Year,Yes,36760,152,195,0
2769,Male,47,1,28,0,1-2 Year,Yes,2630,156,246,0
2770,Male,57,1,41,0,1-2 Year,Yes,21802,12,266,0
2771,Female,57,1,8,0,1-2 Year,Yes,52858,124,125,0
2772,Female,67,1,48,1,1-2 Year,No,2630,156,275,0
2773,Male,40,1,28,0,1-2 Year,No,45758,122,23,0
2774,Female,43,1,46,0,1-2 Year,Yes,2630,26,283,0
2775,Male,22,1,37,0,< 1 Year,Yes,32537,152,213,0
2776,Female,20,1,40,0,1-2 Year,Yes,31933,124,167,0
2777,Female,50,1,28,1,1-2 Year,No,40021,124,220,0
2778,Male,23,1,15,1,< 1 Year,No,30684,152,75,0
2779,Male,80,1,28,0,> 2 Years,Yes,53875,26,181,1
2780,Male,48,1,50,1,1-2 Year,No,38703,64,265,0
2781,Female,27,1,8,0,< 1 Year,Yes,31531,152,75,0
2782,Male,62,1,47,0,1-2 Year,Yes,37877,124,263,0
2783,Male,49,1,28,0,> 2 Years,Yes,46134,124,286,0
2784,Male,27,1,9,1,< 1 Year,No,34590,152,255,0
2785,Female,25,1,36,1,< 1 Year,No,34874,152,93,0
2786,Male,23,1,36,1,< 1 Year,No,34405,160,184,0
2787,Male,72,1,15,1,1-2 Year,No,45846,14,109,0
2788,Male,40,1,28,0,1-2 Year,Yes,31952,124,139,0
2789,Female,41,1,28,0,1-2 Year,Yes,49383,26,15,1
2790,Male,53,1,36,1,1-2 Year,No,34464,152,293,0
2791,Female,42,1,45,0,1-2 Year,Yes,33218,26,14,0
2792,Female,40,1,28,1,1-2 Year,No,30113,124,256,0
2793,Male,43,1,41,1,1-2 Year,No,28862,26,280,0
2794,Female,50,1,36,0,1-2 Year,No,2630,26,146,0
2795,Male,53,1,41,0,1-2 Year,Yes,33747,106,142,0
2796,Female,40,1,15,0,1-2 Year,Yes,2630,160,60,0
2797,Male,61,1,28,1,1-2 Year,No,46006,120,211,0
2798,Male,40,1,46,0,1-2 Year,Yes,34142,124,205,0
2799,Female,21,1,15,0,< 1 Year,Yes,32349,152,220,0
2800,Male,39,1,28,1,1-2 Year,No,2630,26,136,0
2801,Male,23,1,27,1,< 1 Year,No,20514,152,231,0
2802,Male,35,1,41,0,1-2 Year,No,30250,152,53,0
2803,Female,23,1,8,0,< 1 Year,Yes,2630,156,245,0
2804,Male,24,1,6,1,< 1 Year,No,26006,152,94,0
2805,Male,48,1,46,1,1-2 Year,No,32482,11,137,0
2806,Male,20,1,15,0,< 1 Year,Yes,31727,160,273,0
2807,Male,20,1,43,0,< 1 Year,Yes,30788,160,273,0
2808,Female,49,1,2,0,1-2 Year,No,2630,160,199,0
2809,Female,22,1,8,0,< 1 Year,Yes,35067,151,180,0
2810,Female,31,1,28,0,< 1 Year,No,35934,156,10,0
2811,Male,44,1,28,0,1-2 Year,Yes,50521,139,168,0
2812,Female,66,1,28,0,1-2 Year,Yes,30270,26,193,0
2813,Female,71,1,32,1,1-2 Year,No,2630,26,288,0
2814,Female,58,1,48,0,1-2 Year,Yes,2630,124,69,0
2815,Female,22,1,10,1,< 1 Year,No,14345,152,61,0
2816,Male,43,1,28,0,1-2 Year,Yes,60732,25,227,0
2817,Female,25,1,10,1,< 1 Year,No,23685,152,235,0
2818,Male,41,1,28,1,1-2 Year,No,29926,26,194,0
2819,Female,21,1,28,0,< 1 Year,No,29393,152,177,0
2820,Male,26,1,8,1,< 1 Year,No,44098,152,224,0
2821,Female,23,1,12,1,< 1 Year,No,18513,152,28,0
2822,Male,40,1,21,1,1-2 Year,No,31171,124,120,0
2823,Male,29,1,11,1,< 1 Year,No,26403,152,179,0
2824,Female,24,1,10,1,< 1 Year,No,26896,152,40,0
2825,Male,25,1,7,1,< 1 Year,No,2630,152,258,0
2826,Male,44,1,28,1,1-2 Year,No,37535,124,138,0
2827,Female,40,1,15,1,1-2 Year,No,24077,152,101,0
2828,Male,59,1,11,0,1-2 Year,Yes,42780,26,244,0
2829,Male,20,1,32,0,< 1 Year,Yes,35710,160,218,0
2830,Female,21,1,46,1,< 1 Year,No,36812,152,50,0
2831,Male,25,1,10,1,< 1 Year,No,2630,152,189,0
2832,Male,34,1,28,1,1-2 Year,No,25580,61,91,0
2833,Male,66,1,8,1,1-2 Year,No,51824,26,192,0
2834,Female,25,1,6,0,< 1 Year,Yes,28653,152,228,0
2835,Male,50,1,28,0,> 2 Years,Yes,58536,26,45,1
2836,Female,40,1,27,0,1-2 Year,Yes,26435,124,298,1
2837,Male,53,1,46,0,1-2 Year,Yes,52291,26,282,1
2838,Female,24,1,9,0,< 1 Year,Yes,45435,152,172,1
2839,Female,25,1,41,1,< 1 Year,No,27201,152,10,0
2840,Male,26,1,10,1,< 1 Year,No,24032,152,298,0
2841,Female,23,1,15,0,< 1 Year,No,22764,152,88,0
2842,Male,50,1,28,0,1-2 Year,Yes,36706,150,74,0
2843,Male,59,1,50,1,1-2 Year,No,48308,124,51,0
2844,Female,23,1,10,0,< 1 Year,No,2630,152,186,0
2845,Female,33,1,6,1,< 1 Year,No,2630,152,244,0
2846,Female,33,1,37,1,1-2 Year,No,35357,128,134,0
2847,Female,32,1,8,0,< 1 Year,Yes,37587,152,171,0
2848,Female,44,1,28,1,1-2 Year,No,36887,124,282,0
2849,Female,32,1,33,0,< 1 Year,Yes,2630,124,140,0
2850,Male,25,1,16,0,< 1 Year,Yes,24391,152,129,0
2851,Male,62,1,47,1,1-2 Year,No,46268,16,145,0
2852,Female,24,1,45,1,< 1 Year,No,22347,152,131,0
2853,Female,60,1,2,1,1-2 Year,No,29340,124,56,0
2854,Female,23,1,6,1,< 1 Year,No,2630,163,219,0
2855,Female,21,1,21,0,< 1 Year,Yes,2630,152,180,1
2856,Female,64,1,28,1,1-2 Year,No,37560,25,68,0
2857,Male,48,1,39,0,> 2 Years,Yes,2630,124,128,0
2858,Male,23,1,18,1,< 1 Year,No,30540,152,118,0
2859,Female,24,1,28,1,< 1 Year,No,44785,152,69,0
2860,Male,65,1,11,0,1-2 Year,Yes,40962,26,68,0
2861,Female,47,1,46,0,1-2 Year,Yes,28186,124,120,0
2862,Male,39,1,39,0,1-2 Year,Yes,2630,157,70,0
2863,Male,27,1,30,1,< 1 Year,No,26703,152,88,0
2864,Female,28,1,11,1,< 1 Year,No,45655,152,80,0
2865,Male,58,1,28,0,1-2 Year,Yes,32913,26,258,0
2866,Male,68,1,3,0,> 2 Years,Yes,2630,124,103,0
2867,Male,49,1,28,0,1-2 Year,Yes,32226,26,254,0
2868,Male,51,1,0,0,1-2 Year,Yes,2630,124,259,0
2869,Male,24,1,5,1,< 1 Year,No,2630,26,190,0
2870,Female,25,1,32,1,< 1 Year,No,41173,152,150,0
2871,Female,21,1,45,0,< 1 Year,Yes,31338,160,197,0
2872,Male,42,1,24,0,1-2 Year,Yes,43368,125,182,0
2873,Female,40,1,15,0,1-2 Year,Yes,2630,156,20,1
2874,Female,39,1,28,0,1-2 Year,Yes,91545,26,228,0
2875,Male,24,1,10,1,< 1 Year,No,26551,152,148,0
2876,Male,60,1,31,0,1-2 Year,Yes,2630,26,173,0
2877,Male,60,1,28,1,1-2 Year,No,36661,114,139,0
2878,Male,52,1,8,1,1-2 Year,No,2630,124,67,0
2879,Male,45,1,37,0,1-2 Year,Yes,25941,128,37,0
2880,Female,26,1,14,1,< 1 Year,No,45224,152,22,0
2881,Male,44,1,41,0,1-2 Year,No,21466,12,74,0
2882,Male,48,1,28,0,1-2 Year,Yes,49781,26,236,0
2883,Male,65,1,28,0,1-2 Year,Yes,28781,4,182,0
2884,Male,26,1,11,1,< 1 Year,No,32588,152,272,0
2885,Female,33,1,8,1,< 1 Year,No,36058,152,112,0
2886,Female,43,1,28,1,1-2 Year,No,48727,152,253,0
2887,Male,30,1,30,1,1-2 Year,No,27997,156,150,0
2888,Female,49,1,8,0,1-2 Year,Yes,44015,124,18,0
2889,Male,73,1,30,0,> 2 Years,Yes,32567,26,89,1
2890,Male,26,1,1,0,< 1 Year,Yes,2630,152,294,0
2891,Male,52,1,28,0,1-2 Year,Yes,40403,124,213,0
2892,Male,28,1,3,1,1-2 Year,No,46357,124,138,0
2893,Male,53,1,2,0,1-2 Year,Yes,22789,155,247,0
2894,Male,21,1,28,0,< 1 Year,Yes,52252,26,277,0
2895,Female,25,1,23,0,< 1 Year,Yes,27704,152,267,0
2896,Male,55,1,28,0,1-2 Year,Yes,57744,16,98,0
2897,Male,49,1,48,0,1-2 Year,Yes,2630,15,145,0
2898,Female,36,1,16,1,1-2 Year,No,23303,152,132,0
2899,Female,53,1,28,0,1-2 Year,Yes,42863,26,155,0
2900,Female,55,1,11,1,1-2 Year,No,2630,120,298,0
2901,Female,52,1,46,0,1-2 Year,Yes,2630,157,234,0
2902,Female,48,1,8,0,1-2 Year,No,2630,26,37,0
2903,Female,26,1,28,0,< 1 Year,Yes,2630,156,239,0
2904,Female,24,1,15,1,< 1 Year,No,38037,152,265,0
2905,Female,34,1,15,0,> 2 Years,Yes,2630,157,276,0
2906,Male,44,1,28,1,< 1 Year,No,2630,1,153,0
2907,Female,25,1,29,1,< 1 Year,No,30528,152,241,0
2908,Male,44,1,11,0,1-2 Year,Yes,34556,26,12,1
2909,Female,20,1,13,1,< 1 Year,No,21597,160,121,0
2910,Female,21,1,36,1,< 1 Year,No,22702,160,293,0
2911,Female,49,1,8,0,1-2 Year,No,40310,124,246,0
2912,Male,65,1,28,0,> 2 Years,Yes,46723,26,122,1
2913,Female,23,1,6,1,< 1 Year,No,31153,26,218,0
2914,Female,38,1,29,0,1-2 Year,Yes,2630,154,152,0
2915,Male,79,1,28,0,1-2 Year,Yes,33335,26,136,0
2916,Male,35,1,15,1,1-2 Year,No,2630,124,77,0
2917,Female,54,1,28,0,1-2 Year,Yes,64764,26,97,0
2918,Female,20,1,6,0,< 1 Year,Yes,26988,160,138,0
2919,Male,29,1,29,1,1-2 Year,No,2630,124,197,0
2920,Female,32,1,16,1,< 1 Year,No,2630,152,121,0
2921,Male,28,1,30,1,< 1 Year,No,25381,152,215,0
2922,Female,25,1,3,1,< 1 Year,No,22704,152,159,0
2923,Male,22,1,34,0,< 1 Year,Yes,33801,152,188,0
2924,Female,35,1,46,1,1-2 Year,No,2630,160,86,0
2925,Male,36,1,28,0,1-2 Year,No,2630,26,40,0
2926,Male,38,1,28,0,1-2 Year,Yes,28978,122,42,0
2927,Male,24,1,8,1,< 1 Year,No,58255,152,234,0
2928,Male,24,1,17,1,< 1 Year,No,36489,152,37,0
2929,Male,47,1,50,0,1-2 Year,Yes,38019,18,128,0
2930,Male,44,1,7,0,1-2 Year,No,2630,26,115,0
2931,Male,63,1,28,0,1-2 Year,Yes,86349,26,108,0
2932,Female,55,1,28,0,1-2 Year,Yes,33060,55,106,0
2933,Male,48,1,15,0,1-2 Year,Yes,49759,26,130,0
2934,Male,45,1,33,1,1-2 Year,No,2630,124,25,0
2935,Female,26,1,14,1,< 1 Year,No,2630,160,89,0
2936,Male,43,1,15,1,1-2 Year,No,36593,124,21,0
2937,Female,63,1,28,0,1-2 Year,Yes,47468,122,138,0
2938,Female,29,1,12,0,< 1 Year,Yes,28728,124,279,1
2939,Male,23,1,15,0,< 1 Year,No,2630,160,242,0
2940,Female,23,1,49,0,< 1 Year,Yes,40222,152,269,0
2941,Male,32,1,15,0,< 1 Year,No,22331,152,20,0
2942,Female,31,1,28,0,< 1 Year,Yes,2630,157,82,0
2943,Male,40,1,9,0,1-2 Year,Yes,2630,152,19,0
2944,Male,53,1,28,0,> 2 Years,Yes,50806,26,32,1
2945,Female,23,1,2,1,< 1 Year,No,35772,152,226,0
2946,Female,53,1,41,1,1-2 Year,No,45759,152,248,0
2947,Male,52,1,47,0,> 2 Years,Yes,32195,124,121,0
2948,Female,23,1,29,1,< 1 Year,No,35004,152,236,0
2949,Female,20,1,50,0,< 1 Year,Yes,44749,160,203,0
2950,Female,20,1,3,1,< 1 Year,No,26533,160,100,0
2951,Female,34,1,8,0,1-2 Year,Yes,51242,152,95,0
2952,Male,25,1,31,1,< 1 Year,No,2630,152,87,0
2953,Female,28,1,28,0,< 1 Year,Yes,27346,152,166,0
2954,Male,33,1,28,0,< 1 Year,Yes,51631,124,22,0
2955,Female,21,1,32,1,< 1 Year,No,25096,160,255,0
2956,Female,58,1,28,0,> 2 Years,Yes,78895,26,80,1
2957,Female,24,1,35,1,< 1 Year,No,39126,152,271,0
2958,Female,24,1,10,1,< 1 Year,No,27848,152,195,0
2959,Female,47,1,28,0,1-2 Year,Yes,48159,124,30,0
2960,Male,69,1,8,1,1-2 Year,No,31116,26,57,0
2961,Male,50,1,28,0,1-2 Year,Yes,33408,122,225,0
2962,Male,59,1,15,1,1-2 Year,No,49616,26,102,0
2963,Male,27,1,28,0,1-2 Year,Yes,2630,156,227,0
2964,Female,24,1,9,1,< 1 Year,No,38595,152,37,0
2965,Female,27,1,3,1,1-2 Year,No,2630,157,128,0
2966,Female,44,1,28,0,> 2 Years,Yes,44253,26,242,1
2967,Female,23,1,6,1,< 1 Year,No,21787,152,174,0
2968,Female,26,1,28,1,< 1 Year,No,31869,151,250,0
2969,Male,25,1,28,0,1-2 Year,Yes,49083,156,104,1
2970,Female,24,1,36,1,< 1 Year,No,43492,160,139,0
2971,Female,25,1,28,1,< 1 Year,No,42465,152,33,0
2972,Male,24,1,8,1,< 1 Year,No,37801,152,56,0
2973,Male,24,1,15,1,< 1 Year,No,43686,152,133,0
2974,Male,69,1,28,1,1-2 Year,No,48065,124,50,0
2975,Male,80,1,11,0,1-2 Year,Yes,2630,120,52,0
2976,Male,24,1,28,1,1-2 Year,No,47999,157,180,0
2977,Male,73,1,28,1,1-2 Year,No,42938,124,194,0
2978,Female,28,1,3,0,1-2 Year,Yes,27637,163,249,0
2979,Male,42,1,37,1,1-2 Year,No,25098,128,223,0
2980,Male,52,1,8,0,1-2 Year,No,32607,124,229,0
2981,Male,22,1,17,0,< 1 Year,Yes,27832,152,290,0
2982,Male,47,1,48,0,1-2 Year,No,2630,26,271,0
2983,Female,25,1,18,1,< 1 Year,No,27249,152,183,0
2984,Male,24,1,36,1,< 1 Year,No,21856,152,200,0
2985,Male,27,1,30,1,< 1 Year,No,22906,152,290,0
2986,Male,44,1,28,0,1-2 Year,Yes,37384,26,216,0
2987,Female,53,1,8,0,1-2 Year,Yes,55508,25,257,1
2988,Male,23,1,35,1,< 1 Year,No,36072,151,174,0
2989,Male,24,1,45,0,< 1 Year,Yes,28751,152,279,0
2990,Female,24,1,34,1,< 1 Year,No,31106,152,289,0
2991,Female,26,1,45,0,< 1 Year,Yes,28234,152,251,0
2992,Female,25,1,14,1,< 1 Year,No,38348,152,207,0
2993,Male,22,1,14,1,< 1 Year,No,30457,152,163,0
2994,Male,26,1,15,1,< 1 Year,No,34623,152,165,0
2995,Female,30,1,46,0,< 1 Year,Yes,2630,152,67,0
2996,Male,68,1,8,0,1-2 Year,Yes,34149,26,261,0
2997,Female,44,1,23,0,1-2 Year,Yes,19349,124,99,0
2998,Male,61,1,28,1,1-2 Year,No,2630,122,283,0
2999,Female,47,1,28,0,1-2 Year,Yes,45653,52,53,0
3000,Male,51,1,48,0,1-2 Year,Yes,2630,26,40,1
3001,Female,23,1,28,1,< 1 Year,No,37273,152,172,0
3002,Female,24,1,3,1,< 1 Year,No,26670,152,248,0
3003,Male,25,1,25,1,< 1 Year,No,50565,152,30,0
3004,Male,60,1,28,0,1-2 Year,Yes,73590,26,135,0
3005,Female,21,1,50,0,< 1 Year,Yes,25146,152,120,0
3006,Female,35,1,29,0,1-2 Year,Yes,29824,26,146,0
3007,Male,39,1,20,1,1-2 Year,No,2630,124,233,0
3008,Female,22,1,46,1,< 1 Year,No,54261,152,213,0
3009,Male,50,1,28,1,1-2 Year,No,33046,26,49,0
3010,Female,65,1,15,0,1-2 Year,Yes,35107,26,253,0
3011,Male,29,1,28,0,1-2 Year,Yes,43379,124,193,1
3012,Male,26,1,28,0,< 1 Year,No,64407,152,69,0
3013,Female,54,1,28,0,> 2 Years,Yes,45803,26,39,0
3014,Female,24,1,32,1,< 1 Year,No,31721,152,47,0
3015,Female,50,1,28,0,1-2 Year,Yes,52312,124,37,0
3016,Female,76,1,28,1,1-2 Year,No,46994,26,46,0
3017,Male,23,1,14,0,< 1 Year,No,38445,152,37,0
3018,Female,21,1,17,1,< 1 Year,No,36589,160,51,0
3019,Female,30,1,4,1,< 1 Year,No,35290,152,87,0
3020,Female,72,1,29,1,1-2 Year,No,37730,156,184,0
3021,Male,35,1,28,0,1-2 Year,Yes,38317,24,299,1
3022,Female,29,1,3,0,< 1 Year,Yes,27227,152,199,0
3023,Female,25,1,32,1,< 1 Year,No,32523,152,266,0
3024,Female,68,1,28,0,1-2 Year,Yes,57148,122,169,0
3025,Female,42,1,39,0,1-2 Year,Yes,2630,156,116,0
3026,Female,24,1,37,0,< 1 Year,Yes,29708,152,38,0
3027,Female,28,1,23,1,< 1 Year,No,18733,151,177,0
3028,Male,63,1,28,0,> 2 Years,Yes,59269,124,292,0
3029,Male,62,1,28,0,1-2 Year,Yes,36381,124,197,0
3030,Female,48,1,28,0,1-2 Year,Yes,2630,26,125,0
3031,Male,22,1,8,1,< 1 Year,No,41161,26,229,0
3032,Male,53,1,28,0,1-2 Year,Yes,37444,26,195,0
3033,Male,20,1,40,0,< 1 Year,Yes,25348,160,42,0
3034,Female,32,1,28,1,1-2 Year,No,59243,26,276,0
3035,Male,25,1,11,1,< 1 Year,No,34282,152,250,0
3036,Male,37,1,15,0,1-2 Year,Yes,27423,154,116,1
3037,Male,24,1,8,0,< 1 Year,No,87930,152,244,0
3038,Male,45,1,15,0,1-2 Year,Yes,36411,124,212,1
3039,Male,25,1,8,0,< 1 Year,No,37140,152,168,0
3040,Female,44,1,28,0,1-2 Year,Yes,41908,124,12,0
3041,Female,28,1,2,1,< 1 Year,No,33673,152,154,0
3042,Male,67,1,28,1,1-2 Year,No,33157,26,135,0
3043,Male,58,1,28,1,1-2 Year,No,35810,26,85,0
3044,Female,24,1,46,1,< 1 Year,No,26625,160,63,0
3045,Female,23,1,47,0,< 1 Year,Yes,41056,152,80,0
3046,Male,46,1,28,0,1-2 Year,Yes,33980,124,284,0
3047,Male,58,1,30,1,1-2 Year,No,2630,152,150,0
3048,Female,67,1,28,0,1-2 Year,Yes,37235,26,155,0
3049,Male,25,1,29,1,< 1 Year,No,26992,152,248,0
3050,Female,23,1,9,1,< 1 Year,No,38481,151,20,0
3051,Male,35,1,50,0,1-2 Year,Yes,2630,163,128,0
3052,Male,40,1,13,0,1-2 Year,Yes,29866,26,172,1
3053,Male,59,1,28,0,1-2 Year,Yes,32073,124,212,0
3054,Male,39,1,45,1,1-2 Year,No,22416,107,252,0
3055,Female,29,1,8,1,< 1 Year,No,31807,160,176,0
3056,Female,24,1,8,1,< 1 Year,No,33397,152,292,0
3057,Male,25,1,10,1,< 1 Year,No,41697,152,102,0
3058,Female,43,1,8,0,1-2 Year,Yes,2630,124,120,0
3059,Female,24,1,24,0,< 1 Year,Yes,40871,151,15,0
3060,Male,57,1,37,1,1-2 Year,No,33259,124,16,0
3061,Female,22,1,28,0,< 1 Year,Yes,42181,152,184,0
3062,Male,73,0,37,0,1-2 Year,Yes,15018,26,103,0
3063,Female,51,1,28,0,1-2 Year,Yes,27804,26,212,1
3064,Female,46,1,50,1,1-2 Year,No,23285,124,288,0
3065,Female,23,1,11,1,< 1 Year,No,44714,152,225,0
3066,Female,20,1,31,1,< 1 Year,No,2630,160,251,0
3067,Male,42,1,6,0,1-2 Year,Yes,29600,52,93,0
3068,Male,22,1,36,0,< 1 Year,Yes,54515,152,20,0
3069,Male,38,1,28,0,1-2 Year,Yes,40434,124,260,0
3070,Female,33,1,28,1,< 1 Year,No,39083,152,144,0
3071,Female,25,1,30,1,< 1 Year,No,19745,152,269,0
3072,Male,39,1,20,0,1-2 Year,Yes,2630,124,23,0
3073,Female,28,1,18,1,< 1 Year,No,89778,152,252,0
3074,Male,38,1,35,1,1-2 Year,No,23936,152,254,0
3075,Female,53,1,41,1,1-2 Year,No,33424,124,28,0
3076,Female,43,1,28,1,1-2 Year,No,39877,122,152,0
3077,Female,40,1,28,1,1-2 Year,No,44624,59,231,0
3078,Female,83,1,28,1,1-2 Year,No,44113,124,258,0
3079,Male,71,1,28,1,1-2 Year,No,27703,60,132,0
3080,Male,21,1,11,1,< 1 Year,No,29017,152,299,0
3081,Female,61,1,48,1,1-2 Year,Yes,2630,103,107,0
3082,Female,24,1,46,1,< 1 Year,No,28580,152,80,0
3083,Female,62,1,28,1,1-2 Year,No,38825,122,81,0
3084,Female,69,1,38,0,1-2 Year,Yes,26247,29,112,0
3085,Male,24,1,28,0,1-2 Year,Yes,33554,124,282,0
3086,Female,26,1,15,1,< 1 Year,No,34706,152,232,0
3087,Male,47,1,28,0,< 1 Year,Yes,39722,124,66,1
3088,Female,22,1,28,0,< 1 Year,Yes,56761,26,212,0
3089,Male,37,1,37,0,1-2 Year,Yes,2630,156,243,0
3090,Female,62,1,28,0,1-2 Year,Yes,2630,124,236,0
3091,Female,26,1,41,1,< 1 Year,No,27446,152,278,0
3092,Female,26,1,3,0,< 1 Year,Yes,2630,160,29,0
3093,Male,46,1,28,0,1-2 Year,Yes,23108,124,225,0
3094,Male,25,1,37,1,< 1 Year,No,32009,152,231,0
3095,Female,25,1,46,1,< 1 Year,No,25140,152,132,0
3096,Male,26,1,47,0,< 1 Year,Yes,38879,152,212,0
3097,Female,79,1,47,1,1-2 Year,No,38948,26,266,0
3098,Male,23,1,41,1,< 1 Year,No,30297,152,18,0
3099,Male,26,1,28,1,< 1 Year,No,53285,152,73,0
3100,Female,23,1,8,1,< 1 Year,No,43759,152,32,0
3101,Female,25,1,41,1,< 1 Year,No,14736,152,125,0
3102,Male,23,1,33,1,< 1 Year,No,34818,152,297,0
3103,Female,27,1,10,1,< 1 Year,Yes,2630,152,231,0
3104,Female,46,1,35,1,1-2 Year,No,2630,124,229,0
3105,Female,24,1,22,1,< 1 Year,No,33207,152,156,0
3106,Male,41,1,45,0,1-2 Year,Yes,28718,26,100,0
3107,Female,23,1,11,0,< 1 Year,Yes,25346,152,233,0
3108,Male,56,1,34,1,1-2 Year,No,26367,151,221,0
3109,Female,25,1,40,0,< 1 Year,Yes,24094,152,97,0
3110,Female,24,1,6,1,< 1 Year,No,15998,152,191,0
3111,Female,58,1,46,0,1-2 Year,Yes,26909,124,191,0
3112,Male,34,1,15,0,1-2 Year,No,33877,152,146,0
3113,Female,22,1,3,1,< 1 Year,No,23898,152,280,0
3114,Male,56,1,10,0,1-2 Year,No,33893,26,216,0
3115,Male,62,1,50,0,1-2 Year,Yes,39578,23,174,1
3116,Male,22,1,28,1,< 1 Year,No,2630,152,263,0
3117,Male,61,1,0,0,1-2 Year,Yes,2630,122,114,0
3118,Female,25,1,28,0,< 1 Year,No,34424,152,59,0
3119,Male,28,1,33,1,< 1 Year,No,2630,160,169,0
3120,Male,61,1,46,1,1-2 Year,No,38445,26,258,0
3121,Male,53,1,28,1,1-2 Year,No,47158,124,14,0
3122,Female,36,1,46,0,1-2 Year,Yes,27815,156,285,1
3123,Male,36,1,11,0,1-2 Year,No,40315,156,64,0
3124,Female,38,1,9,1,1-2 Year,No,33656,122,275,0
3125,Female,24,1,8,1,< 1 Year,Yes,37125,152,230,0
3126,Male,48,1,8,1,1-2 Year,No,42786,26,206,0
3127,Female,62,1,28,0,1-2 Year,Yes,33404,26,205,0
3128,Female,25,1,2,0,< 1 Year,No,39464,152,46,0
3129,Male,26,1,28,1,< 1 Year,Yes,42487,152,29,0
3130,Male,45,1,8,1,1-2 Year,No,31779,26,201,0
3131,Female,27,1,7,0,< 1 Year,No,35994,152,115,0
3132,Female,29,1,16,1,< 1 Year,No,19386,152,10,0
3133,Male,40,1,8,0,1-2 Year,Yes,27044,124,156,0
3134,Male,47,1,29,1,1-2 Year,No,26203,124,269,0
3135,Female,57,1,22,0,1-2 Year,Yes,28059,124,216,1
3136,Male,23,1,10,0,< 1 Year,Yes,23699,152,236,0
3137,Female,21,1,50,0,< 1 Year,Yes,38146,160,275,0
3138,Female,73,1,29,0,1-2 Year,Yes,2630,156,245,0
3139,Female,26,1,28,1,1-2 Year,No,40028,124,36,0
3140,Female,30,1,28,0,< 1 Year,Yes,2630,156,129,0
3141,Male,49,1,29,0,1-2 Year,Yes,27761,156,224,0
3142,Female,21,1,36,0,< 1 Year,Yes,35518,160,221,0
3143,Female,43,1,0,1,1-2 Year,No,2630,26,221,0
3144,Male,68,1,50,1,1-2 Year,No,39026,26,293,0
3145,Male,35,1,46,0,> 2 Years,Yes,38843,124,280,1
3146,Male,61,1,45,0,> 2 Years,Yes,20645,124,88,1
3147,Female,25,1,16,0,< 1 Year,Yes,27051,152,113,0
3148,Male,35,1,30,0,1-2 Year,Yes,2630,154,275,0
3149,Female,24,1,25,1,< 1 Year,No,2630,152,144,0
3150,Male,50,1,28,1,1-2 Year,No,24379,124,241,0
3151,Female,32,1,28,0,1-2 Year,Yes,45805,154,106,1
3152,Male,26,1,15,0,< 1 Year,Yes,2630,152,31,0
3153,Male,47,1,3,1,1-2 Year,No,2630,157,226,0
3154,Female,27,1,11,1,< 1 Year,No,35783,152,218,0
3155,Male,25,1,30,1,< 1 Year,No,31121,152,167,0
3156,Female,31,1,28,0,< 1 Year,Yes,81316,154,81,0
3157,Female,22,1,2,1,< 1 Year,Yes,2630,152,56,0
3158,Female,21,1,41,1,< 1 Year,No,40121,152,199,0
3159,Male,39,1,29,1,1-2 Year,No,26043,124,103,0
3160,Male,29,1,28,1,< 1 Year,Yes,56415,154,265,0
3161,Male,36,1,28,0,1-2 Year,Yes,32664,147,23,0
3162,Male,44,1,46,0,1-2 Year,Yes,43580,124,139,0
3163,Male,32,1,41,1,< 1 Year,No,36055,152,251,0
3164,Male,41,1,28,0,1-2 Year,Yes,33817,25,25,0
3165,Male,41,1,8,0,1-2 Year,Yes,2630,61,252,1
3166,Female,51,1,29,0,1-2 Year,Yes,22067,26,230,0
3167,Female,23,1,46,1,< 1 Year,No,20571,152,289,0
3168,Male,53,1,11,1,1-2 Year,No,36676,26,193,0
3169,Male,37,1,28,1,1-2 Year,No,45427,122,264,0
3170,Female,34,1,28,1,1-2 Year,No,44509,152,239,0
3171,Male,41,1,28,0,1-2 Year,Yes,35526,125,19,1
3172,Female,68,1,45,1,1-2 Year,No,27450,124,162,0
3173,Male,49,1,28,1,1-2 Year,No,36315,124,92,0
3174,Male,25,1,41,0,< 1 Year,Yes,21054,152,169,1
3175,Female,24,1,8,1,< 1 Year,No,64676,152,261,0
3176,Male,49,1,8,0,1-2 Year,Yes,86084,4,226,1
3177,Male,42,1,28,0,1-2 Year,Yes,56557,124,151,1
3178,Male,22,1,46,1,< 1 Year,No,31322,152,73,0
3179,Male,44,1,28,0,1-2 Year,Yes,53743,26,146,1
3180,Female,28,1,18,1,< 1 Year,No,40765,152,185,0
3181,Female,25,1,25,1,< 1 Year,No,2630,152,143,0
3182,Female,26,1,25,1,< 1 Year,No,29042,152,240,0
3183,Male,69,1,33,0,1-2 Year,Yes,37735,26,134,0
3184,Male,43,1,15,0,1-2 Year,Yes,46527,124,243,0
3185,Female,22,1,26,1,< 1 Year,No,29855,152,127,0
3186,Male,43,1,28,1,1-2 Year,No,37781,124,274,0
3187,Male,36,1,8,0,1-2 Year,Yes,23234,124,10,0
3188,Male,48,1,29,1,1-2 Year,No,44222,124,127,0
3189,Female,47,1,3,1,1-2 Year,No,26725,26,207,0
3190,Male,24,1,44,0,< 1 Year,Yes,36855,152,261,0
3191,Female,25,1,36,0,< 1 Year,Yes,32606,152,256,0
3192,Female,33,1,11,0,1-2 Year,Yes,2630,26,41,0
3193,Male,31,1,50,1,< 1 Year,No,39520,152,291,0
3194,Male,41,1,28,1,1-2 Year,No,44709,26,215,0
3195,Female,20,1,15,1,< 1 Year,No,64968,160,213,0
3196,Female,24,1,14,1,< 1 Year,No,15472,152,75,0
3197,Male,23,1,47,0,< 1 Year,Yes,30384,26,189,0
3198,Male,50,1,0,0,1-2 Year,No,2630,26,145,0
3199,Female,21,1,8,1,< 1 Year,No,47232,160,194,0
3200,Female,23,1,11,1,< 1 Year,No,25200,152,259,0
3201,Female,44,1,33,0,1-2 Year,Yes,47213,26,69,0
3202,Female,23,1,8,0,< 1 Year,Yes,33140,152,257,0
3203,Male,24,1,9,1,< 1 Year,No,40055,152,150,0
3204,Female,29,1,33,1,< 1 Year,No,36293,152,36,0
3205,Male,23,1,24,1,< 1 Year,No,36506,152,77,0
3206,Male,51,1,3,0,1-2 Year,Yes,25741,124,183,0
3207,Female,73,1,41,0,1-2 Year,Yes,52493,136,62,0
3208,Female,78,1,18,0,1-2 Year,Yes,29609,152,81,0
3209,Female,61,1,8,0,> 2 Years,Yes,49243,7,235,0
3210,Male,49,1,29,0,1-2 Year,Yes,2630,156,260,0
3211,Male,27,1,28,1,< 1 Year,No,35115,152,172,0
3212,Male,25,1,30,1,< 1 Year,No,24111,152,109,0
3213,Male,31,1,28,1,< 1 Year,No,35955,152,99,0
3214,Female,23,1,8,1,< 1 Year,No,28623,160,42,0
3215,Male,34,1,10,1,1-2 Year,Yes,2630,26,46,0
3216,Female,23,1,8,1,< 1 Year,No,2630,151,189,0
3217,Male,40,1,28,0,1-2 Year,Yes,34091,124,226,1
3218,Male,66,1,28,1,1-2 Year,No,2630,26,155,0
3219,Male,20,1,28,0,< 1 Year,Yes,2630,157,247,0
3220,Female,73,1,8,0,1-2 Year,Yes,48586,124,131,0
3221,Female,40,1,28,0,1-2 Year,No,38057,26,292,0
3222,Male,32,1,14,1,< 1 Year,No,25004,152,232,0
3223,Male,28,1,50,0,< 1 Year,Yes,28222,152,14,0
3224,Female,26,1,35,1,< 1 Year,No,30173,152,206,0
3225,Male,21,1,46,1,< 1 Year,No,49499,152,263,0
3226,Male,26,1,36,1,< 1 Year,No,31641,152,28,0
3227,Female,23,1,8,0,< 1 Year,Yes,2630,152,225,0
3228,Male,25,1,36,1,< 1 Year,No,26878,152,232,0
3229,Male,37,1,35,0,1-2 Year,Yes,32893,124,176,1
3230,Female,26,1,16,1,< 1 Year,No,26050,152,120,0
3231,Female,23,1,41,1,< 1 Year,No,32834,152,261,0
3232,Female,23,1,18,0,< 1 Year,Yes,39938,154,79,0
3233,Male,23,1,15,1,< 1 Year,No,29158,152,49,0
3234,Male,40,1,28,1,1-2 Year,No,32473,25,11,0
3235,Male,65,1,48,0,1-2 Year,Yes,2630,26,122,1
3236,Male,37,1,28,0,1-2 Year,Yes,23920,26,212,1
3237,Male,43,1,15,0,1-2 Year,Yes,2630,154,193,0
3238,Male,22,1,28,1,< 1 Year,No,29831,153,185,0
3239,Female,23,1,3,1,< 1 Year,No,24745,152,180,0
3240,Male,49,1,28,1,1-2 Year,Yes,2630,158,92,0
3241,Female,26,1,28,1,< 1 Year,No,47215,152,218,0
3242,Female,24,1,46,1,< 1 Year,No,38395,160,26,0
3243,Male,42,1,14,1,1-2 Year,No,2630,26,32,0
3244,Female,34,1,29,0,1-2 Year,Yes,2630,156,46,1
3245,Male,52,1,11,0,1-2 Year,Yes,32054,124,282,1
3246,Female,23,1,38,1,< 1 Year,No,41079,152,205,0
3247,Female,31,1,48,1,< 1 Year,No,2630,152,92,0
3248,Female,26,1,15,1,< 1 Year,No,30728,152,223,0
3249,Female,31,1,26,0,< 1 Year,Yes,29844,26,257,0
3250,Male,24,1,10,1,< 1 Year,No,29507,152,294,0
3251,Female,25,1,10,0,< 1 Year,Yes,2630,152,65,0
3252,Male,36,1,9,1,1-2 Year,No,19711,152,116,0
3253,Female,37,1,28,0,1-2 Year,Yes,40689,26,267,1
3254,Female,47,1,28,0,1-2 Year,No,45359,26,285,0
3255,Male,48,1,28,0,1-2 Year,No,50340,13,18,0
3256,Male,60,1,28,0,> 2 Years,Yes,36852,26,64,1
3257,Male,53,1,0,0,1-2 Year,Yes,2630,21,134,0
3258,Male,26,1,37,0,< 1 Year,Yes,39888,152,190,0
3259,Female,23,1,6,1,< 1 Year,No,21551,152,281,0
3260,Male,26,1,17,1,< 1 Year,No,23379,152,243,0
3261,Male,65,1,11,1,1-2 Year,No,2630,120,257,0
3262,Female,55,1,28,0,1-2 Year,Yes,39738,124,130,0
3263,Female,24,1,41,1,< 1 Year,No,45352,152,243,0
3264,Male,61,1,49,0,1-2 Year,Yes,33660,124,155,0
3265,Female,54,1,39,0,1-2 Year,Yes,44242,124,124,0
3266,Female,21,1,29,1,< 1 Year,No,38791,152,30,0
3267,Male,47,1,8,0,1-2 Year,Yes,53817,26,119,0
3268,Male,23,1,28,0,< 1 Year,Yes,66415,152,173,0
3269,Male,28,1,28,0,< 1 Year,Yes,32182,160,262,0
3270,Male,44,1,39,0,1-2 Year,Yes,2630,26,181,0
3271,Male,59,1,28,0,> 2 Years,Yes,31842,60,296,0
3272,Female,23,1,15,1,< 1 Year,No,2630,151,121,0
3273,Male,22,1,12,1,< 1 Year,No,26094,160,193,0
3274,Female,24,1,12,0,< 1 Year,No,2630,152,276,0
3275,Female,39,1,28,0,1-2 Year,Yes,42727,124,128,1
3276,Male,61,1,28,0,> 2 Years,Yes,49792,122,165,0
3277,Female,21,1,30,1,< 1 Year,No,23760,152,162,0
3278,Female,25,1,8,0,< 1 Year,Yes,38157,152,245,0
3279,Male,23,1,2,0,1-2 Year,Yes,35459,26,86,0
3280,Male,44,1,8,0,1-2 Year,Yes,24251,124,94,1
3281,Male,36,1,41,0,1-2 Year,Yes,32321,26,282,1
3282,Male,35,1,28,0,1-2 Year,No,39482,124,159,0
3283,Male,61,1,11,1,1-2 Year,No,27193,26,29,0
3284,Male,48,1,46,0,1-2 Year,Yes,29288,156,183,1
3285,Female,73,1,28,0,1-2 Year,Yes,37916,26,156,0
3286,Male,46,1,3,0,1-2 Year,No,2630,26,82,0
3287,Male,25,1,41,0,< 1 Year,Yes,20733,152,206,0
3288,Male,21,1,47,0,< 1 Year,Yes,41443,160,166,0
3289,Female,23,1,46,0,< 1 Year,Yes,31114,160,98,0
3290,Female,49,1,28,1,1-2 Year,No,2630,124,123,0
3291,Female,30,1,21,1,< 1 Year,No,25264,152,267,0
3292,Female,68,1,28,0,1-2 Year,Yes,2630,156,167,0
3293,Female,41,1,17,0,1-2 Year,Yes,36621,124,195,1
3294,Male,29,1,50,1,< 1 Year,No,31238,152,209,0
3295,Male,48,1,29,0,1-2 Year,Yes,37328,26,257,0
3296,Female,37,1,46,1,1-2 Year,No,31695,11,258,0
3297,Male,27,1,36,0,< 1 Year,Yes,2630,152,121,0
3298,Male,28,1,6,1,< 1 Year,No,26622,152,241,0
3299,Male,22,1,36,1,< 1 Year,No,37622,152,155,0
3300,Male,23,1,11,1,< 1 Year,No,27825,152,193,0
3301,Female,36,1,3,0,1-2 Year,Yes,77711,124,266,1
3302,Male,25,1,15,1,< 1 Year,No,45094,152,154,0
3303,Female,35,1,28,0,1-2 Year,Yes,60499,125,229,0
3304,Female,27,1,18,0,< 1 Year,Yes,2630,163,258,1
3305,Male,44,1,3,1,1-2 Year,No,27904,124,36,0
3306,Female,25,1,15,1,< 1 Year,No,29160,152,237,0
3307,Female,46,1,47,0,1-2 Year,Yes,59066,124,55,0
3308,Male,48,1,0,0,1-2 Year,Yes,2630,26,88,0
3309,Male,75,1,2,0,1-2 Year,Yes,38743,124,276,0
3310,Male,46,1,46,0,1-2 Year,Yes,27856,163,77,1
3311,Female,27,1,11,1,< 1 Year,No,25200,152,98,0
3312,Female,24,1,25,1,< 1 Year,No,37364,151,165,0
3313,Male,43,1,28,0,1-2 Year,Yes,35961,26,113,1
3314,Female,45,1,28,1,1-2 Year,No,45005,124,270,0
3315,Female,46,1,28,1,1-2 Year,No,48177,3,17,0
3316,Male,72,1,28,0,1-2 Year,Yes,64218,26,52,0
3317,Male,54,1,28,0,1-2 Year,Yes,40601,124,64,0
3318,Male,63,1,28,0,> 2 Years,Yes,35525,26,293,0
3319,Female,24,1,26,1,< 1 Year,No,39830,152,127,0
3320,Female,22,1,15,1,< 1 Year,No,38538,152,66,0
3321,Male,50,1,10,1,1-2 Year,No,34509,154,180,0
3322,Male,33,1,6,1,< 1 Year,No,20483,152,207,0
3323,Male,42,1,18,0,1-2 Year,Yes,32149,26,258,1
3324,Male,61,1,38,1,1-2 Year,No,2630,26,194,0
3325,Male,29,1,35,1,< 1 Year,Yes,30168,152,83,0
3326,Male,70,1,28,0,1-2 Year,Yes,36512,154,38,0
3327,Female,25,1,36,0,< 1 Year,Yes,28334,152,80,0
3328,Male,42,1,0,0,1-2 Year,Yes,2630,124,267,0
3329,Male,47,1,28,0,1-2 Year,Yes,42153,26,148,0
3330,Female,22,1,15,1,< 1 Year,No,26728,152,273,0
3331,Male,41,1,28,0,1-2 Year,No,24841,124,218,0
3332,Male,22,1,50,0,< 1 Year,Yes,2630,124,285,0
3333,Female,33,1,28,0,1-2 Year,Yes,50937,4,167,1
3334,Female,53,1,41,1,1-2 Year,No,44743,26,159,0
3335,Male,44,1,28,0,1-2 Year,Yes,33572,124,259,0
3336,Female,24,1,29,1,< 1 Year,No,30618,152,23,0
3337,Female,30,1,40,0,< 1 Year,Yes,41774,152,118,0
3338,Male,27,1,14,1,< 1 Year,No,24868,152,145,0
3339,Female,75,1,28,0,1-2 Year,Yes,56985,3,101,1
3340,Male,52,1,15,0,1-2 Year,Yes,23377,26,261,1
3341,Male,52,1,28,0,1-2 Year,Yes,30885,122,63,1
3342,Female,54,1,29,0,1-2 Year,Yes,2630,156,159,0
3343,Male,57,1,8,0,1-2 Year,Yes,39271,124,243,0
3344,Female,33,1,28,1,1-2 Year,No,40816,55,62,0
3345,Male,74,1,0,0,1-2 Year,Yes,2630,26,179,0
3346,Male,54,1,28,0,1-2 Year,Yes,41000,124,275,0
3347,Male,49,1,31,1,1-2 Year,No,2630,26,95,0
3348,Male,27,1,8,1,< 1 Year,No,47314,152,34,0
3349,Male,43,1,10,0,1-2 Year,Yes,23416,124,284,1
3350,Female,34,1,15,1,1-2 Year,No,28194,152,57,0
3351,Female,21,1,8,1,< 1 Year,No,43555,160,21,0
3352,Male,23,1,41,0,1-2 Year,Yes,23640,154,244,1
3353,Female,36,1,46,1,1-2 Year,No,24153,160,225,0
3354,Female,30,1,28,0,< 1 Year,Yes,50986,26,299,1
3355,Male,42,1,8,0,1-2 Year,No,35976,124,292,0
3356,Female,44,1,7,0,> 2 Years,Yes,36861,26,223,0
3357,Male,57,1,28,0,1-2 Year,Yes,42955,124,51,0
3358,Male,30,1,28,1,< 1 Year,No,59848,152,240,0
3359,Male,22,1,46,0,< 1 Year,Yes,21162,152,54,0
3360,Male,57,1,41,1,1-2 Year,No,39292,26,167,0
3361,Female,36,1,28,1,1-2 Year,No,32179,152,83,0
3362,Male,52,1,47,1,1-2 Year,No,32529,26,125,0
3363,Male,45,1,7,1,1-2 Year,No,85991,26,223,0
3364,Female,21,1,27,0,< 1 Year,Yes,27313,152,173,0
3365,Male,31,1,28,0,< 1 Year,Yes,47920,124,218,0
3366,Male,62,1,28,0,> 2 Years,Yes,50447,26,102,0
3367,Male,30,1,28,1,< 1 Year,No,2630,157,206,0
3368,Male,26,1,28,0,< 1 Year,Yes,57060,26,286,0
3369,Male,29,1,45,0,< 1 Year,Yes,29644,151,172,0
3370,Female,44,1,23,0,1-2 Year,Yes,35133,26,68,1
3371,Female,20,1,3,1,< 1 Year,No,19832,160,165,0
3372,Male,24,1,41,0,< 1 Year,Yes,31445,26,10,1
3373,Male,43,1,28,1,1-2 Year,Yes,33131,26,95,0
3374,Male,53,1,8,1,1-2 Year,No,36478,124,171,0
3375,Male,54,1,8,0,1-2 Year,Yes,62388,26,34,1
3376,Female,38,1,8,0,1-2 Year,Yes,43746,124,39,0
3377,Male,43,1,28,0,1-2 Year,Yes,49324,26,112,0
3378,Male,30,1,13,0,< 1 Year,No,24879,152,86,0
3379,Male,22,1,25,1,< 1 Year,No,27886,152,218,0
3380,Male,23,1,6,1,< 1 Year,No,24715,152,41,0
3381,Male,56,1,28,0,1-2 Year,Yes,44109,124,34,0
3382,Female,46,1,28,0,1-2 Year,Yes,36517,124,130,1
3383,Female,41,1,33,1,1-2 Year,No,29278,26,164,0
3384,Male,25,1,30,0,< 1 Year,Yes,2630,152,231,0
3385,Female,30,1,37,1,< 1 Year,No,2630,152,191,0
3386,Male,38,1,7,0,1-2 Year,Yes,28796,124,166,1
3387,Male,24,1,36,1,< 1 Year,No,37663,152,59,0
3388,Male,49,1,32,1,1-2 Year,No,34658,124,149,0
3389,Male,60,1,6,0,1-2 Year,No,2630,156,123,0
3390,Female,23,1,6,1,< 1 Year,No,29934,152,245,0
3391,Female,54,1,28,0,> 2 Years,Yes,46586,26,278,1
3392,Female,29,1,28,1,< 1 Year,No,28839,152,298,0
3393,Male,42,1,3,0,1-2 Year,Yes,2630,26,231,0
3394,Male,24,1,13,0,< 1 Year,Yes,27813,152,24,1
3395,Male,43,1,46,1,1-2 Year,No,37339,26,77,0
3396,Female,52,1,46,0,1-2 Year,Yes,28081,152,13,0
3397,Male,44,1,28,0,1-2 Year,Yes,46543,124,142,1
3398,Male,64,1,8,0,1-2 Year,Yes,2630,124,60,1
3399,Female,22,1,8,1,< 1 Year,No,49289,152,152,0
3400,Female,28,1,6,1,< 1 Year,No,24513,152,87,0
3401,Male,84,1,28,1,1-2 Year,No,49367,122,31,0
3402,Male,47,1,38,0,1-2 Year,Yes,73386,124,292,0
3403,Female,39,1,28,1,1-2 Year,Yes,35622,124,207,0
3404,Female,42,1,32,0,1-2 Year,Yes,30004,152,177,0
3405,Male,38,1,28,0,1-2 Year,Yes,2630,157,192,1
3406,Female,23,1,28,1,< 1 Year,No,36865,152,231,0
3407,Male,56,1,21,0,1-2 Year,Yes,27006,26,133,1
3408,Female,22,1,46,1,< 1 Year,No,26697,152,244,0
3409,Female,80,1,28,1,1-2 Year,No,40259,125,178,0
3410,Male,73,1,8,0,1-2 Year,Yes,2630,26,105,0
3411,Female,22,1,40,0,< 1 Year,Yes,2630,160,251,0
3412,Male,27,1,33,1,1-2 Year,No,30913,124,237,0
3413,Female,33,1,17,1,< 1 Year,No,2630,152,221,0
3414,Female,21,1,49,0,< 1 Year,Yes,32933,152,91,0
3415,Male,49,1,30,1,1-2 Year,No,26783,124,279,0
3416,Male,23,1,46,1,< 1 Year,No,22564,152,54,0
3417,Male,23,1,6,0,< 1 Year,Yes,50464,152,204,0
3418,Male,54,1,28,1,1-2 Year,No,43786,125,42,0
3419,Male,43,1,41,0,1-2 Year,Yes,29660,124,30,0
3420,Female,33,1,28,0,1-2 Year,Yes,29318,155,91,1
3421,Female,27,1,8,1,< 1 Year,No,34747,152,53,0
3422,Male,46,1,28,0,1-2 Year,Yes,42370,124,166,0
3423,Male,78,1,19,0,1-2 Year,Yes,38803,26,26,0
3424,Male,33,1,6,0,< 1 Year,Yes,2630,156,57,1
3425,Female,27,1,49,1,< 1 Year,No,2630,153,109,0
3426,Male,41,1,51,0,1-2 Year,Yes,27982,163,252,0
3427,Female,24,1,6,0,< 1 Year,Yes,28336,152,112,0
3428,Male,49,1,28,0,1-2 Year,Yes,40086,124,198,0
3429,Female,26,1,27,0,< 1 Year,Yes,2630,26,175,0
3430,Male,45,1,28,0,1-2 Year,Yes,42245,26,78,1
3431,Male,26,1,8,1,< 1 Year,No,50357,152,141,0
3432,Female,32,1,41,1,< 1 Year,No,55414,152,240,0
3433,Male,23,1,29,1,< 1 Year,No,25260,152,11,0
3434,Female,41,1,28,0,1-2 Year,Yes,25483,124,54,0
3435,Male,24,1,36,0,< 1 Year,Yes,24605,152,58,0
3436,Male,71,1,4,0,1-2 Year,Yes,33623,26,66,0
3437,Male,29,1,22,1,1-2 Year,Yes,2630,156,134,0
3438,Male,23,1,19,0,< 1 Year,No,34107,152,134,1
3439,Female,27,1,28,1,< 1 Year,No,37297,151,184,0
3440,Female,36,1,37,1,1-2 Year,No,29600,152,262,0
3441,Female,43,1,9,0,1-2 Year,Yes,2630,8,213,0
3442,Female,24,1,41,1,< 1 Year,No,2630,152,64,0
3443,Female,20,1,28,0,< 1 Year,Yes,53944,124,103,0
3444,Male,25,1,13,0,< 1 Year,Yes,24130,151,195,0
3445,Male,39,1,17,1,1-2 Year,No,34877,124,134,0
3446,Male,38,1,14,0,1-2 Year,Yes,2630,156,171,0
3447,Female,41,1,28,1,1-2 Year,No,41754,124,105,0
3448,Male,45,1,28,0,1-2 Year,Yes,32936,124,265,1
3449,Male,27,1,15,1,< 1 Year,Yes,40460,152,94,0
3450,Female,23,1,14,1,< 1 Year,No,23341,152,261,0
3451,Female,38,1,50,0,1-2 Year,Yes,30840,152,89,0
3452,Male,47,1,8,0,1-2 Year,Yes,26006,29,167,1
3453,Male,53,1,28,0,1-2 Year,Yes,48010,26,238,0
3454,Female,71,1,28,0,1-2 Year,Yes,42812,26,170,0
3455,Male,66,1,28,0,1-2 Year,Yes,47888,26,152,0
3456,Female,23,1,15,0,< 1 Year,No,27504,152,42,0
3457,Male,39,1,41,0,1-2 Year,Yes,31848,124,275,0
3458,Male,21,1,28,0,1-2 Year,Yes,23645,154,17,0
3459,Female,22,1,15,0,< 1 Year,Yes,29262,152,56,1
3460,Male,43,1,9,1,1-2 Year,No,36401,124,89,0
3461,Male,24,1,18,0,1-2 Year,Yes,16728,124,16,1
3462,Male,49,1,28,0,1-2 Year,Yes,39599,124,187,0
3463,Female,27,1,8,1,< 1 Year,No,26313,152,221,0
3464,Female,22,1,45,1,< 1 Year,No,30265,152,69,0
3465,Male,25,1,9,1,< 1 Year,No,35321,152,162,0
3466,Male,47,1,28,0,1-2 Year,Yes,35531,124,264,0
3467,Male,62,1,28,0,1-2 Year,Yes,52825,124,142,0
3468,Female,58,1,28,0,1-2 Year,Yes,27106,124,65,0
3469,Male,28,1,37,1,< 1 Year,No,33247,152,72,0
3470,Female,79,1,48,0,1-2 Year,Yes,2630,26,111,0
3471,Female,27,1,28,0,< 1 Year,Yes,57512,152,292,1
3472,Female,52,1,36,1,1-2 Year,No,31125,163,129,0
3473,Male,29,1,28,0,1-2 Year,Yes,45394,13,116,1
3474,Female,25,1,36,0,< 1 Year,Yes,2630,151,73,0
3475,Male,24,1,29,1,< 1 Year,No,31966,152,271,0
3476,Male,27,1,8,1,< 1 Year,No,31514,152,132,0
3477,Female,35,1,41,1,1-2 Year,No,22567,151,29,0
3478,Female,22,1,32,0,< 1 Year,Yes,38251,152,92,0
3479,Female,24,1,50,1,< 1 Year,No,38173,152,118,0
3480,Male,37,1,36,0,> 2 Years,Yes,25905,124,70,0
3481,Female,36,1,40,0,1-2 Year,Yes,31426,26,23,0
3482,Male,41,1,36,1,1-2 Year,Yes,36165,124,116,0
3483,Male,73,1,28,1,1-2 Year,No,2630,23,249,0
3484,Male,53,1,28,1,1-2 Year,No,25877,124,183,0
3485,Male,70,1,28,0,1-2 Year,Yes,51881,124,139,0
3486,Male,24,1,13,1,< 1 Year,No,19440,152,161,0
3487,Male,22,1,13,1,< 1 Year,No,30998,160,141,0
3488,Male,52,1,39,0,1-2 Year,Yes,36337,26,276,0
3489,Male,24,1,34,0,< 1 Year,Yes,33336,152,84,0
3490,Female,21,1,27,0,< 1 Year,Yes,41320,160,191,0
3491,Female,58,1,8,1,1-2 Year,No,48097,7,189,0
3492,Female,23,1,13,0,< 1 Year,No,32864,152,284,0
3493,Female,22,1,35,1,< 1 Year,No,25067,152,153,0
3494,Female,23,1,8,1,< 1 Year,No,45456,152,115,0
3495,Male,47,1,28,0,1-2 Year,Yes,66710,125,292,1
3496,Female,29,1,11,1,< 1 Year,No,16734,152,33,0
3497,Female,68,1,30,1,1-2 Year,Yes,31514,26,153,0
3498,Male,66,1,41,0,1-2 Year,Yes,33186,154,27,0
3499,Male,74,1,26,0,1-2 Year,Yes,46392,26,42,1
3500,Female,39,1,28,0,1-2 Year,Yes,28042,124,256,1
3501,Male,69,1,0,0,> 2 Years,Yes,2630,11,172,1
3502,Male,53,0,29,0,1-2 Year,Yes,46213,26,55,1
3503,Male,47,1,28,1,1-2 Year,No,49929,26,38,0
3504,Male,31,1,28,1,< 1 Year,No,51057,152,218,0
3505,Female,23,1,27,0,< 1 Year,Yes,24716,152,249,0
3506,Female,25,1,23,0,< 1 Year,Yes,31348,152,59,1
3507,Male,21,1,2,1,< 1 Year,No,25165,152,240,0
3508,Male,68,1,28,1,1-2 Year,No,26113,26,28,0
3509,Male,34,1,6,0,1-2 Year,Yes,36935,152,122,0
3510,Female,41,1,15,0,1-2 Year,Yes,22138,157,174,0
3511,Male,27,1,9,1,< 1 Year,No,26996,152,271,0
3512,Female,24,1,17,0,< 1 Year,Yes,2630,152,174,0
3513,Male,24,1,15,0,< 1 Year,No,41305,152,285,0
3514,Female,31,1,46,1,< 1 Year,No,21825,152,241,0
3515,Male,53,1,28,0,1-2 Year,Yes,35009,26,87,0
3516,Female,29,1,41,1,< 1 Year,No,18574,152,280,0
3517,Male,23,1,3,1,< 1 Year,No,15760,152,107,0
3518,Female,49,1,8,0,1-2 Year,Yes,39645,124,54,1
3519,Female,25,1,47,1,< 1 Year,No,36654,152,70,0
3520,Male,38,1,46,0,1-2 Year,Yes,19167,156,63,0
3521,Male,79,1,45,0,1-2 Year,Yes,21882,124,78,0
3522,Male,55,1,29,1,1-2 Year,No,34778,26,179,0
3523,Female,23,1,41,1,< 1 Year,No,51194,26,270,0
3524,Female,25,1,28,1,< 1 Year,No,55492,152,201,0
3525,Male,25,1,41,1,< 1 Year,No,28129,152,230,0
3526,Female,23,1,4,1,< 1 Year,No,24374,152,111,0
3527,Female,26,1,29,1,< 1 Year,No,30990,152,68,0
3528,Male,60,1,28,0,1-2 Year,No,59080,26,261,0
3529,Male,41,1,28,1,1-2 Year,Yes,34477,26,190,0
3530,Female,39,1,50,1,1-2 Year,No,31950,8,136,0
3531,Male,23,1,15,0,< 1 Year,Yes,30240,152,45,0
3532,Female,62,1,28,1,1-2 Year,No,23422,124,166,0
3533,Male,36,1,6,1,1-2 Year,No,41618,152,178,0
3534,Female,24,1,49,1,< 1 Year,Yes,2630,152,114,0
3535,Male,58,1,28,0,> 2 Years,Yes,47305,124,207,0
3536,Female,24,1,36,1,< 1 Year,No,42081,152,104,0
3537,Male,67,1,28,0,1-2 Year,Yes,45417,30,98,0
3538,Male,34,1,28,0,1-2 Year,Yes,30668,26,147,1
3539,Female,54,1,28,0,> 2 Years,Yes,54393,26,169,0
3540,Male,20,1,13,0,< 1 Year,Yes,34862,160,272,0
3541,Male,42,1,43,0,1-2 Year,Yes,2630,157,139,0
3542,Female,25,1,43,0,< 1 Year,No,2630,152,185,0
3543,Female,23,1,41,1,< 1 Year,No,37935,152,181,0
3544,Male,28,1,28,1,< 1 Year,No,36501,152,225,0
3545,Female,47,1,12,0,1-2 Year,Yes,2630,156,96,1
3546,Female,26,1,28,0,< 1 Year,Yes,41286,152,200,0
3547,Male,64,1,15,1,1-2 Year,No,34210,26,34,0
3548,Male,25,1,15,1,< 1 Year,No,36451,152,206,0
3549,Male,50,1,28,0,> 2 Years,Yes,47391,26,57,1
3550,Male,69,1,8,1,1-2 Year,Yes,29264,124,196,0
3551,Female,50,1,46,1,1-2 Year,No,31230,11,212,0
3552,Male,24,1,10,1,< 1 Year,No,29995,152,144,0
3553,Female,22,1,8,1,< 1 Year,No,33832,152,250,0
3554,Male,26,1,36,0,< 1 Year,Yes,30058,152,71,0
3555,Male,44,1,8,0,1-2 Year,Yes,36385,124,173,0
3556,Female,38,1,28,0,1-2 Year,Yes,77169,60,223,0
3557,Male,42,1,28,1,1-2 Year,No,45970,124,177,0
3558,Male,45,1,28,0,< 1 Year,No,2630,1,136,0
3559,Male,27,1,18,1,< 1 Year,No,22020,152,65,0
3560,Male,74,1,12,1,1-2 Year,Yes,33406,26,176,0
3561,Male,42,1,28,1,1-2 Year,No,30414,124,82,0
3562,Female,55,1,4,0,1-2 Year,Yes,26487,26,91,0
3563,Male,59,1,28,0,1-2 Year,Yes,59145,26,210,0
3564,Male,35,1,45,1,1-2 Year,No,38392,26,178,0
3565,Male,24,1,15,1,< 1 Year,No,24357,152,139,0
3566,Male,21,1,8,0,< 1 Year,Yes,40472,160,102,0
3567,Male,22,1,29,1,< 1 Year,No,43988,152,35,0
3568,Male,45,1,29,0,1-2 Year,Yes,37389,26,73,0
3569,Female,80,1,41,1,1-2 Year,No,2630,14,193,0
3570,Female,39,1,41,1,< 1 Year,No,2630,1,82,0
3571,Female,42,1,33,0,> 2 Years,Yes,36154,124,123,0
3572,Male,61,1,15,1,1-2 Year,No,2630,26,295,0
3573,Male,21,1,33,1,< 1 Year,No,28574,152,298,0
3574,Male,44,1,50,1,1-2 Year,No,30840,69,60,0
3575,Male,55,1,46,0,1-2 Year,Yes,2630,155,216,0
3576,Female,22,1,8,0,< 1 Year,Yes,28404,152,64,0
3577,Male,48,1,28,1,1-2 Year,No,33494,124,140,0
3578,Male,25,1,28,0,< 1 Year,No,43065,152,32,0
3579,Male,45,1,28,0,1-2 Year,Yes,37616,124,58,1
3580,Female,23,1,30,1,< 1 Year,No,42665,26,292,0
3581,Female,27,1,41,1,< 1 Year,No,40715,152,97,0
3582,Male,69,1,18,0,1-2 Year,Yes,33206,26,133,0
3583,Female,25,1,14,1,< 1 Year,No,21471,152,33,0
3584,Female,28,1,50,1,< 1 Year,No,25423,152,263,0
3585,Male,46,1,8,0,1-2 Year,Yes,39781,124,158,1
3586,Female,27,1,34,0,< 1 Year,Yes,26711,152,266,0
3587,Male,43,1,15,1,1-2 Year,No,35331,26,126,0
3588,Female,43,1,28,1,1-2 Year,No,49528,26,194,0
3589,Male,22,1,46,1,< 1 Year,No,23260,160,101,0
3590,Female,26,1,50,1,< 1 Year,No,25998,152,173,0
3591,Female,24,1,19,1,< 1 Year,No,2630,152,106,0
3592,Female,41,1,28,0,1-2 Year,Yes,38437,26,52,0
3593,Female,74,1,48,1,1-2 Year,No,2630,122,146,0
3594,Male,26,1,8,1,< 1 Year,No,35917,152,226,0
3595,Female,27,1,30,1,< 1 Year,No,33780,152,246,0
3596,Male,22,1,28,0,< 1 Year,Yes,33379,152,126,0
3597,Male,53,1,36,0,1-2 Year,No,54203,26,76,0
3598,Female,45,1,28,1,1-2 Year,No,25973,26,288,0
3599,Female,23,1,7,0,< 1 Year,Yes,2630,152,190,0
3600,Female,70,1,50,1,1-2 Year,No,41229,8,171,0
3601,Male,46,1,28,1,1-2 Year,No,37180,26,154,0
3602,Male,30,1,28,0,< 1 Year,Yes,41780,122,273,1
3603,Male,21,1,3,0,< 1 Year,Yes,27501,152,134,0
3604,Male,53,1,28,0,1-2 Year,Yes,40007,26,223,1
3605,Male,75,1,41,0,1-2 Year,Yes,31017,26,243,0
3606,Male,21,1,8,1,< 1 Year,No,31663,160,110,0
3607,Female,42,1,32,0,1-2 Year,Yes,2630,124,83,0
3608,Male,46,1,28,0,1-2 Year,Yes,39084,124,87,0
3609,Female,24,1,11,1,< 1 Year,No,2630,152,292,0
3610,Female,71,1,39,0,1-2 Year,Yes,41365,154,276,0
3611,Female,51,1,28,1,1-2 Year,No,31031,122,44,0
3612,Male,55,1,48,0,1-2 Year,Yes,2630,15,152,0
3613,Male,20,1,15,1,< 1 Year,No,38225,160,71,0
3614,Male,65,1,8,1,1-2 Year,No,2630,26,34,0
3615,Female,35,1,46,0,1-2 Year,Yes,28371,124,151,1
3616,Female,25,1,46,1,< 1 Year,No,2630,152,162,0
3617,Male,65,1,28,0,1-2 Year,Yes,31617,26,28,0
3618,Female,74,1,28,0,> 2 Years,Yes,39960,13,92,0
3619,Female,24,1,41,1,< 1 Year,No,29461,160,273,0
3620,Male,42,1,28,0,1-2 Year,Yes,39144,124,13,1
3621,Male,38,1,38,0,1-2 Year,Yes,23505,124,239,0
3622,Male,49,1,8,1,1-2 Year,No,40562,26,196,0
3623,Female,28,1,11,1,< 1 Year,No,39228,26,140,0
3624,Male,34,1,38,1,1-2 Year,Yes,2630,156,280,0
3625,Female,23,1,28,1,< 1 Year,No,75043,152,17,0
3626,Male,55,1,10,0,1-2 Year,Yes,20076,26,84,0
3627,Male,24,1,46,1,< 1 Year,No,20267,152,126,0
3628,Female,42,1,28,0,> 2 Years,Yes,53976,122,208,0
3629,Male,40,1,41,0,1-2 Year,Yes,31417,26,242,0
3630,Male,25,1,15,1,< 1 Year,No,31184,152,228,0
3631,Female,32,1,23,1,1-2 Year,No,33195,26,293,0
3632,Male,67,1,28,0,1-2 Year,Yes,47388,26,56,0
3633,Female,28,1,27,1,< 1 Year,No,22996,152,67,0
3634,Male,23,1,29,1,< 1 Year,No,24668,152,261,0
3635,Male,33,1,9,1,< 1 Year,No,55981,152,196,0
3636,Male,80,1,46,0,1-2 Year,No,28516,26,249,0
3637,Male,24,1,11,1,< 1 Year,No,29723,152,96,0
3638,Female,21,1,13,1,< 1 Year,No,26671,160,18,0
3639,Male,22,1,8,1,< 1 Year,No,79388,160,82,0
3640,Male,23,1,24,1,< 1 Year,No,28597,26,116,0
3641,Female,27,1,3,1,< 1 Year,No,30712,152,282,0
3642,Male,68,1,28,0,> 2 Years,Yes,2630,157,268,0
3643,Male,45,1,41,0,1-2 Year,Yes,37935,26,19,0
3644,Male,44,1,33,0,> 2 Years,Yes,2630,157,71,0
3645,Female,27,1,36,0,< 1 Year,Yes,25981,152,118,0
3646,Female,45,1,41,0,1-2 Year,No,2630,26,218,0
3647,Female,22,1,15,0,< 1 Year,Yes,22646,152,68,0
3648,Female,24,1,21,0,< 1 Year,Yes,26801,152,256,0
3649,Male,29,1,28,0,< 1 Year,Yes,54631,152,73,0
3650,Female,25,1,46,1,< 1 Year,No,29618,152,90,0
3651,Female,65,1,28,1,1-2 Year,No,40017,124,155,0
3652,Male,50,1,28,0,1-2 Year,Yes,24700,124,145,0
3653,Male,22,1,41,0,< 1 Year,Yes,29169,152,95,0
3654,Male,21,1,13,0,< 1 Year,Yes,19618,152,128,1
3655,Male,73,1,3,1,1-2 Year,No,2630,124,158,0
3656,Male,44,1,11,0,1-2 Year,Yes,33990,120,256,0
3657,Female,22,1,8,1,< 1 Year,No,35590,152,106,0
3658,Male,38,1,8,1,1-2 Year,Yes,2630,157,208,1
3659,Male,30,1,46,1,< 1 Year,No,24556,160,49,0
3660,Female,42,1,35,0,1-2 Year,Yes,40281,26,54,1
3661,Female,47,1,28,1,1-2 Year,No,52521,26,21,0
3662,Male,71,1,8,1,1-2 Year,No,36603,26,89,0
3663,Male,59,1,39,1,1-2 Year,No,39359,124,242,0
3664,Female,41,1,28,0,1-2 Year,Yes,2630,124,92,1
3665,Male,24,1,34,1,< 1 Year,No,32949,152,219,0
3666,Female,25,1,30,0,< 1 Year,Yes,25302,152,228,0
3667,Male,60,1,28,0,1-2 Year,Yes,51602,124,259,0
3668,Male,43,1,28,0,1-2 Year,No,38786,15,261,0
3669,Female,26,1,29,1,< 1 Year,No,45635,152,243,0
3670,Male,25,1,46,1,< 1 Year,No,40575,152,38,0
3671,Female,59,1,15,0,1-2 Year,Yes,36303,14,50,0
3672,Female,42,1,20,0,1-2 Year,No,2630,124,267,0
3673,Female,43,1,28,0,1-2 Year,No,38689,26,237,1
3674,Female,21,1,2,0,< 1 Year,Yes,22092,160,81,0
3675,Male,36,1,28,0,< 1 Year,Yes,29353,26,82,1
3676,Female,23,1,21,1,< 1 Year,No,2630,152,67,0
3677,Female,25,1,11,1,< 1 Year,No,35679,152,136,0
3678,Male,35,1,41,1,1-2 Year,No,33124,26,40,0
3679,Male,37,1,41,0,1-2 Year,Yes,27534,122,278,1
3680,Male,44,1,29,0,1-2 Year,Yes,35120,26,260,0
3681,Female,41,1,14,0,1-2 Year,Yes,24629,152,183,0
3682,Male,27,1,44,1,< 1 Year,No,46538,152,217,0
3683,Male,47,1,8,0,1-2 Year,Yes,2630,156,149,0
3684,Male,61,1,28,0,1-2 Year,Yes,2630,124,113,0
3685,Male,23,1,46,0,< 1 Year,Yes,2630,152,169,0
3686,Male,22,1,9,0,< 1 Year,Yes,28878,152,248,0
3687,Female,37,1,29,0,1-2 Year,Yes,27963,26,140,0
3688,Female,25,1,49,0,< 1 Year,No,31345,152,71,0
3689,Male,42,1,46,0,1-2 Year,Yes,30027,124,284,0
3690,Female,37,1,28,1,1-2 Year,No,29406,124,171,0
3691,Female,48,1,28,1,1-2 Year,No,29009,26,298,0
3692,Female,63,1,8,0,1-2 Year,Yes,42661,124,160,0
3693,Female,23,1,29,1,< 1 Year,No,32359,152,205,0
3694,Male,24,1,15,0,< 1 Year,Yes,40977,152,249,0
3695,Female,75,1,19,0,1-2 Year,Yes,28547,124,157,0
3696,Male,41,1,28,1,1-2 Year,No,46317,26,249,0
3697,Male,44,1,28,1,1-2 Year,No,2630,124,74,0
3698,Male,35,1,46,0,1-2 Year,No,22241,154,267,0
3699,Male,43,1,28,0,1-2 Year,Yes,37729,122,141,0
3700,Female,64,1,28,0,> 2 Years,Yes,64378,25,146,1
3701,Male,22,1,46,0,< 1 Year,Yes,28040,152,85,0
3702,Male,42,1,28,1,1-2 Year,No,25272,13,239,0
3703,Male,22,1,46,0,< 1 Year,Yes,2630,152,43,0
3704,Female,22,1,39,0,< 1 Year,Yes,14431,152,204,0
3705,Male,69,1,28,1,1-2 Year,No,41184,40,217,0
3706,Male,46,1,28,0,1-2 Year,Yes,44273,124,33,0
3707,Male,27,1,29,1,< 1 Year,Yes,2630,1,67,0
3708,Female,23,1,28,0,< 1 Year,Yes,32886,152,25,0
3709,Male,55,1,35,1,1-2 Year,No,34213,124,262,0
3710,Male,40,1,8,0,1-2 Year,Yes,31483,124,194,0
3711,Male,53,1,9,1,1-2 Year,No,41724,26,192,0
3712,Male,55,1,28,0,1-2 Year,No,34367,124,159,0
3713,Female,35,1,46,1,1-2 Year,No,35603,124,211,0
3714,Female,22,1,46,1,< 1 Year,No,31917,152,11,0
3715,Male,50,1,8,0,1-2 Year,Yes,45894,26,205,1
3716,Female,40,1,47,1,1-2 Year,No,22684,29,63,0
3717,Male,52,1,8,0,> 2 Years,Yes,41821,26,159,0
3718,Male,63,1,39,0,1-2 Year,Yes,48388,26,263,0
3719,Female,23,1,8,1,< 1 Year,No,34787,152,173,0
3720,Male,69,1,28,0,> 2 Years,Yes,42275,124,52,1
3721,Female,42,1,28,1,1-2 Year,No,45778,124,94,0
3722,Male,27,1,17,0,< 1 Year,Yes,43535,26,243,0
3723,Female,23,1,41,0,< 1 Year,Yes,43626,124,114,0
3724,Female,72,1,28,0,1-2 Year,Yes,55288,124,178,0
3725,Male,35,1,28,0,> 2 Years,Yes,42012,26,230,0
3726,Male,44,1,28,0,1-2 Year,Yes,45701,125,288,0
3727,Male,30,1,29,1,< 1 Year,No,24494,152,248,0
3728,Male,40,1,28,0,1-2 Year,Yes,55387,26,202,1
3729,Female,37,1,26,0,1-2 Year,Yes,34533,22,30,0
3730,Male,22,1,36,1,< 1 Year,Yes,2630,152,186,0
3731,Female,28,1,10,1,< 1 Year,No,34901,152,77,0
3732,Male,69,1,28,0,1-2 Year,Yes,24303,55,276,0
3733,Female,47,1,28,1,1-2 Year,No,2630,156,44,0
3734,Female,65,1,41,1,1-2 Year,No,45231,124,197,0
3735,Female,63,1,28,0,1-2 Year,Yes,35352,26,228,0
3736,Male,47,1,33,0,1-2 Year,Yes,2630,156,159,0
3737,Female,23,1,14,0,< 1 Year,Yes,20184,152,143,0
3738,Female,23,1,36,1,< 1 Year,No,26417,151,262,0
3739,Male,36,1,35,0,1-2 Year,Yes,25017,124,203,0
3740,Female,38,1,20,0,1-2 Year,Yes,2630,154,42,1
3741,Female,45,1,33,0,1-2 Year,No,37710,124,94,0
3742,Male,23,1,15,0,< 1 Year,Yes,33667,152,75,0
3743,Male,25,1,28,0,< 1 Year,Yes,38489,152,161,1
3744,Female,21,1,46,1,< 1 Year,No,35910,160,65,0
3745,Female,72,1,41,1,1-2 Year,No,45434,26,143,0
3746,Male,20,1,6,0,< 1 Year,Yes,34774,160,244,0
3747,Female,39,1,14,1,1-2 Year,No,31567,26,208,0
3748,Male,51,1,48,0,1-2 Year,Yes,2630,124,41,0
3749,Female,34,1,28,0,1-2 Year,Yes,48314,124,269,1
3750,Male,21,1,45,0,< 1 Year,Yes,37295,160,196,0
3751,Female,74,1,8,1,1-2 Year,Yes,2630,7,234,0
3752,Male,52,1,41,1,1-2 Year,No,26536,124,161,0
3753,Female,21,1,8,1,< 1 Year,No,41444,160,157,0
3754,Male,55,1,28,0,1-2 Year,Yes,52298,124,132,0
3755,Female,32,1,31,0,< 1 Year,Yes,2630,152,189,0
3756,Male,41,1,15,0,1-2 Year,Yes,29931,124,170,1
3757,Female,25,1,41,1,< 1 Year,No,21643,160,297,0
3758,Male,40,1,2,0,1-2 Year,Yes,2630,157,75,0
3759,Female,21,1,46,1,< 1 Year,No,23685,160,151,0
3760,Male,23,1,45,0,< 1 Year,Yes,34667,152,64,0
3761,Male,38,1,41,0,1-2 Year,Yes,2630,154,39,0
3762,Female,45,1,8,0,1-2 Year,Yes,2630,124,33,0
3763,Male,22,1,37,0,< 1 Year,Yes,29317,152,18,0
3764,Male,31,1,28,1,< 1 Year,No,46331,152,250,0
3765,Male,47,1,28,1,1-2 Year,No,34933,26,214,0
3766,Female,21,1,36,0,< 1 Year,Yes,34578,160,232,0
3767,Male,20,1,47,0,< 1 Year,Yes,40295,160,117,0
3768,Male,28,1,18,1,< 1 Year,No,2630,152,165,0
3769,Female,22,1,47,1,< 1 Year,No,2630,152,60,0
3770,Male,45,1,19,1,1-2 Year,No,31978,124,173,0
3771,Female,49,1,14,0,1-2 Year,No,2630,26,16,0
3772,Male,23,1,13,0,< 1 Year,Yes,23893,152,267,0
3773,Male,57,1,47,0,1-2 Year,No,32988,124,251,0
3774,Male,25,1,30,1,< 1 Year,No,25270,152,69,0
3775,Female,52,1,10,0,1-2 Year,Yes,30253,124,77,0
3776,Female,25,1,37,0,< 1 Year,Yes,22058,152,116,0
3777,Male,48,1,24,0,1-2 Year,Yes,29380,26,174,0
3778,Male,26,1,2,0,< 1 Year,Yes,36198,152,154,0
3779,Male,36,1,28,0,1-2 Year,Yes,36691,124,143,0
3780,Male,36,1,8,0,1-2 Year,Yes,30335,124,104,0
3781,Female,24,1,36,1,< 1 Year,No,33546,152,46,0
3782,Female,26,1,50,1,< 1 Year,No,42201,152,54,0
3783,Male,66,1,28,1,1-2 Year,No,34825,124,49,0
3784,Male,29,1,18,0,< 1 Year,Yes,29307,152,91,0
3785,Female,21,1,35,1,< 1 Year,No,41542,152,258,0
3786,Male,40,1,20,0,1-2 Year,Yes,2630,29,81,0
3787,Female,25,1,11,1,< 1 Year,No,2630,152,140,0
3788,Male,24,1,8,1,< 1 Year,No,66499,152,183,0
3789,Female,59,1,7,0,1-2 Year,Yes,47868,26,76,0
3790,Male,39,1,39,0,1-2 Year,Yes,40633,124,282,0
3791,Female,35,1,28,0,1-2 Year,Yes,30462,124,46,0
3792,Female,25,1,28,1,< 1 Year,No,27157,152,214,0
3793,Male,35,1,8,0,1-2 Year,Yes,41473,122,113,0
3794,Male,23,1,35,1,< 1 Year,No,2630,160,106,0
3795,Female,34,1,28,1,1-2 Year,No,2630,152,154,0
3796,Female,23,1,13,1,< 1 Year,No,21737,152,107,0
3797,Female,29,1,28,1,< 1 Year,No,39768,152,297,0
3798,Female,21,1,12,1,< 1 Year,Yes,29446,160,229,0
3799,Male,23,1,25,1,< 1 Year,No,22038,152,27,0
3800,Female,22,1,14,0,< 1 Year,Yes,24147,152,61,0
3801,Male,24,1,39,1,< 1 Year,No,33779,152,229,0
3802,Male,73,1,5,1,1-2 Year,No,2630,124,110,0
3803,Male,26,1,18,1,< 1 Year,No,2630,152,166,0
3804,Male,44,1,41,0,1-2 Year,No,33798,124,286,0
3805,Female,53,1,41,0,1-2 Year,Yes,36955,26,191,1
3806,Male,67,1,41,0,> 2 Years,Yes,69043,26,59,0
3807,Male,46,1,28,1,1-2 Year,Yes,46470,26,258,0
3808,Male,61,1,28,0,> 2 Years,Yes,41760,124,63,0
3809,Female,28,1,28,1,< 1 Year,No,31737,152,216,0
3810,Female,24,1,15,1,< 1 Year,No,29881,152,17,0
3811,Female,28,1,28,1,< 1 Year,No,31147,152,172,0
