housing_median_age,total_rooms,population,households,median_income,median_house_value
41,880,322,126,8.3252,452600
21,7099,2401,1138,8.3014,358500
52,1467,496,177,7.2574,352100
52,1274,558,219,5.6431,341300
52,1627,565,259,3.8462,342200
52,919,413,193,4.0368,269700
52,2535,1094,514,3.6591,299200
52,3104,1157,647,3.12,241400
42,2555,1206,595,2.0804,226700
52,3549,1551,714,3.6912,261100
52,2202,910,402,3.2031,281500
52,3503,1504,734,3.2705,241800
52,2491,1098,468,3.075,213500
52,696,345,174,2.6736,191300
52,2643,1212,620,1.9167,159200
50,1120,697,264,2.125,140000
52,1966,793,331,2.775,152500
52,1228,648,303,2.1202,155500
50,2239,990,419,1.9911,158700
52,1503,690,275,2.6033,162900
40,751,409,166,1.3578,147500
42,1639,929,366,1.7135,159800
52,2436,1015,478,1.725,113900
52,1688,853,325,2.1806,99700
52,2224,1006,422,2.6,132600
41,535,317,119,2.4038,107500
49,1130,607,239,2.4597,93800
52,1898,1102,397,1.808,105500
50,2082,1131,473,1.6424,108900
52,729,395,155,1.6875,132000
49,1916,863,378,1.9274,122300
52,2153,1168,441,1.9615,115200
48,1922,1026,335,1.7969,110400
49,1655,754,329,1.375,104900
51,2665,1258,536,2.7303,109700
49,1215,570,264,1.4861,97200
48,1798,987,374,1.0972,104500
52,1511,901,403,1.4103,103900
52,1470,689,309,3.48,191400
52,2432,1377,696,2.5898,176000
52,1665,946,395,2.0978,155400
51,936,517,249,1.2852,150000
49,713,462,189,1.025,118800
52,950,467,198,3.9643,188800
52,1443,660,292,3.0125,184400
52,1656,718,382,2.6768,182300
50,1125,616,304,2.026,142500
43,1007,558,253,1.7348,137500
40,624,423,160,0.9506,187500
40,946,700,352,1.775,112500
21,896,735,438,0.9218,171900
43,1868,1061,407,1.5045,93800
41,3221,1959,720,1.1108,97500
52,1630,1162,400,1.2475,104200
52,1170,701,233,1.6098,87500
52,945,576,220,1.4113,83100
52,1238,622,259,1.5057,87500
52,1489,728,244,0.8172,85300
52,1387,1074,304,1.2171,80300
2,158,94,57,2.5625,60000
52,1121,554,187,3.3929,75700
49,135,86,23,6.1183,75000
50,760,377,122,0.9011,86100
52,1224,521,159,1.191,76100
48,828,392,133,2.5938,73500
52,1010,604,187,1.1667,78400
48,1455,788,332,0.8056,84400
52,1027,492,147,2.6094,81300
52,572,274,82,1.8516,85000
46,2801,1823,611,0.9802,129200
26,768,392,127,1.7719,82500
46,935,582,277,0.7286,95200
49,844,560,152,1.75,75000
46,12,18,7,0.4999,67500
20,835,290,133,2.483,137500
17,1237,762,439,0.9241,177500
36,2914,1236,509,2.4464,102100
19,1207,721,207,1.1111,108300
23,1745,1054,325,0.8026,112500
38,684,344,155,2.0114,131300
17,924,609,289,1.5,162500
52,210,183,56,1.1667,112500
52,340,200,87,1.5208,112500
52,386,346,155,0.8075,137500
35,948,467,169,1.8088,118800
52,773,377,115,2.4083,98200
40,880,582,380,0.977,118800
10,875,546,330,0.76,162500
10,105,125,39,0.9722,137500
52,249,396,85,1.2434,500001
16,994,800,362,2.0938,162500
52,215,904,88,0.8668,137500
52,96,191,34,0.75,162500
27,1055,718,302,2.6354,187500
39,1715,1327,467,1.8477,179200
36,5329,3469,2323,2.0096,130000
31,4596,2048,1180,2.8345,183800
29,335,202,91,2.0062,125000
22,3682,2024,1250,1.2185,170000
37,3633,1838,980,2.6104,193100
29,4656,2304,1250,2.4912,257800
28,5806,2563,1497,3.2177,273400
39,854,389,228,3.125,237500
52,2155,895,613,2.5795,350000
34,5871,2689,1789,2.8406,335700
52,1509,674,244,4.9306,313400
52,2026,709,456,3.2727,268500
52,1758,686,422,3.1691,259400
52,3481,1444,718,3.9,275700
28,3337,1520,802,3.9063,225000
52,1424,550,253,5.0917,262500
32,3809,1806,1022,2.6429,218500
26,3959,1749,1217,3.0233,255000
52,2376,939,519,3.1484,224100
35,1613,675,422,3.4722,243100
52,1279,534,291,3.1429,231600
28,5022,2558,1661,2.4234,218500
52,4190,1786,1037,3.0897,234100
50,2515,970,373,5.8596,327600
47,3175,1098,485,5.2868,347600
41,2576,794,376,5.956,366100
37,334,98,47,4.9643,335000
52,2800,1061,403,6.3434,373600
52,3529,1177,555,5.1773,389500
52,2612,901,367,7.2354,391100
28,5287,2031,956,5.457,337300
50,2935,1031,479,7.5,295200
44,3424,1358,597,6.0194,292300
40,4991,1616,654,7.5544,411500
30,2211,844,343,6.0666,311500
34,3038,1140,496,7.0548,325900
18,1617,533,194,11.6017,392600
35,2865,1072,443,7.4882,319300
34,5065,1627,766,6.8976,333300
28,1326,463,190,8.2049,335200
26,1589,542,211,8.401,351200
29,1791,661,269,6.8538,368900
32,1835,635,263,8.317,365900
37,1229,420,176,7.0175,366700
39,3770,1265,500,6.3302,362800
30,292,126,52,6.3624,483300
52,2375,813,350,7.0549,331400
45,2964,1067,426,6.7851,323500
50,2833,1260,552,2.8929,216700
38,2254,951,487,3.0812,233100
52,1389,510,224,5.2402,296400
52,1971,765,308,6.5217,273700
52,2183,1129,460,3.2632,227700
52,2286,1073,441,3.0298,199600
52,2721,1185,515,4.5428,239800
52,2024,756,340,4.072,270100
52,2944,1034,521,5.3509,302100
52,2033,787,459,3.1603,269500
52,1433,612,213,4.7708,314700
52,2927,1021,380,8.1564,390100
52,2315,861,258,8.8793,410300
52,2485,953,327,6.8591,352400
52,1490,634,256,6.0302,287300
52,2814,878,352,7.508,348700
52,2093,918,483,2.7477,243800
52,888,360,175,2.1944,211500
52,2087,1197,488,3.0149,218400
52,2513,1048,518,3.675,269900
46,3232,1373,747,3.225,218800
42,4120,1715,1015,2.9345,225000
43,2364,1359,722,2.1429,250000
41,1471,1062,413,1.6121,171400
29,2468,1335,773,1.3929,193800
27,1632,1171,429,2.3173,125000
45,1786,1475,460,1.7772,97500
50,629,742,196,2.6458,125000
52,1339,1086,363,2.181,138800
36,1678,1645,543,2.2303,116700
43,2344,1710,644,1.6504,151800
52,996,731,228,2.2697,127000
52,1591,1118,347,2.1563,128600
52,1586,1006,335,2.1348,140600
47,2046,1213,554,2.6292,182700
52,1192,772,257,2.3833,146900
52,1803,1321,401,2.957,122800
49,2838,1487,677,2.5238,169300
52,783,488,186,1.9375,126600
51,1590,949,392,1.9028,127900
50,1746,1149,415,2.25,123500
52,1252,844,280,2.3929,111900
43,5963,4367,1231,2.1917,112800
52,1783,1659,412,2.9357,107900
30,999,1011,263,1.8854,137500
39,1469,1464,389,2.1638,105500
47,1372,1237,303,2.125,95500
52,674,647,168,3.375,116100
43,1626,1284,357,2.2542,112200
51,175,228,55,2.1,75000
39,461,381,123,1.6,112500
52,902,846,227,3.625,125000
20,2373,1659,676,1.6929,115000
52,391,520,138,1.6471,95000
52,1137,866,259,2.59,96400
52,769,612,183,2.57,72000
52,472,415,126,2.6429,71300
52,862,994,213,3.0257,80800
50,1920,1525,477,1.4886,128800
43,1420,1506,438,1.9338,112500
52,986,1008,255,1.4844,119400
44,2340,2813,751,1.6009,118100
48,1696,1481,343,2.0375,122500
49,1175,859,219,2.293,106300
37,2343,1608,523,2.1494,132500
30,610,425,140,1.6198,122700
40,930,564,184,1.3281,113300
44,1487,961,272,3.5156,109500
52,3424,2273,685,3.9048,164700
52,762,600,195,3.0893,125000
46,2366,1647,527,2.6042,124700
49,1826,1201,424,2.5,136700
38,3049,2167,659,2.7969,141700
29,1640,939,340,2.8321,150000
47,1543,859,292,2.9583,138800
34,2364,1517,516,2.8365,139200
35,1745,1143,386,2.875,143800
39,2003,1109,464,3.0682,156500
39,2018,1221,446,3.0757,151000
43,3045,1115,455,4.9559,273000
52,1547,706,268,4.7721,217100
52,3519,1883,706,3.4861,187100
41,2070,804,340,5.1184,239600
48,1321,506,252,4.0977,229700
48,1694,610,238,4.744,257300
46,1938,768,332,4.2727,246900
50,968,462,184,2.9844,179900
40,1060,667,235,4.1739,169600
46,2041,1059,399,3.8487,203300
52,1813,637,277,4.0114,263400
45,2718,1106,454,4.6563,231800
28,3144,1737,669,2.9297,140500
35,1802,1009,390,2.3036,126000
49,882,737,210,2.6667,122000
44,1621,1354,491,2.619,134700
45,2115,1530,474,2.4167,139400
45,2021,1410,480,2.7788,115400
46,2239,1390,569,2.7352,137300
52,1477,1065,269,1.8472,137000
52,1056,792,245,2.6583,142600
49,898,779,245,3.0536,137500
44,2968,2269,610,2.3906,111700
43,1702,1227,407,1.7188,126800
47,881,753,241,2.625,111300
40,494,547,135,2.8015,114800
50,1776,1807,440,1.7276,102300
44,1678,1700,495,2.0801,131900
51,1637,1543,393,2.489,119100
52,1420,1085,300,1.7546,80600
52,591,353,137,4.0904,80600
52,745,473,149,2.6765,88800
49,2272,1621,483,2.4338,102400
46,1234,1183,354,2.3309,98700
43,1017,836,277,2.2604,100000
42,932,900,263,1.8039,92300
39,2689,1888,537,2.2562,94800
41,1547,1024,341,2.0562,102000
52,2300,1225,423,3.5398,158400
39,1752,1071,376,3.1167,121600
50,1867,1128,378,2.5401,129100
43,2430,1537,484,2.898,121400
44,1729,1240,393,2.3125,102800
52,1026,469,168,2.875,160000
52,2170,1086,425,3.3715,143900
52,2329,1144,417,3.5114,151200
52,2492,1109,375,4.3125,164400
52,2198,984,369,3.22,156500
33,142,575,47,3.875,225000
49,1183,496,209,5.2328,174200
52,1070,555,190,3.7262,166900
45,1766,869,327,4.5893,163500
39,617,236,106,5.2578,253000
41,1411,626,214,7.0875,240700
46,2109,922,329,3.9712,208100
47,1229,582,256,2.9514,198100
50,954,546,201,2.6667,172800
37,1643,620,266,5.4446,336700
34,1355,442,195,6.2838,318200
23,2317,955,328,6.7527,285800
24,2459,916,324,7.0712,293000
22,12842,4985,1967,5.9849,371000
42,1524,651,267,3.6875,157300
30,3326,1704,703,2.875,135300
43,1985,1085,407,3.4205,136700
50,1642,713,284,3.2984,160700
49,893,468,181,3.875,140600
52,653,296,121,4.175,144000
47,1256,570,218,4.375,161900
48,977,446,180,4.7708,156300
45,2324,968,384,3.5739,176000
39,1583,857,316,3.0958,145800
39,1612,912,322,3.3958,141900
31,2424,1360,452,1.871,90700
41,1594,1074,355,1.9356,90600
47,2118,965,382,2.1842,107900
37,1575,933,320,2.2917,107000
38,1764,987,354,2.4333,98200
50,1187,907,246,1.9479,89500
52,754,447,165,3.9063,93800
49,2308,1299,451,1.8407,96700
27,909,396,157,2.0786,97500
42,1180,877,268,2.8125,97300
43,2018,1111,367,1.8913,91200
49,1368,790,269,1.7056,91400
52,2744,1479,554,2.2768,96200
51,2107,1173,438,3.2552,120100
52,1748,1029,366,2.0556,100000
52,2024,1030,350,2.4659,94700
47,1116,826,279,1.75,85700
41,2036,1412,454,2.0469,89300
45,1852,1132,349,2.7159,101400
41,921,522,159,1.2083,72500
45,995,630,237,1.925,74100
36,606,531,133,1.5809,70000
37,2680,1925,667,1.4097,84600
38,1493,1144,351,0.7683,81800
19,2207,1481,520,1.3194,81400
28,856,435,162,0.8012,81800
26,1293,984,303,1.9479,85800
36,847,567,159,1.1765,87100
42,541,380,123,2.3456,83500
44,1066,825,244,2.1538,79700
43,707,417,155,2.5139,83400
45,1528,801,287,1.2625,84700
42,909,646,198,2.9063,80000
43,1391,855,285,2.5192,76400
44,548,435,136,2.1111,79700
42,4074,2736,780,2.455,82400
41,1613,1481,414,2.4028,97700
47,463,327,137,2.15,97200
43,818,494,179,2.4776,101600
43,1473,1231,341,2.1587,86500
35,504,323,109,1.8438,90500
46,1026,749,225,3.0298,107600
46,769,693,178,2.25,84200
46,2103,1339,354,2.2467,88900
45,330,282,80,4.0469,80700
46,941,621,195,1.325,87100
38,992,732,259,1.6196,85100
45,990,901,260,2.1731,82000
36,1126,482,150,1.9167,82800
43,1036,652,213,2.069,84600
36,1047,651,166,1.712,82100
33,1280,999,286,2.5625,89300
43,1587,907,306,1.9821,98300
41,1257,828,230,2.5043,92300
44,1218,763,254,2.3281,88800
48,1751,935,349,1.4375,90000
45,2299,1437,484,2.5122,95500
38,2457,1516,482,1.5625,91700
47,998,597,185,3.1587,100400
40,1685,949,342,1.8426,94800
46,1827,881,302,4.6696,164300
36,2781,1438,519,2.4598,155500
39,1823,763,270,6.0749,196900
27,2229,1297,355,4.8304,279100
34,1513,545,211,5.5701,252800
26,3266,1222,533,5.37,275400
33,1809,808,219,6.86,250000
28,794,329,109,7.6923,329800
36,690,299,109,4.0313,195500
33,1334,579,202,6.8323,255900
30,414,137,50,4.975,311100
36,768,229,93,5.3602,330000
41,4400,1476,648,5,248900
46,954,429,154,2.925,142900
40,1445,849,255,3.8913,126300
44,1938,946,331,3.225,135800
41,856,571,191,3.1458,130600
24,1790,1137,386,2.537,107900
44,617,378,135,2.5568,111100
43,1383,853,272,3.5083,122000
49,1325,764,282,3.3125,118000
40,1227,928,261,1.8235,95200
35,667,406,133,3.8047,94300
34,1223,824,280,2.2917,92500
37,1379,835,259,2.4962,91800
43,1534,826,295,4.0417,109400
46,1029,567,211,3.4844,129500
52,771,355,144,4.1458,143400
47,824,533,166,2.625,98200
44,1097,609,215,2.0227,103100
49,1283,576,236,3.3333,276800
52,1604,594,286,5.338,270900
52,2248,870,377,3.4732,246200
38,2263,1027,509,3.5125,224200
52,1571,693,326,3.1375,229100
46,1520,815,375,2.8036,211600
15,5083,2420,1146,4.5824,256100
36,1077,518,276,3.0208,206300
52,1248,620,275,4.0875,221300
42,1342,551,266,4.5268,207400
37,3061,2556,924,1.7375,350000
52,3171,1498,696,3.1795,218200
50,1211,523,227,3.8672,216700
52,979,374,153,5.1675,270600
52,2269,1004,371,5.1696,261400
52,1844,769,334,4.2614,261300
52,2178,940,423,5.0551,232200
42,1650,645,256,5.6228,375400
52,1927,705,288,7.8864,357300
52,2079,684,275,7.9556,374400
52,1803,572,236,6.174,358800
52,2041,671,253,6.9414,417500
52,3046,975,365,8.8342,430500
52,2318,779,312,7.1754,362900
52,2003,658,244,10.0825,397000
52,2261,819,335,4.9083,346800
52,1225,412,168,5.7912,327100
52,2315,835,369,4.5893,290100
52,2070,722,306,5.4171,292000
52,2616,1085,487,4.125,270900
52,2640,973,355,7.266,371100
52,1978,723,272,5.3989,335600
37,2220,903,362,7.8336,371300
41,1125,356,181,6.1593,344000
52,3078,1005,462,6.381,342200
52,3706,1205,504,6.6828,370900
37,3000,987,450,7.5385,350000
42,2863,1031,448,6.7138,368600
52,2551,894,404,6.2425,391800
52,2255,823,377,5.7979,415300
52,3360,1232,621,4.2813,284900
52,1693,669,367,3.5417,287500
44,2252,989,550,3.0132,272900
52,2495,1058,464,4.1429,259600
52,1193,506,207,4.1912,254500
52,1172,489,218,3.9167,235600
52,2159,824,388,3.8897,218400
48,2365,1034,475,3.1065,229200
46,1895,920,425,2.9926,192100
52,1650,841,380,3.556,179300
45,453,749,137,1.475,187500
52,409,208,98,1.6971,138800
10,503,228,100,2.1705,150000
50,499,287,128,2.75,140600
52,477,218,106,2.5682,120000
46,1647,854,355,2.9,144800
52,3123,1695,684,2.2208,144800
52,957,403,172,3.2344,245500
52,589,288,131,3.5156,200000
49,2026,963,521,1.9805,173700
50,1829,1129,516,2.6684,185600
52,895,386,204,3.875,182600
52,1909,811,406,3.006,227900
46,3022,1293,675,2.543,220700
46,1777,805,431,2.8676,212000
52,2803,1372,876,2.1907,271400
30,1465,862,425,1.7778,268800
37,2619,1152,616,2.52,277800
52,1149,483,249,4.2788,332500
52,2363,1558,573,2.944,338900
52,2604,1798,769,1.725,287500
41,685,266,123,5.2289,384600
42,1756,2184,422,2.5562,371400
52,1204,2016,477,0.949,350000
52,609,1349,250,1.1696,500001
52,1087,3337,350,1.4012,175000
52,2773,1721,949,1.1859,241700
35,3218,1675,1000,1.7464,216700
49,1350,707,350,2.8846,211300
52,3084,1424,694,2.7372,210200
52,938,393,189,3.8594,196400
52,1813,828,339,3.5625,191700
52,1233,571,292,2.2788,182300
44,2539,1382,713,2.537,175000
46,1267,792,321,2.525,165900
52,1665,815,372,1.9946,156900
52,1659,788,346,2.8214,164300
52,2225,1145,430,2.6165,150000
50,2485,1354,563,1.9483,150500
52,2031,958,445,1.9327,169900
49,2932,1361,608,1.9798,147400
52,2246,1005,449,2.4167,152700
49,2052,924,414,2.5417,182700
52,1999,780,358,3.3906,179300
52,3007,1582,636,2.5652,157700
41,2214,1213,568,2.2845,153100
52,1088,486,267,2.6071,250000
52,834,494,175,3.15,206300
52,1769,849,365,2.6914,218800
52,2307,1127,548,1.8447,198200
35,5161,3276,1742,1.6307,253600
52,3497,1493,794,2.9044,257400
52,3774,1461,679,2.9405,289500
52,2888,1253,538,3.3893,241700
48,2153,1656,459,3.0417,489600
52,1389,514,202,7.0897,446200
52,1709,719,295,5.0463,456300
52,1587,878,449,1.7652,336800
52,1668,517,214,7.8521,500001
52,3726,1366,496,9.3959,500001
52,4048,1316,590,5.3794,376900
52,3618,1508,755,3.2619,309600
52,4076,1800,815,2.7054,182300
47,2077,719,326,2.2431,172700
50,1279,675,255,1.9028,150800
52,1974,875,363,1.5817,153600
52,335,152,77,2.2841,106300
47,1375,843,319,1.3785,142300
52,610,281,132,2.9018,119400
44,1025,506,204,1.73,147900
48,2063,1054,466,2.2625,132900
35,1872,1017,414,2.2106,132500
52,3108,1623,765,2.6997,126900
14,7355,3100,2051,4.0018,143800
52,2990,947,361,7.8772,500001
39,2492,808,315,11.8603,500001
42,2991,1018,335,13.499,500001
52,3242,1001,352,12.2138,500001
52,3051,1005,369,8.1872,466100
52,3494,1192,383,12.3804,500001
52,1757,585,227,5.8948,457800
52,2449,916,316,8.1194,471600
52,1611,556,179,8.7477,500001
52,3665,1470,520,6.155,398600
52,2474,1104,398,5.883,340700
52,3037,1242,518,5.2128,289900
52,2269,805,321,4.7188,335300
52,1316,378,162,5.2915,333000
52,1153,481,223,2.6411,241000
52,772,409,160,3.3214,189600
52,1711,885,373,3.6417,206300
52,2650,1468,567,3.0161,215700
52,1038,482,215,3.1771,210200
52,1527,825,264,3.4531,208800
52,859,429,158,4.3098,197900
52,970,528,208,3.3438,201300
52,1045,496,216,2.9213,190800
52,1408,718,265,2.6806,207900
52,1222,630,265,3.7708,215300
45,1169,723,286,3.9444,212900
13,2020,959,486,5.2601,292700
30,4145,3668,855,2.5444,275000
42,2038,2037,355,2.6447,200000
29,5154,3741,1273,2.5762,173400
42,1241,821,300,1.9427,102200
52,1468,870,347,2.9688,220800
27,3997,1901,966,3.75,242800
18,2873,1243,663,5.1702,265400
50,1487,730,327,2.5139,219000
52,1670,793,299,2.9732,282100
52,2252,1033,434,5.5337,372000
52,1731,872,363,4.1667,225800
52,1710,849,457,2.7115,220800
52,2388,1121,518,3.3269,234500
52,2156,872,445,3.2685,254200
52,1565,637,297,4.7778,351800
52,1704,663,340,4.226,275000
52,1210,411,172,3.3571,405400
52,2097,915,413,2.9899,228100
52,1848,921,477,2.875,234000
43,955,585,266,2.3882,162500
43,4329,2086,1053,2.975,243400
52,3011,1303,535,5.1039,273800
52,1049,374,176,4.1458,248500
52,2504,979,472,3.4762,244000
52,1846,827,446,2.6833,240900
52,1705,658,253,5.75,306300
50,1542,654,268,3.9632,240000
45,891,384,146,4.9489,247100
27,4051,1499,797,4.8711,286600
52,2646,1128,522,3.0718,266700
49,2428,1110,492,3.6719,229800
52,2567,1119,415,4.6094,229300
21,7031,2930,1235,4.5213,228400
25,1914,897,390,4.4562,206200
5,18634,7427,2718,7.611,350700
31,5785,2973,1312,3.2689,231000
52,2876,1340,632,3.567,252900
28,6909,2974,1484,3.6875,353900
23,5679,2690,1151,4.7695,291700
20,1156,583,326,3.1972,100000
12,14316,5781,2007,7.2634,341600
5,3596,1738,512,7.0568,412500
36,3541,1478,529,4.635,248600
40,1808,746,270,5.3015,254900
36,2879,1235,455,4.9801,241500
26,3204,1411,484,5.4834,295200
31,3866,1368,521,6.187,340400
32,2476,1048,367,5.6194,274700
35,2211,1004,365,5.4639,238600
35,2663,1086,367,5.1498,266400
30,2599,922,350,5.8382,330200
36,4569,1950,819,4.65,206800
25,2973,1413,595,4.3819,209200
30,3115,1444,568,3.7222,195800
31,1843,749,269,5.2855,253500
31,2053,867,329,4.3375,241800
27,6740,2723,1035,5.2131,252500
30,1751,731,263,6.005,263900
38,1663,781,301,5.0519,227000
38,3716,1784,652,4.8237,220900
32,2718,1156,410,5.2497,259300
39,1420,645,277,4.125,232500
37,1893,821,315,4.6005,231600
33,3906,1912,770,3.5187,209400
32,3400,1487,694,3,223200
25,3402,1645,710,3.4934,209900
33,4413,2239,1051,2.9861,208200
29,2304,1021,552,2.5362,203800
36,2350,1105,467,3.3021,195700
31,5914,2999,1295,3.0964,190500
43,1575,740,284,2.8512,181000
42,1414,629,244,3.3478,184900
37,848,314,205,2.3958,190800
15,3051,1479,668,3.5295,242200
20,4296,1732,800,4.8036,188300
52,2898,1338,550,3.851,183500
52,1071,440,192,4.0662,204200
51,2619,922,393,4.6042,251900
49,1494,611,288,2.2,187500
52,2260,994,412,4.1164,198200
52,1394,545,230,3.95,219000
52,1028,317,143,4.9135,275000
45,3758,1573,736,2.8355,245400
46,2163,925,435,3.25,177500
49,1699,768,385,2.8301,171600
52,1555,620,292,3.7159,183300
52,1114,425,207,2.5625,175000
45,1498,1003,305,3.8047,156700
45,726,519,135,3.375,157500
38,890,481,198,3.244,179800
36,2639,1209,519,4.0268,205500
35,2562,1398,525,3.3906,178900
36,361,158,58,5.5461,262500
42,3008,1817,664,3.371,165000
46,1369,766,289,3.5313,159700
5,1692,814,328,3.663,158300
38,1007,618,239,2.875,144800
43,3783,2139,789,4.0202,166300
37,1507,632,253,4.5553,191000
36,666,366,134,3.4643,175000
10,2229,877,485,3.3431,137500
28,2215,830,573,2.1898,141700
31,1616,739,379,2.9097,210900
47,1190,540,266,3.375,198300
29,4169,2024,962,2.8125,157400
52,2024,823,334,5,264700
38,1723,711,353,3.0673,218400
43,2264,931,368,3.8125,235100
33,1996,686,270,6.9096,341800
26,2862,1030,397,7.912,367300
35,2183,976,392,3.8393,243500
35,1037,552,210,4,167900
25,1134,340,171,6.5095,371200
39,786,288,132,3.5156,218900
45,1397,555,248,2.983,202700
45,2315,1006,444,3.524,186200
44,1613,776,346,3.1103,188900
44,1421,609,270,3.5781,180000
18,5778,2441,1352,3.1682,202700
27,3094,1364,789,2.6101,181700
18,3905,2197,1044,3.6932,166800
43,3046,1333,544,3.4583,183700
19,3516,1810,703,3.9032,218000
36,998,531,183,4.0208,191500
36,1464,672,261,3.5547,194700
17,1463,695,330,4.5859,187200
21,4124,2162,998,2.6321,223100
17,2380,1216,643,3.395,271300
36,1266,606,239,3.9702,194100
36,2239,1203,379,5.0043,190400
38,1571,874,301,4.4659,189100
38,1246,637,222,3.6625,184600
36,1501,703,276,3.8864,197300
36,1468,733,229,3.4583,192600
36,1118,625,228,3.7813,192200
36,1097,568,225,2.9917,194600
36,1719,836,311,4.4375,193500
24,1755,952,362,4,202600
16,1687,568,352,2.3869,83300
24,2262,1125,366,4.7609,212600
5,2087,840,401,5.4858,187800
36,1480,796,283,4.3971,205700
36,1545,863,267,4.0109,192900
35,2632,1349,486,4.3864,205200
30,2261,929,383,4.2841,213400
39,1670,957,335,5.1312,183600
37,2141,1093,555,2.9958,178400
27,3337,1489,607,3.6364,219200
31,3184,1561,628,2.7955,183100
44,2341,1256,485,2.9507,157100
30,1197,695,279,3.4375,157800
34,1131,560,237,2.875,161700
38,1164,632,289,3.0345,152100
41,3495,1849,750,2.679,144900
17,2488,1287,538,2.9922,179900
35,2681,1580,536,4.1042,179100
19,2495,1571,579,2.5833,159900
23,1689,828,443,2.1552,161400
29,1298,835,338,2.3274,170400
19,2693,1765,724,2.4206,137500
41,746,387,161,3.9063,178400
37,2444,1562,618,2.6464,155200
42,1472,768,309,3.4643,160900
10,2227,1140,472,2.3973,167300
20,200,83,31,6.5,340000
32,1283,485,171,6.0574,431000
6,2445,1189,573,3.8958,301100
21,1307,586,249,4.7813,241900
5,3785,2240,792,3.2829,162500
10,2031,867,352,5.3169,299200
10,8299,3827,1288,6.2579,315500
23,7518,3827,1294,5.1701,216800
36,1815,1280,431,3.25,218100
30,5367,2667,1047,3.1796,170300
26,1167,253,137,2.4196,275000
26,2607,1401,607,2.6563,184100
29,493,233,152,0.9637,160000
48,1252,673,308,2.3357,175000
41,1382,704,314,3.5114,197500
43,500,273,120,3.3125,150000
29,2333,1120,540,2.4042,205600
41,1834,1105,467,2.8322,170300
43,1415,569,293,2.5156,190900
37,1352,691,324,3.4032,196900
37,2116,1109,448,2.535,174000
37,1976,1197,465,2.5772,170200
38,1779,1061,400,3.0962,180900
34,3659,2479,903,2.9564,150500
31,1892,1162,389,3.125,167100
35,1958,1146,448,2.95,148900
40,1553,724,267,4.38,196400
37,2412,975,375,4.0417,191100
36,2110,952,370,3.8,187500
45,2179,1159,399,3.4839,180600
45,2457,1129,422,4.0588,182800
44,2147,1175,401,4.1974,179300
43,1676,924,328,3.6,179400
35,2976,1424,538,4.267,210300
34,3036,1366,500,4.2386,192300
35,2472,1171,390,5.5797,198100
36,1487,641,243,4.0682,196200
38,2012,880,332,3.1734,181600
37,3342,1635,557,4.7933,186900
37,3156,1495,543,4.8125,188300
40,1748,914,317,3.8676,184000
33,3429,1798,694,3.9395,184700
42,3592,1625,665,3.2434,179900
38,1035,599,224,3.0917,167200
32,3028,2037,703,3.0645,165400
33,2431,1854,603,2.7019,154000
39,2069,1408,478,3.1115,153500
40,1340,766,271,3.4722,135400
39,1160,725,274,2.2222,158300
32,2015,1019,340,6.1104,240700
22,3882,1830,743,4.2733,180700
27,3239,1469,616,3.2465,230600
28,2932,1198,624,3.2417,210800
38,2104,1039,394,3.875,165300
29,1694,690,242,6.0501,254200
18,3000,1155,415,6.8233,332600
23,2419,1066,384,6.3501,350000
28,2280,1255,587,2.6719,161200
21,5031,2461,1042,3.875,179300
33,1547,1063,356,2.5625,154300
31,3300,2181,740,3.016,161800
17,5018,3069,1299,2.7694,161900
35,1813,1093,374,3.6818,165400
37,1997,1349,437,2.1382,166600
37,901,599,206,3.7303,149700
35,686,480,149,3.875,162100
33,1954,1293,448,3.0489,152600
27,2630,1414,634,2.8203,195200
35,1130,543,184,4.3897,190600
35,1184,572,194,4.7143,193800
34,656,342,112,4.6875,200600
29,2544,2332,603,3.2091,150000
36,1305,768,234,4.275,185300
36,1755,913,299,4.1302,172700
35,2843,1726,643,3.09,174100
25,2538,1185,501,4.5417,194400
28,1784,735,278,4.6635,206700
31,1797,796,319,4.4427,204500
36,410,252,82,4.5303,175000
26,162,86,25,2.375,137500
18,9963,5613,1946,3.8171,187200
35,2361,1727,467,4.5281,173600
19,862,407,183,4.3456,163000
18,4335,2041,734,3.4861,331600
31,1487,854,301,5.2312,197600
8,3592,1907,746,3.6708,197900
40,432,264,77,3.8875,228100
34,1457,735,249,3.9167,189500
32,1578,836,292,3.9063,184200
29,2172,1377,408,3.7895,180900
36,1340,789,248,3.8,172000
36,1116,662,226,5.7309,177900
36,1885,853,271,4.1141,173100
36,1180,664,200,5.2838,172600
30,5267,4065,1113,3.3479,182100
23,1897,1109,418,3.142,179500
31,767,548,185,3.7614,176000
33,691,431,149,4.25,192600
36,786,463,160,3.9338,182700
22,5861,5436,1463,2.5158,134900
27,2784,2028,693,2.4808,157600
25,4524,2426,862,4.7083,190900
37,1468,1038,282,4.1652,158200
20,1655,857,430,3.5541,350000
33,1227,848,291,3.8036,158200
33,1160,729,220,3.8259,146100
33,952,369,159,3.2331,226700
35,2072,1001,350,4.7109,198700
32,2964,1472,527,4.2468,221200
35,1032,453,176,6.396,208500
35,657,328,134,3.8125,204200
32,1540,793,302,3.2857,193200
35,1298,632,204,3.8929,209500
36,1409,1002,281,3.7262,164900
37,1383,808,241,4.0125,161400
36,1151,727,215,4.1719,187000
35,899,455,185,4.2857,190400
37,1793,1534,346,3.6458,156600
17,2485,1139,550,2.6875,157300
35,1931,1175,337,3.7292,168100
24,2329,1401,453,4.5913,177600
12,6711,3388,1289,3.8625,208900
23,1939,841,364,3.3611,169200
16,1642,705,351,2.8971,163900
34,1619,1148,310,4.0326,164700
35,517,391,107,4.0682,156900
36,1570,992,249,5.3644,168800
35,1213,790,243,4.7019,174100
27,1826,1016,313,5.64,206500
26,2261,1039,395,3.7931,203900
9,3666,2341,703,4.6458,217000
36,1633,1382,338,3.694,159600
31,2155,1858,437,2.652,159800
32,1295,1156,300,3.5,154300
32,1295,1097,328,3.2386,149600
33,1518,831,268,5.097,188600
17,3314,1873,602,4.3875,238500
22,3009,1640,514,4.625,235300
6,2605,1568,433,5.0406,261400
17,5159,3174,817,5.8704,234400
18,1726,1186,310,5.3226,231700
16,1816,1367,355,4.235,156300
13,2578,1680,528,4.825,222000
15,2576,1657,410,5.5218,254400
16,1644,1033,267,6.5116,244300
16,1606,1117,268,6.0661,247000
16,3349,2003,488,6.0074,236500
15,3475,2568,653,4.6211,151400
16,1893,1461,344,5.225,213700
14,1727,1116,273,5.3428,243600
15,6243,3163,1274,3.7462,212500
24,2077,1488,389,4.5721,214700
18,1165,855,319,3.6923,213200
16,4371,2530,817,4.6786,256000
2,838,240,149,2.875,237500
15,3052,2097,728,3.3617,178100
17,4313,2629,721,5.7579,231800
36,385,295,92,2.9706,147900
10,3046,2056,628,3.9022,191700
21,4342,2172,789,4.6146,247600
15,3575,1777,559,5.7192,283500
20,4126,2079,975,3.6832,216900
31,2878,1276,485,6.2073,282500
6,4405,2071,688,5.8151,295600
14,16199,8117,2847,5.8322,281800
14,14917,8012,2606,5.6277,269800
12,5719,3436,1057,5.2879,231200
8,8647,5019,1379,6.5615,318300
15,8112,4576,1348,5.6758,253400
7,10648,6075,1797,6.1047,278200
5,1150,648,245,3.5714,300000
3,14014,7205,2753,6.0824,273500
23,4332,2461,829,4.3594,223400
35,1716,914,316,5.5737,214500
31,4981,2841,924,4.8962,220200
24,8444,4446,1491,4.6978,240300
6,3028,1531,736,4.4259,158000
26,2068,1434,495,3.3008,224200
33,1325,909,267,4.5687,177200
24,2563,1174,501,3.8179,216100
18,5505,2641,971,5,269700
20,6462,3288,1235,4.3393,231200
4,3746,1606,838,4.1387,162500
13,8918,4518,1772,4.8052,254000
31,1949,986,322,4.6349,196200
17,4924,3080,1182,3.168,189400
17,5133,3386,1339,3.1326,220800
16,6647,4649,1903,2.9074,213800
15,5674,2412,714,8.3996,442900
21,10687,4552,1520,6.6478,333400
25,1354,596,220,6.629,352400
27,3715,1631,538,6.2179,305300
33,2095,941,304,5.761,259600
29,3517,1724,585,4.6641,248900
31,2537,1067,410,6.7599,356000
14,5106,2738,1108,3.9909,236000
23,2215,1278,492,4.2955,218800
28,2949,1538,545,4.9615,228000
18,2375,1252,586,2.6198,235900
28,2312,1344,467,4.7135,203200
35,2277,1353,413,4.75,197000
26,2506,1273,406,5.4299,236400
28,2829,1610,540,4.6,223200
26,3179,2142,639,4.1947,222700
26,2332,1285,404,5.388,225000
18,3584,1673,661,3.9444,240100
28,3046,1772,516,5.3283,227900
28,2414,1106,453,4.8403,268600
29,4133,2023,749,5.1616,275100
34,2791,1276,468,4.9167,256300
27,6103,3026,1134,4.1591,332400
32,2572,1128,395,5,287600
26,1910,852,357,5.8325,298900
27,1890,889,314,5.7057,287600
25,5405,2831,923,5.0423,222200
26,3761,1776,613,4.5317,232600
25,3333,1671,504,5.4359,258300
23,4925,2530,894,5.0824,230900
33,3994,2721,763,5.2308,196900
22,5811,3215,1086,4.4107,223500
26,4211,2352,734,5.2396,223900
27,5532,2855,960,4.7478,243500
7,28258,12203,3701,8.4045,451100
9,4909,1981,591,9.7194,500001
10,7441,3571,1466,5.1643,193100
23,4314,1972,623,5.3813,264400
26,2016,1105,357,6.0878,246900
13,5377,2759,760,6.868,337300
22,9167,4319,1404,6.992,284800
26,3087,1597,483,4.9118,217300
23,3170,1446,515,4.4357,291700
26,2145,1285,377,4.9464,223800
25,4209,2568,703,5.2882,223100
23,4247,2357,823,5.1321,211300
25,4458,2998,890,3.9667,218500
17,407,307,100,3.1696,156300
20,6483,3526,1060,5.0838,248200
35,1867,1213,338,4.8214,186000
6,2918,1911,639,4.1406,178200
34,2316,1524,467,3.7364,190400
31,1240,719,236,3.535,210300
16,4458,3038,870,5.0739,208000
18,1746,1268,404,3.256,183300
19,4572,2346,709,6.0667,245700
21,4280,2216,681,5.7072,242200
7,6352,3223,1316,4.9867,181700
4,7477,2937,1506,5.1437,299400
22,4638,2302,687,5.347,219500
25,4377,2038,671,5.7233,231800
26,3816,1935,642,4.4697,221300
26,2806,1453,444,4.9107,213800
26,4822,2288,805,4.2281,206000
15,6473,2484,970,5.0143,271100
6,8072,3386,1062,7.2494,336500
46,1280,512,208,5.1406,315600
24,3166,1081,400,8.3337,500001
13,3742,1590,559,7.316,285400
18,7397,3126,1115,6.4994,323000
23,1655,706,219,7.2211,291900
3,2456,793,456,4.4087,225600
23,2179,926,299,5.9345,259600
20,1804,831,260,6.177,262900
18,3631,1700,520,5.817,257300
18,2876,1395,427,6.3132,259200
12,7490,3329,1136,6.3373,339700
23,2234,854,286,7.333,337200
22,1898,734,245,6.2918,334100
16,4070,1543,577,6.5214,311500
25,2244,937,324,6.4524,296900
20,2948,1181,474,6.0604,247900
19,2034,852,295,6.5285,300400
15,2130,876,285,7.2639,332400
7,9540,3926,1229,7.4353,389800
29,2702,1360,642,3.1127,233000
39,522,161,102,2.4896,238500
52,775,315,123,5.0677,233300
3,1565,769,461,2.1187,231300
20,1309,514,172,10.9506,475800
13,5519,2444,825,7.0691,393200
10,4337,1813,743,5.5,247200
28,1812,853,278,4.9879,229400
4,4719,1895,742,6.8132,282500
14,4236,1833,663,5.6399,300600
22,3634,1699,640,4.1597,293200
27,1569,583,214,5.7519,278500
13,13182,4847,1950,5.6417,352900
43,228,83,42,10.3203,400000
47,127,51,21,4.3472,375000
13,9621,4389,1391,6.6827,313700
4,6159,2649,1241,3.62,139300
16,4290,1952,576,7.3588,327500
26,1786,771,279,5.7239,430600
32,404,144,58,4.2083,125000
17,1671,729,252,6.1023,450000
12,5608,2595,1067,3.9864,200200
11,12070,5826,2125,4.8624,192400
25,494,254,85,9.1531,418800
22,5533,2474,910,4.7361,216800
17,3956,2222,662,5.4324,215500
12,1906,802,319,4.9375,227700
29,3433,1919,709,3.3841,184400
36,1687,950,372,3.5532,158400
34,2358,1157,461,3.3618,174600
35,2853,1761,572,4.3533,168400
25,6296,3200,1047,4.5357,188400
9,3980,1705,679,5.7068,256700
26,2647,1422,522,3.7212,183800
35,1755,702,263,5.2443,183400
35,1864,1189,349,4.2361,177500
32,1078,555,197,3.1856,186900
17,20354,8768,3293,5.4496,238900
17,3112,1392,680,3.0222,172500
44,495,277,109,2.6667,179200
52,2157,929,419,3.7301,204400
41,1501,629,288,4.6806,209400
20,8068,3489,1259,5.7907,264200
6,3023,1225,468,6.3705,350000
26,2211,1024,321,5.2649,199800
26,2163,947,346,6.0797,211000
28,1773,804,269,4.8571,201100
25,1947,900,354,3.8523,193000
22,14701,6693,2232,5.98,245000
17,1364,338,152,2.45,117600
15,2061,573,196,2.2417,97900
16,3045,202,102,3.15,140600
14,3545,946,411,3.4609,120900
13,2944,1091,466,3,119000
16,1443,435,181,3.2031,129200
17,2277,767,356,2.5208,99100
18,1564,618,277,2.3549,108900
15,4403,1103,433,3.0125,111700
34,1133,495,187,2.05,68900
23,1001,369,157,3.125,96400
10,1783,638,262,2.65,116700
17,1521,607,240,3.5,123800
25,1374,657,288,2.5476,97900
40,1391,546,214,3.9107,129800
13,1473,597,228,4.2917,121300
15,1248,529,216,3.3393,107200
16,1748,4930,287,4.3029,121900
28,3998,1614,698,2.8125,113400
27,3471,1793,600,3.5508,99100
18,2791,1187,438,3.2589,103000
13,2084,834,305,3.2937,114200
17,5654,2237,953,3.0465,144100
15,4221,1737,743,2.3125,128600
9,1787,806,306,2.525,157200
18,2144,985,381,3.175,118500
23,1538,730,267,2.6078,116700
15,3750,1444,603,2.7399,134800
19,3267,1252,566,2.7236,109900
16,1257,559,213,4.4531,144300
37,1341,533,242,3.2135,123600
12,9831,4644,1775,3.1142,112600
23,6010,2710,1149,3.0068,107300
12,7653,3628,1494,3.0905,117800
17,5273,2446,1199,1.9362,89900
14,2351,1215,548,2.3155,102300
19,7254,4030,1667,2.0094,87300
15,10265,4591,1906,3.07,142600
12,14631,7517,3262,1.6785,153100
22,1707,822,297,3.6625,126600
18,1651,856,293,3.5046,118300
7,1737,747,265,3.9,147000
39,568,267,129,1.8095,78100
39,1139,623,264,2.2833,85800
41,2901,1426,632,1.5633,84500
52,444,1107,98,3.4191,137500
17,3425,2469,758,0.9393,88900
13,3494,1571,784,1.1019,120200
29,4362,2053,1000,1.7284,74500
43,2976,1181,560,2.2621,85100
34,3263,1290,594,2.575,130300
28,2551,1011,374,4.3309,125200
29,7744,3316,1365,3.0253,111400
37,2236,974,379,3.2016,97000
11,7212,3264,1264,3.1125,122600
8,5690,2887,1077,3.0625,116300
8,140,84,29,2.125,179200
44,2923,1371,626,2.2925,85800
52,677,379,154,1.6797,94800
52,502,311,100,1.5481,200000
52,857,520,198,0.987,112500
52,1457,802,342,0.9566,69000
52,957,513,223,1.3672,55000
52,1741,753,377,2.0064,77900
18,7272,5022,1524,1.6911,98800
52,1890,974,383,1.6827,78700
21,5051,2948,980,1.5863,81300
33,2242,1160,449,1.7426,60300
42,2978,1879,679,1.5064,66300
18,1222,708,281,2.0288,116700
11,5103,2456,810,4.5032,159700
26,2741,1217,437,3.7007,139200
16,1453,904,286,3.5735,89600
38,549,275,94,3.5375,153100
25,2202,1109,403,2.8306,87500
20,3759,1705,600,4.712,158600
24,1535,726,272,2.3833,95100
20,1465,745,250,3.0625,93800
16,2867,1203,449,2.7143,95300
15,3996,1786,728,3.5189,141300
17,858,47,27,2.4028,67500
22,1468,611,235,2.3036,73000
14,1527,665,261,2.8657,119600
16,4591,1904,812,2.2419,93200
10,1742,721,312,2.4537,117900
11,3835,1456,658,2.5374,97200
12,1958,875,354,2.3507,97600
12,3744,1532,660,2.3079,95300
11,3974,1610,634,2.6147,107700
18,2672,1151,532,2.567,102900
20,743,395,168,1.625,88300
16,2754,1063,543,1.4048,86500
18,945,385,207,2.1838,58000
26,1503,699,296,1.875,84000
25,1612,837,303,2.963,89500
28,1677,770,309,2.6823,93400
23,790,365,152,2.1912,115200
18,2221,952,440,2.0458,105700
24,1535,664,273,2.3068,97300
19,2636,1184,465,2.7863,108600
20,1384,557,232,2.0882,104900
19,2487,1110,453,3.1061,110200
18,1676,733,318,1.7875,103800
20,908,481,211,2.2,80800
23,2263,1138,455,2.3403,87300
22,2447,1157,556,1.8245,85500
31,2431,1026,427,2.5428,85000
23,1759,788,359,1.8125,93500
31,1599,794,303,3,96700
22,2598,1151,490,2.8182,109700
14,2063,934,529,1.7788,85800
20,1173,523,258,1.0625,92800
37,1296,569,257,1.8616,70500
20,1808,763,335,2.3711,121800
17,2748,1174,514,3.066,102600
17,3502,1763,613,2.9625,101200
8,2836,1163,512,3.13,168300
17,1619,705,285,2.4623,126100
17,1646,750,344,2.3798,83800
19,2888,984,499,1.9766,92600
15,1677,844,330,2.3958,111200
15,1896,893,334,1.6948,87500
17,1583,730,306,2.3895,87500
22,2828,986,391,2.8871,94700
35,632,221,102,2.3684,62500
17,1483,481,211,1.4896,83300
15,2490,1229,497,2.3917,85700
9,818,358,197,1.7708,79500
26,1957,945,397,1.7308,53600
12,1733,1861,415,1.5771,65200
15,886,576,205,2.1467,84100
14,5549,1822,919,2.9562,142300
25,848,436,155,3.9028,93800
26,1652,790,292,3.0446,90800
17,1554,553,230,3.2174,91800
19,3720,1304,607,2.6921,97500
35,1806,683,295,4.5156,91200
30,1030,448,159,2.4821,73800
24,1028,471,186,2.9688,86400
33,3585,1887,765,2.502,62100
30,3085,1688,575,2.334,72200
39,1551,684,310,2.0357,57600
48,827,396,161,0.8024,58300
50,1050,485,260,1.1607,51700
47,1064,603,190,1.3654,57900
46,1885,871,347,1.6352,53100
31,2023,1073,436,1.5714,56100
25,2409,1384,479,1.9956,58000
24,1865,1087,385,1.6389,56700
29,1947,925,337,2.1658,57600
18,2105,974,385,1.6346,63300
24,1610,909,323,1.8661,59800
23,1387,640,289,1.4833,65200
15,202,145,40,0.8252,42500
26,3215,2041,737,1.0585,45100
38,1438,779,275,1.3289,39400
19,1537,617,274,1.5313,50300
29,2896,1809,617,1.8047,53800
14,1724,939,302,2.4952,53900
41,461,284,90,2.2045,41800
20,2505,1174,429,2.9965,88900
33,1462,569,231,3.2833,82600
30,1217,677,233,2.6563,63600
21,2628,1364,468,2.0455,59400
18,2278,1185,475,1.3611,60600
26,1340,662,239,2.6071,57100
31,1434,811,289,1.7727,49000
15,2119,1079,374,2.3566,80400
17,3659,1970,667,2.425,96200
52,189,121,37,3.0208,60000
27,720,359,138,2.5313,61300
22,2515,1284,462,2.1776,73800
27,2599,1241,502,1.9943,86300
24,1003,1098,227,1.7552,86400
22,1217,537,187,2.6607,84600
40,812,374,142,2.7891,73500
29,2220,1170,428,2.3224,56200
32,1852,911,365,1.7885,57000
46,1210,523,242,1.91,63900
37,2330,1505,470,2.0474,56000
34,842,635,165,1.8355,63000
27,2596,1100,409,2.3243,85500
30,1019,501,185,2.5259,81300
21,1432,862,275,2.2813,57600
22,1814,941,323,2.1728,59400
29,1687,864,334,2.4943,81900
39,1105,408,166,3.3929,82100
16,4221,1516,697,2.3816,116000
10,1566,785,291,2.5,116100
34,2745,1150,491,2.3654,94900
27,1199,463,199,2.9063,92200
37,736,339,140,2.2875,79900
9,7450,2233,930,2.6528,133000
16,3758,1777,615,3,122600
19,1003,538,190,2.9821,90400
16,3120,1319,526,2.0472,93200
8,2029,1000,364,4.0109,125900
9,3585,1800,598,3.636,133100
7,7188,3175,1115,3.8488,130600
21,3095,1341,546,2.1382,104000
32,2685,1061,492,2.5473,101600
17,2967,1387,564,2.0417,92600
13,4110,1796,706,2.6417,122300
13,763,311,125,2.4583,112500
20,1326,563,237,2.6667,86600
21,1435,668,267,2.5667,77400
18,2912,999,411,2.7344,91900
17,1463,529,226,3.024,100900
18,1411,592,230,1.625,94700
17,1504,661,250,2.2604,84800
10,4300,1480,609,2.8208,139900
10,3757,546,223,3.75,121400
13,2962,252,103,4.4063,155800
17,5497,997,408,2.9821,111500
13,4401,924,383,2.6942,123500
13,4495,1149,459,2.5352,113700
10,3486,298,124,3.3542,103800
13,3297,267,97,3.075,108300
11,1568,82,33,3.125,77500
48,1096,657,199,2.7841,65800
39,1548,815,286,2.9489,67500
23,3832,2435,747,2.2754,59200
17,6440,3266,1142,2.7137,72000
27,1446,670,281,3.2625,92800
52,224,120,45,3.017,112500
10,266,154,49,2.25,75000
33,1064,434,147,3.125,108000
28,4169,2587,810,2.331,65500
44,1064,494,175,2.875,61500
35,2791,1395,476,2.5625,62700
19,1629,551,214,1.7463,68800
50,1592,781,307,2.2679,69100
52,1989,985,396,2.5556,75800
39,1214,660,249,2.4559,75000
39,701,271,89,2.1845,112500
28,3144,1095,482,3.4402,192400
17,2549,1169,500,3.6694,209400
25,2019,888,326,3.2619,183800
3,9217,3578,1272,5.0016,189100
7,7957,4460,1293,4.9618,156500
5,7105,3523,1088,5.0468,168800
19,3388,1707,575,3.6411,162800
9,3079,1562,512,5.1041,172900
27,3861,2085,707,3.3558,129700
22,1046,527,164,4.375,213500
44,1014,704,238,1.6554,119400
36,1710,861,300,2.8828,131100
15,1850,1348,403,3.8125,125400
33,2396,1391,465,3.2813,151400
19,2055,1064,350,4.7426,263100
17,1962,825,267,4.8958,187100
19,2005,972,403,2.2216,156700
5,4980,2399,763,5.7104,186300
10,3258,1779,558,4.6587,152500
13,2479,1075,350,5.1017,241400
5,14684,4276,1722,6.9051,340900
30,1428,989,287,3.691,154400
22,1999,967,320,4.4583,253900
46,2273,1088,447,2.2532,109400
47,1942,1074,393,2.2361,105100
52,1124,528,226,2.2639,128500
46,176,101,40,2.2361,93800
42,1017,798,266,2.1719,99100
50,1120,625,239,1.5988,96400
25,3018,1614,568,3.4722,127000
46,66,37,21,0.536,87500
19,2688,1216,422,4.4491,133900
17,4032,1749,618,3.1728,146800
34,3090,1588,566,3.6118,124700
44,3184,1399,548,2.7234,110200
37,3058,1351,523,3.5179,130800
8,2371,1094,396,5.3245,174500
13,2983,1417,510,3.9861,168100
18,2807,1315,437,4.8194,170400
22,2331,1086,340,5.1435,150800
13,3995,1969,607,5.0164,165200
47,1265,587,247,2.6364,93500
29,2070,985,420,2.8466,113400
37,2724,1400,540,2.905,97300
30,3268,1714,565,4.4583,131000
26,3364,1806,566,4.2647,133400
24,2269,1239,542,2.0411,100000
15,6365,3838,1458,2.5495,103600
25,1710,799,259,4.8359,145300
23,1150,572,174,4.9167,152400
23,1970,935,279,4.4853,145900
18,2741,1507,460,4.7566,142500
8,2572,1384,684,1.7161,75800
13,4545,2188,901,3.3625,126100
15,2380,1292,388,4.6029,142600
16,2919,1456,453,5.6779,164700
36,1141,562,213,2.5893,108500
10,4156,1878,586,5.6506,178600
18,3646,1651,535,5.7321,164700
34,2738,1316,459,3.5368,122500
16,3077,1575,446,5.5,179500
4,5623,2429,716,5.4409,205100
10,2769,1045,469,4.1111,158600
36,1489,838,259,1.2024,90200
52,242,188,54,1.3958,67500
52,2264,1403,476,2.7083,99400
52,1225,725,231,2,101400
51,2982,1831,608,2.0034,87700
46,2112,1249,382,2.5737,87000
36,2707,1827,545,3.3371,94600
5,1560,1037,372,3.6154,181800
31,3644,2229,678,3.1389,117800
16,2605,1352,408,4.1947,140300
9,5329,2827,1202,2.7374,150000
30,4114,1994,722,4.2227,134400
22,721,367,129,5.3098,151900
4,4075,2239,849,3.5857,165200
16,3216,1504,453,5.25,161700
4,2171,928,461,4.1016,170500
16,3787,1606,507,5.5676,174200
17,2713,1475,415,4.8542,144100
15,2203,1051,311,4.9783,163900
28,3639,2362,641,3.0042,103900
12,1497,943,341,2.1417,122200
16,2604,1696,481,4.6628,136000
8,2750,1526,484,5.102,156500
32,1000,663,212,4.0972,99200
34,3779,2356,722,3.5129,110600
14,1930,990,322,4.1094,162200
14,2677,1288,375,6.0497,177500
7,1632,879,262,6.1237,166000
9,2294,1142,365,5.3363,160800
13,1524,940,308,5.1337,154800
5,5526,3207,1012,4.0767,143100
27,1654,1141,420,1.4871,87100
35,2691,1409,505,3.016,95300
9,3360,2041,810,2.1013,100700
29,5765,3266,1131,2.7907,113900
16,2176,1410,434,3.5436,100200
16,1840,1288,338,4.2067,125000
15,2966,1687,527,3.4817,129800
38,2505,1595,498,2.5833,83500
17,3685,1939,649,3.7043,139800
31,2810,1640,503,3.3661,98500
44,1465,817,237,4.8693,156900
4,2341,1235,431,6.0424,165900
44,1625,825,385,2.0523,133900
42,118,54,30,2.5795,225000
52,2378,940,451,2.9583,166000
48,2123,859,474,1.8523,144800
50,1760,741,316,4.5,178300
51,1262,608,298,2.1974,139300
33,2821,1206,640,2.5481,150800
40,1800,761,277,5.1265,196100
39,1313,575,231,3.1711,116100
41,1345,718,283,3.3831,129400
20,6992,3221,1334,4.2042,166400
50,1300,691,239,3.9519,126500
50,1738,837,363,3.609,135700
42,2225,864,381,4.1189,172400
37,1742,1128,345,3.8824,113700
28,4308,2086,776,3.6523,159700
37,978,462,184,3.625,156300
6,10191,4377,1789,5.2015,204200
9,3424,1460,543,5.76,212600
19,4657,1914,732,5.0509,199900
19,3073,1773,493,5.4496,205400
16,3913,1782,676,5.1297,206700
10,2864,1300,507,4.3875,287700
9,2643,1105,467,6.6579,245200
5,5303,2017,727,6.9961,294100
11,4371,1790,660,6.135,297300
14,5381,2296,872,5.6875,211000
33,1660,741,261,4.675,225400
18,4326,1753,646,5.6931,269600
20,3796,1679,611,4.3571,228200
25,1374,569,235,6.3699,235500
28,3310,1811,597,4.5401,166900
12,6915,2940,1468,4.0154,186100
20,1705,856,341,3.7262,211800
34,1692,836,289,5.0172,197100
37,1784,788,304,4.2917,189600
21,9135,3748,1502,6.0859,266000
36,2213,950,370,4.7386,186400
39,2199,1025,385,4.5893,190000
24,3173,1351,536,5.0672,243000
33,1043,425,148,4.8702,235600
37,1217,552,194,5.0445,196200
10,7136,2959,1507,3.9816,182000
34,1408,738,269,4.175,169400
22,4162,1804,1185,2.5459,179300
19,4005,1896,893,2.5268,235700
36,2639,1111,476,3.5057,205100
30,1260,707,221,2.892,220800
35,4043,1832,662,5.0761,233200
44,2185,943,366,4.725,232100
43,1454,683,258,4.475,265700
32,1339,601,209,6.0265,247900
29,6895,2634,1022,6.1922,273200
16,3077,1447,709,3.2484,91100
32,1504,749,267,3.2,134500
36,2765,1478,441,4.125,136200
16,60,65,19,6.1359,250000
16,2445,721,474,2.8043,87500
17,1319,384,269,1.8229,137500
36,2476,1213,393,3.7333,136400
16,1085,356,232,2.3462,75000
16,1209,627,482,1.3894,156300
10,974,631,286,2.3152,140600
25,3577,1753,593,5.7295,178300
27,3228,1666,588,4.5707,175900
38,2675,1378,480,3.8897,139900
45,2842,1261,535,3.6042,138200
28,2965,1591,472,4.6375,178200
35,3103,1614,566,4.9022,169300
37,2247,1237,397,4.45,161900
37,1755,882,350,4.59,166600
44,1254,498,217,3.4531,148900
25,1476,777,297,3.5179,165500
29,2001,956,370,4.317,194000
32,1013,436,173,5.1118,226900
27,2491,1171,431,5.1021,202800
32,3012,1288,512,3.6449,211500
40,1797,756,369,2.8456,165500
37,1474,782,331,3.4187,161700
28,4035,1881,659,5.4607,192300
31,2030,867,341,5.0915,193200
23,2293,969,399,4.4536,184000
28,2839,1372,443,6.2135,217200
35,1192,535,172,4.9219,182000
36,404,237,88,4.525,161300
34,1256,638,252,4.0507,161000
28,1900,918,351,3.7841,144900
18,2739,1072,374,6.1436,259500
27,1691,807,296,6.1168,210500
24,1330,656,205,5.0092,244100
28,1433,877,313,4.7891,184800
28,1838,899,270,5.2145,229200
7,3418,1583,676,3.6133,196100
22,2987,1420,540,3.65,204100
26,1977,817,273,5.7512,240200
26,2714,1232,409,5.9617,231100
26,2738,1316,430,5.2442,213200
22,2823,1271,474,5.1333,207200
30,3320,1470,543,4.6071,184100
32,3364,1980,678,3.7,179000
28,4071,2033,647,4.5833,190700
13,3216,1627,715,3.0859,167800
8,4253,1883,662,5.431,246700
12,5048,2209,1014,3.1573,126700
16,3324,1470,461,7.6166,260400
17,2756,1228,426,5.5872,200600
14,6290,2724,820,6.7371,267400
16,2984,1317,397,6.7821,265900
34,3259,1250,478,5.3794,206200
36,2342,1191,416,4,171000
45,1613,865,336,3.25,151100
26,2470,1174,573,2.9861,160900
20,3968,2629,903,2.9915,166700
16,2913,1705,693,2.9097,106300
21,6445,3621,1735,2.5841,112500
39,1323,705,261,3.1968,151000
20,1143,578,298,2.2411,151800
35,2190,1154,401,3.8456,159800
28,1207,724,252,3.6964,165700
27,2587,1500,623,1.837,175000
27,3513,1875,694,3.1838,182000
20,563,246,123,5.4482,190800
8,3866,1555,513,6.0901,298200
25,2615,935,366,6.6727,305100
20,2636,1142,627,2.1083,162500
14,3287,1601,716,3.1719,220500
25,1205,608,272,2.4519,208300
32,1955,804,317,4.9485,202300
22,3526,1660,508,5.6642,237000
23,3516,1465,623,4.2569,213100
23,3741,1339,499,6.7061,322300
19,3192,1317,594,4.125,267100
26,1619,706,220,6.0704,268000
18,2077,937,292,6.3809,273600
9,2214,848,239,6.8145,339200
25,2652,1062,334,7.5898,330200
33,1653,814,328,3.1406,163100
24,5732,2444,888,5.6292,231400
22,2105,993,365,4.6602,227800
29,866,341,133,4.7188,197100
22,5175,2804,1091,2.85,144600
21,5541,2214,737,5.5777,279300
21,4712,1773,615,6.0918,344800
5,4274,1503,881,4.0473,266500
15,7803,2957,1546,4.45,184900
14,12713,4741,2412,4.7094,234700
26,5077,1872,636,7.4713,351200
23,3318,1124,393,6.5847,358800
21,10093,3645,1219,7.6877,367700
29,5438,2310,890,5.0362,275300
15,5393,2133,1288,4.1612,232800
25,5869,2669,1554,2.6998,216100
21,4985,2575,1458,3.1002,114300
45,1544,614,238,5.0255,226000
25,7201,3264,1433,3.7433,252100
26,3872,1629,684,4.4312,225000
28,2377,1068,435,4.4561,250000
26,1733,796,274,6.195,264900
28,1731,810,295,5.0391,259800
33,1550,638,254,3.6833,292500
32,1075,486,173,5.0499,306800
18,9576,3486,1380,7.0895,306900
28,3410,1428,670,4.3864,266800
39,3018,1223,489,6.2924,283900
29,4133,1691,744,5.1097,288000
38,2139,809,340,5.5636,268800
38,757,319,123,5.6558,263300
34,4781,1879,714,6.5378,340900
30,2296,847,322,6.7192,397500
24,4125,1699,873,2.9526,271000
32,2676,986,473,4.6528,335700
37,1677,689,283,4.2625,310600
33,2423,998,346,7.5349,349100
32,4498,1818,851,4.8088,321200
20,5467,2310,963,5.6986,275800
29,6349,2450,778,7.5,356200
32,3250,1230,557,4.6424,312700
29,3025,1035,452,6.112,390600
27,6039,2181,761,9.5862,469400
22,1980,861,290,6.2726,258200
22,6719,2843,994,6.1265,260300
23,2564,1043,351,6.2048,275000
8,831,404,224,3.375,350000
19,1127,518,167,6.3325,250000
19,5721,2653,813,6.2631,266000
17,2559,1238,377,6.2781,269800
24,1407,501,295,2.4821,157200
16,3326,1272,402,6.8806,343500
16,5121,2464,761,6.6204,296100
17,5688,2111,773,6.6131,312500
17,3354,1457,425,7.6473,345800
16,2498,1027,343,8.155,343700
18,2903,1127,372,5.5921,359100
12,6488,2404,765,8.3188,403400
17,3279,1222,381,7.9168,356000
8,11336,4089,1555,7.8287,369200
16,3873,1451,501,6.7857,341300
4,14652,5613,2579,6.3942,356700
8,3865,1548,432,9.7037,425100
4,6875,2889,1307,4.6932,356100
5,2255,876,258,10.3345,461400
8,452,140,43,12.5915,432400
2,227,114,49,3.1591,434700
2,200,25,9,15.0001,350000
8,3743,1633,567,6.7027,381900
13,7241,3221,947,7.2216,324600
8,2865,1376,417,7.9393,399300
34,1879,729,263,7.7072,443800
30,3917,1330,544,6.5617,386600
20,2206,926,432,4.6042,256400
22,1248,579,269,3.375,200000
24,5948,1997,710,9.8708,500001
14,8213,3283,1286,5.1755,294800
17,465,146,75,4.9018,188500
11,6200,2286,896,7.6518,359300
21,3521,1396,467,8.2673,358700
16,3031,1087,421,7.3732,287300
14,3056,1209,377,8.4352,441400
25,3004,1145,376,7.2655,494000
18,8953,3011,993,10.7372,500001
4,1029,416,122,13.4883,500001
29,7479,2744,943,7.5139,398200
16,7681,2777,908,9.5271,500001
10,3209,1199,392,12.2478,500001
16,2939,1177,396,8.0839,372000
18,9117,3280,1167,8.003,351300
5,7178,2823,907,9.0776,450400
20,10212,4083,1374,8.039,382200
22,4949,1850,590,10.4549,500001
38,827,368,136,6.5095,294400
32,5738,2099,732,10.3224,500001
34,5683,1962,723,8.3678,455300
35,880,352,132,6.8686,406500
21,3282,1398,601,5.2079,310300
32,2372,1067,492,4.3235,279500
37,4005,1602,606,6.4666,348200
35,2785,1001,363,8.0448,433300
30,3227,1260,684,4.125,257100
27,744,295,169,2.7411,350000
18,1820,728,229,10.3713,426100
34,6986,2865,1124,6.2275,394400
11,1077,590,264,3.5536,387200
24,2059,410,294,2.3971,99400
26,2947,825,626,2.933,85000
24,6130,1750,1286,2.9167,102700
17,7475,2092,1449,3.6437,186500
23,1025,263,191,3.12,155000
16,5187,1512,986,4.4551,252400
17,1102,317,208,3.5893,206300
26,2405,680,531,2.4896,73400
35,3701,1511,517,7.2315,367100
27,5484,2212,770,7.6202,402600
33,3398,1351,457,6.5814,314200
18,5252,1870,657,8.0074,454100
17,1320,1722,141,11.7064,500001
26,4048,1486,498,7.6717,416500
26,2269,918,313,6.6657,364500
19,5130,1887,712,7.203,369900
4,2045,830,252,11.3421,500001
20,6201,2415,1141,4.5744,314000
27,9147,3371,1269,7.3267,389900
24,2131,874,373,5.6349,355600
16,4596,1480,650,7.52,370200
36,3359,1298,483,8.1586,404300
36,542,231,121,4.9,354200
33,4449,1684,617,8.9571,399700
32,1779,721,258,8.7589,434500
32,3633,1393,506,7.6917,401800
33,3626,1348,480,7.6107,423200
38,1261,472,183,6.917,438000
20,95,31,15,2.4444,475000
37,3881,1315,517,7.3195,367500
36,1065,398,155,7.7736,378100
31,7200,2428,843,10.9405,500001
36,2107,740,280,10.3416,500001
36,4760,1511,572,9.0064,500001
18,4845,1634,734,8.1489,499000
8,7505,3325,1016,5.2699,204200
8,1584,615,202,6.4753,166800
4,17032,7653,2359,5.5601,213700
17,1133,716,235,2.875,162500
11,2836,959,335,10.5815,500001
4,11444,3898,1257,13.2949,500001
7,3477,1216,395,13.1499,500001
12,4711,2089,621,8.3209,485400
2,3129,1606,698,2.9591,210100
26,3084,1557,501,5.1582,194700
25,4026,1850,709,4.1483,181200
21,3153,1318,431,6.8642,285400
4,3241,1552,494,6.6134,307000
18,2808,1038,337,8.3956,353600
16,2638,1055,334,8.1163,365800
14,1780,764,226,9.0243,427700
13,2085,852,264,7.3445,366700
14,5332,2093,839,5.2798,237400
18,2541,986,346,7.1978,288000
13,1610,703,217,8.7059,329400
26,1299,533,180,6.2296,291700
16,3421,1341,428,7.5695,320400
16,2876,1089,377,6.299,286900
16,2169,877,245,6.6049,312600
27,1469,578,219,5.9346,253600
16,1803,946,266,5.7001,205100
15,3338,1834,520,5.6293,197600
15,2150,1094,324,6.0224,198500
9,6306,2581,911,6.7741,310700
52,1350,490,257,3.125,171100
52,1736,638,297,2.5517,147100
52,2735,1076,487,3.6154,155700
31,3029,1236,487,5.6022,197000
25,2239,928,353,4.4474,203700
47,1685,835,372,2.3103,134500
41,1631,752,288,3.9345,150200
41,2512,1179,480,2.694,123000
30,1255,779,307,1.6767,147700
4,7999,3596,1396,5.0969,174200
26,2335,980,417,3.4471,178900
16,4986,2805,1016,4.025,173200
32,2159,981,369,4.3173,175400
34,1712,956,341,4.4394,162000
26,3735,1708,633,4.621,191100
18,4123,1895,772,3.2759,195000
28,3801,1654,571,4.375,193300
28,2038,947,349,5.1178,198000
16,4921,2312,725,5.8899,243200
23,3455,1375,474,6.0289,218600
5,3846,2053,716,5.0473,184800
11,3751,1949,555,5.7862,269400
16,2084,1154,307,6.0102,235600
16,2978,1531,400,6.5006,237700
14,2338,1003,398,4.2269,170500
6,678,318,91,5.2375,246400
15,1216,572,178,5.8418,240300
12,1592,969,233,6.1576,248700
5,6265,3326,872,6.2073,272900
27,2133,850,350,5.1046,209800
35,1579,734,264,5.5,201000
10,15259,7266,2338,6.0666,272400
30,4030,1777,718,3.6393,184000
34,2854,1211,452,3.5353,164700
20,3426,1512,580,4.4911,227400
35,1811,911,340,3.375,149700
20,7578,3637,1362,4.4387,190000
37,1887,895,359,4.45,196600
38,1794,810,335,3.8343,191400
38,2172,945,384,4.3958,194200
36,1425,573,239,4.35,185000
25,6508,3259,1081,4.2348,157800
25,3807,1821,792,3.6518,164300
29,2347,1135,490,3.9722,161000
26,3054,1495,496,4.6944,171100
35,3779,2493,679,2.9781,109000
29,3108,1687,516,4.3333,170800
24,4865,2315,893,4.2852,173500
32,2275,1233,418,4.0437,162800
42,1531,1271,377,2.6167,85100
3,2850,1024,515,6.0115,175000
4,3999,1591,887,3.911,112500
33,44,23,11,4.125,212500
39,246,316,52,0.716,104200
31,1157,956,232,1.5347,80400
40,408,302,81,1.8333,69800
35,215,100,34,1.6023,81300
32,1298,716,268,0.9797,76400
37,1572,1046,350,0.7403,68600
36,60,42,25,1.4583,67500
33,2014,1354,427,3.9773,131300
34,3756,2237,686,3.7562,132900
19,392,287,81,6.0426,110000
32,1991,1139,423,2.0353,113600
43,2178,1545,471,2.5863,112200
31,2892,2104,641,3.2188,113800
33,1595,991,300,4.6937,134100
33,1156,643,209,4.5,156600
19,5151,2548,1165,3.3125,158800
32,1967,1144,364,4.4135,150100
45,1982,1179,398,3.5463,130800
19,2237,1438,551,2.3382,120700
46,1222,819,251,3.9118,129400
36,2191,1563,524,2.5164,114200
29,1899,1357,443,1.875,97200
35,1326,1023,295,2.0724,97700
31,2449,1801,548,2.6328,110300
34,1428,1272,319,2.5461,93900
30,950,1073,280,1.8664,107800
25,1728,934,412,3.375,133700
34,2070,784,294,4.0417,182800
35,1612,887,331,2.5769,146100
22,2099,1135,509,2.1915,120800
15,6487,3408,1560,2.1991,133300
33,1817,1220,389,2.5382,103600
38,2751,1390,489,3.7277,165100
46,1901,833,352,5.5196,210800
40,1141,434,196,3.9464,186900
42,1627,848,316,3.7708,144600
45,1226,590,260,2.8833,140400
47,1882,797,342,3.5848,140800
43,1876,807,377,3.1571,141600
42,1695,719,334,3.9417,139100
44,1769,828,309,4.0526,150800
45,1128,702,270,3.6719,134100
45,1585,981,373,3.0313,135800
46,1543,777,322,4.0927,142600
44,1675,806,311,3.0694,135300
44,1788,933,329,2.875,133400
39,1986,1041,385,3.2333,135100
38,1340,766,241,3.2833,111700
45,2142,1318,431,3.0737,111600
42,1485,971,303,3.6094,114600
38,1042,773,248,2.7714,104700
47,2313,947,430,3.942,143300
44,1917,936,435,2.7391,140300
31,1611,786,411,1.681,145500
42,2206,989,444,3.125,143900
45,2112,1406,452,2.3456,105200
34,1880,1358,422,1.6571,105200
47,1275,844,273,2.8967,95600
38,1066,729,286,1.5139,81700
45,907,479,161,3.0862,79000
27,844,583,265,0.9687,105800
26,1540,1007,338,1.3365,72900
41,2591,1638,462,1.822,79700
49,969,599,195,1.3167,71600
19,1334,1048,316,1.7865,88000
28,1995,1182,439,2.3352,84300
43,369,371,111,1.6,79400
17,1258,885,229,3.05,121600
40,1064,912,239,1.0521,69100
45,3150,1798,749,1.75,37900
18,3507,1224,676,5.0524,269800
47,3453,1353,728,4.016,274500
52,154,89,38,3.2875,275000
30,2515,1327,428,2.1287,95000
39,2002,1166,395,1.7257,91500
44,1891,1047,432,1.7727,86100
42,1796,1107,372,1.9375,87000
37,709,644,174,0.8641,84200
36,1954,1437,440,1.125,93800
36,921,585,236,1.9224,94000
52,215,126,43,1.3929,104200
4,2851,1285,712,4.2895,186800
34,2326,1356,441,2.3475,90300
27,2158,1220,442,3.0156,111500
32,2389,1672,584,1.4423,88300
45,2225,1304,459,2.64,112100
41,268,198,82,3.2222,156300
29,2304,1377,454,5.0187,140600
26,3887,2512,740,2.2301,122400
28,4649,2606,953,3.2674,129100
34,2669,1341,555,2.6399,119600
39,2955,1417,682,2.7628,167800
43,2549,1060,528,3.6417,178400
45,3924,1992,773,4.1146,177800
39,2505,872,345,5.3433,286500
36,2403,917,404,5.0399,253400
40,3056,1103,481,5.1067,247300
47,1911,697,275,6.2712,267700
32,3943,1524,614,6.0677,321600
35,583,235,84,5.943,288200
32,1736,602,231,6.516,401000
34,2254,715,306,4.5,304000
36,1526,696,263,3.5089,261900
33,296,216,63,2.675,22500
30,1014,537,204,2.8456,183300
38,1250,631,279,3.724,220100
12,1895,983,519,2.5,195800
22,1119,565,199,3.3594,186900
43,2116,900,361,4.1587,212200
33,1615,710,285,4.0804,239000
31,1432,681,348,2.7243,218100
39,2686,1159,559,2.9441,200400
40,2866,1305,589,3.6321,209100
37,2125,912,462,2.9219,217200
41,2053,873,415,3.4091,223000
35,1102,688,303,2.3946,141700
30,1772,880,437,2.2672,162500
36,1450,568,234,6,311400
38,2591,905,378,5.1691,263200
46,2085,748,354,4.0536,262000
40,2085,796,339,5.5357,273700
52,2657,1131,489,4.4286,234900
38,2501,805,329,6.5576,358500
49,3191,1148,507,6.3538,333700
52,1369,490,248,4.1212,287500
41,3009,1053,490,5.828,324400
47,1930,692,296,6.3669,315500
48,2083,685,286,7.3089,331200
16,2739,1259,436,3.7557,109400
19,2672,1298,478,1.9797,85800
11,3159,1343,479,2.4805,73200
17,3461,1947,647,2.5795,68400
15,3140,1645,640,1.6654,74600
28,3003,1530,653,1.7038,78300
20,3810,1993,721,2.0074,66900
20,2673,1282,514,2.4605,105900
15,2715,1532,530,2.1829,69500
21,2696,1208,494,2.275,122400
19,1668,841,283,2.1336,75000
17,2677,1244,456,3.0313,103600
17,3276,3546,585,2.2868,103100
22,1880,743,314,2.9688,152700
18,1504,660,258,3.13,116700
22,2920,1382,499,2.0202,71100
20,1451,467,255,1.5536,212500
8,430,36,18,2.625,187500
22,1058,851,269,2.02,87500
21,2046,952,353,1.7245,92200
25,1789,1134,396,2.32,91300
24,2180,755,223,2.5875,173400
27,1709,97,44,2.4917,200000
26,1485,406,180,1.9667,84600
24,856,388,108,3.1806,107200
25,2443,868,342,3.5417,114800
19,1429,585,188,2.2589,131600
27,1492,717,254,1.8906,104200
22,2731,1215,483,2.83,110500
24,1258,235,96,4.6,136800
25,1339,503,219,1.9018,109700
23,1564,339,147,4.0417,99300
24,1216,421,185,3.1625,103600
22,3119,786,351,3.0806,118500
23,1882,673,277,2.9091,141900
28,1194,494,203,2.3281,85800
25,1262,534,226,2.6607,90400
27,2682,1010,399,3.15,86900
28,1408,522,221,2.0708,89600
17,8005,999,383,3.9722,313400
22,3080,1045,425,2.996,126100
17,1106,466,180,3.3295,126600
26,529,191,83,3.5,103600
23,964,485,198,1.7188,96100
25,1758,689,278,2.675,104200
22,2138,829,330,2.2056,107200
24,1194,414,151,3.2396,101900
27,968,283,143,2.0938,94400
17,2732,1005,499,1.9851,86700
24,1669,589,281,3.0089,100800
21,1653,737,308,1.9727,114100
17,2807,675,251,2.7457,107800
16,3109,885,334,3.5,134700
15,3831,984,328,5.0718,162500
12,1437,395,144,4.225,127600
17,2722,828,289,3.5714,109700
15,3142,725,285,4.3333,121400
16,2708,712,261,3.7891,117700
15,3042,918,336,3.8333,118800
19,2429,883,300,3.017,97600
22,2465,381,146,2.875,87500
18,2040,350,129,4.0313,126000
16,1463,54,26,4.975,206300
19,2967,112,48,4.0714,437500
33,1561,30,11,1.875,500001
7,4341,1978,682,4.8311,172200
11,3522,1456,544,3.93,163400
10,1604,540,190,3.7625,113200
15,3876,1960,691,2.902,127300
11,1720,850,326,3.2027,128600
12,2180,1070,377,2.8562,128200
11,1280,609,248,3.1635,132600
17,1438,675,268,2.9444,119300
15,1374,709,239,1.7222,118500
8,1877,884,323,3.4688,120100
10,81,55,16,4.9583,87500
11,1961,113,53,0.9227,95500
15,5218,1949,659,4.7083,213300
10,2499,1040,333,6.844,239600
22,1831,813,269,4.6394,173400
9,13255,5001,1627,6.314,228900
12,3425,1357,451,5.3344,217500
7,6322,2957,1024,4.7276,197500
5,5743,2651,962,4.1163,172500
4,7392,3096,1065,4.5246,198900
8,4913,2005,723,5.4413,187900
13,3432,1286,470,5.584,186600
9,2073,916,373,3.225,163300
5,4810,2242,900,3.2964,176900
10,3421,1689,545,5.2032,217100
11,2339,1062,380,3.9036,180800
9,3707,1601,555,4.0714,300600
12,2213,1097,351,4.5568,170100
12,4545,2033,718,4.1843,207600
12,3247,1459,517,4.3981,202800
9,2229,788,341,5.5111,196300
11,5460,2645,838,4.835,230600
13,2692,1302,420,4,167400
11,1013,410,158,4.825,184600
15,1533,674,287,2.5625,146100
17,3685,1714,734,2.2269,128300
17,2616,1158,457,2.8807,142600
38,2005,882,353,2.5104,120500
28,4236,2008,881,2.1603,111300
29,2259,1099,463,2.3314,121600
21,3509,1576,564,2.6392,148500
17,512,314,140,1.5625,108300
31,3117,1606,588,2.9844,127900
42,1276,799,259,2.7273,128600
19,4414,1865,699,3.6406,150900
35,2104,1060,400,2.1682,138100
19,2325,967,376,2.9,158700
17,2146,862,351,2.9219,141300
15,2155,857,356,4.03,141200
21,1661,789,319,2.3583,108700
22,1236,615,248,3.0217,106900
21,1728,731,334,1.7266,94700
17,3145,1432,559,2.7201,117500
13,4492,2093,734,4.0709,151700
11,4577,1944,700,4.0675,140200
10,6305,2597,921,4.0197,132200
14,1821,769,266,3.0789,131700
9,3006,1102,418,3.9812,136600
14,2925,1226,437,2.5865,133800
19,2715,1301,473,2.5042,126400
8,892,427,164,2.6833,118800
15,432,208,73,3.6125,100000
9,2598,796,297,3.5192,98000
13,1115,86,32,3.5667,115600
34,1988,36,15,4.625,162500
8,3417,1703,623,4.0827,170700
12,1313,731,232,5.7373,208300
14,8396,3952,1474,3.0565,118800
17,2319,1126,372,3.5511,155900
18,5928,2697,1096,3.4872,141400
13,5036,2243,923,2.3319,138500
51,956,662,180,2.101,56700
47,1314,1155,326,1.372,49600
36,607,483,146,1.5625,47500
52,112,193,40,1.975,47500
45,925,797,228,1.7011,44800
43,1286,972,345,0.9513,50400
46,1414,902,243,1.5833,56700
50,772,606,167,2.2206,59200
44,1960,1286,381,2.1518,53000
43,1763,1623,390,1.4427,47700
52,1377,1280,259,1.2344,43300
45,1081,821,230,1.7829,52600
39,1287,1386,306,1.5227,46900
20,1855,1091,443,1.5547,93900
15,1461,924,356,2.5045,90300
35,2114,2050,474,1.2375,50000
31,1404,1515,387,1.2813,56400
35,853,1228,289,1.0513,39600
52,173,401,84,2.1094,75000
25,1717,1343,471,0.799,51800
41,1659,1391,447,1.3527,61200
33,3161,3530,846,1.123,46700
52,610,406,122,1.8967,43800
25,2581,1642,509,1.6435,52600
17,1276,927,238,2.6176,54100
21,1702,1347,316,2.4137,62100
28,60,46,13,4.35,67500
43,355,233,75,2.4167,73900
19,1719,1369,368,1.25,53000
29,1541,1007,313,2.0043,53500
25,1026,789,183,1.5625,52800
19,1334,1171,319,1.0481,48500
15,1908,1383,375,1.0472,57800
23,1731,1210,341,1.3922,49500
28,1592,962,282,1.3304,51300
52,314,178,66,1.2404,52500
22,354,530,115,2.1458,34400
41,1562,927,277,1.3047,44100
35,1987,1233,383,1.3587,45300
17,5872,5034,1224,2.1905,61800
29,1745,1530,391,1.5611,44400
24,1240,1035,232,2.875,60600
38,1481,1543,372,1.4577,49800
34,1254,1056,279,2.3269,50800
25,3972,2863,729,2.1304,58500
22,3247,4179,881,1.3343,60800
46,1347,854,267,1.8723,52600
39,1553,1449,341,1.4419,45500
39,2290,1685,536,1.6325,52100
42,1236,946,261,2.0536,50000
6,1926,965,316,4.7463,93100
19,2788,1365,525,2.7813,120300
17,2438,1563,538,1.5449,62500
13,2343,1347,405,4.0027,93100
27,2845,1219,460,4.9196,117900
30,2437,1005,380,7.2211,171700
23,2097,911,405,3.5128,121600
25,556,249,71,4.4583,108300
31,843,453,149,2.6875,153800
7,2461,1587,551,1.4007,225000
9,1914,1116,424,1.4646,65900
15,1713,766,232,6.8162,127200
26,2645,1660,991,0.6991,89500
9,1621,678,394,2.2437,54200
19,3972,1586,560,5.2608,151400
7,2456,1350,424,3.0179,91600
15,2246,1190,403,2.0294,70400
32,755,681,207,1.7986,49300
36,1432,836,237,2.1563,88300
29,1243,836,277,1.8355,74200
20,2512,1464,450,3.9211,92300
33,1036,620,174,3.4107,110400
6,1931,1344,414,1.6607,58000
39,1237,638,239,3.0139,65300
19,2546,1257,418,2.9013,89500
31,834,616,211,1.6602,61200
35,2080,1026,333,3.5781,92800
31,1551,1058,287,3.3438,92600
31,2214,1326,416,2.1691,66700
27,1226,706,211,2.77,68400
30,1694,1008,321,2.2466,96000
34,2263,1184,407,1.7692,74200
43,524,302,93,2.6146,81300
30,1584,984,300,2.0658,67900
32,1485,867,271,2.5809,78300
35,1191,537,182,3.5375,96700
6,1853,1397,417,1.4817,72000
15,3291,1738,634,1.976,67300
41,1022,741,213,2.0781,48800
34,1186,774,271,1.575,57100
33,662,607,181,1.3929,55600
48,2059,834,405,2.9306,67900
51,2419,1284,426,2.2029,54200
52,1827,855,353,1.7636,55100
41,1973,1107,375,1.8971,66900
46,2194,924,542,1.4028,68500
52,1853,764,390,1.6429,69200
52,1788,1156,418,1.7298,58400
52,1792,1049,357,2.4375,57100
52,2224,832,406,2.3952,78400
52,1185,635,239,1.175,56100
52,377,530,96,1,45000
46,2625,1368,551,1.5273,59000
52,2408,1361,465,2.1055,61300
47,1425,949,325,1.7344,51300
49,1175,982,278,1.2937,52000
43,2070,1925,444,1.4635,46600
50,1343,1063,342,1.75,49800
23,3800,3786,917,1.4766,50600
35,1607,1407,382,2.19,53400
41,1576,1567,366,1.2545,45500
40,2009,2219,505,1.2101,49100
43,1623,781,272,1.869,56000
43,1945,1492,422,1.5174,54600
35,2347,1676,481,1.6548,49400
52,2137,1194,444,1.3029,69100
50,1325,811,281,1.8667,62800
51,1454,729,252,3.3125,70100
44,1818,1680,418,1.7083,48300
39,2233,2031,491,1.8641,50800
47,2236,1042,397,2.9545,59600
39,4893,4749,1067,1.2065,55600
39,1740,1098,347,1.8958,51300
50,1515,852,297,1.9955,54200
49,2331,1290,477,2.5111,55400
42,2093,1621,438,1.7994,58700
36,912,842,219,1.4766,52800
29,2077,1887,489,1.4107,59800
32,2072,2002,470,1.3278,44500
23,6403,3573,1260,2.3006,69000
11,4832,2190,888,2.6611,74700
30,1548,886,311,3.1,71300
27,1691,869,337,3.9514,86900
14,6202,5561,1435,1.6073,64700
39,1745,901,303,3.1719,67900
11,3626,1819,731,2.4956,87500
18,8099,4476,1514,2.4728,88300
28,2675,1392,521,2.3108,72000
34,1768,888,314,3.8088,87700
34,1891,966,355,3.6681,82000
11,5112,2487,1243,2.1461,75900
15,2376,1197,510,3.1417,74600
16,2396,1338,518,2.1653,78800
15,3045,1340,588,3.1953,85700
17,2056,1259,367,3.9338,84700
17,1415,861,293,3.25,81400
9,1122,662,284,2.0536,55000
31,1746,1186,360,2.6932,66400
25,875,646,166,3,72800
23,2128,1047,450,2.625,71500
24,1316,781,260,3.7578,69200
15,2175,1194,482,2.6767,87500
24,4410,2362,862,2.9406,73000
30,2427,1375,518,2.5737,76900
32,1962,1005,392,2.6726,70400
35,1129,474,242,2.4405,74300
33,1145,508,198,2.3333,81300
27,4049,2254,882,2.2467,70700
36,2507,1227,474,2.785,72300
38,3804,2142,816,2.1439,60200
38,3065,1441,625,2.0564,64700
36,3616,1994,786,2.5434,67300
40,1411,609,296,1.9375,67700
29,2554,2669,655,1.2176,61900
45,1315,666,240,2.3562,58100
37,2185,1143,438,1.9784,70700
30,1610,1000,397,2.0357,60200
52,2964,1114,486,3.8105,87600
50,1818,737,338,2.2614,73000
41,2227,1129,415,2.319,59100
43,2323,1144,471,2.3967,58700
52,2281,839,367,3.5972,89900
49,1749,705,300,3.15,72200
48,1805,741,331,2.5804,78900
43,2341,890,375,3.4265,85000
37,1965,796,335,3.625,83400
36,1370,812,282,2.6127,69600
41,1441,646,296,3.0568,71300
36,2252,1117,442,2.9081,65600
32,2867,1705,570,2.4286,68100
23,2168,1190,425,2.625,71600
30,3162,1660,639,2.8359,80300
8,2875,1718,551,3.6522,80200
7,1932,1014,389,3.0938,76700
5,3821,2179,694,3.7821,80400
4,6102,3406,1115,3.4213,84500
8,3096,1454,545,2.7857,79700
7,2232,1274,499,2.9853,74700
9,1142,620,283,2.0446,81300
27,1510,847,295,2.9315,83200
10,2067,845,354,1.8214,80100
24,1143,608,240,2.8194,81100
34,1649,919,316,2.875,74500
22,1970,1066,319,3.3125,106100
17,1987,1152,313,4.1719,126400
18,1422,702,230,3.6204,119800
38,1446,928,255,2.9808,89600
20,1745,1093,302,2.3194,90600
19,2020,1341,360,1.7,69000
26,1453,896,260,3.4861,112500
33,1902,1168,358,2.6852,70800
14,3182,2298,721,1.6168,71800
24,1961,1559,374,1.8299,57800
22,1339,820,276,3.6,83200
32,981,736,249,1.8,60400
19,2627,1295,441,3.087,88200
30,1233,620,199,3.4297,112500
45,1270,598,214,3.2813,105400
25,1270,1050,245,2.1618,55300
48,1341,671,208,2.7917,82800
29,2205,1072,345,3.8056,165400
30,2288,1435,425,1.3221,61200
8,2580,1111,393,7.5,256200
4,4833,2088,789,5.1781,122500
15,2563,1080,356,6.7181,160300
11,2497,1101,405,4.8036,141600
12,1488,675,223,4.7622,89300
9,3995,1691,712,3.3239,91300
15,1387,638,195,5.5842,88900
16,1852,887,286,5.5405,119300
2,4055,1730,654,4.2132,96500
4,4530,1804,837,3.3942,72100
6,1891,969,330,4.6726,107800
15,1743,1011,325,3.755,68000
14,1876,1031,311,3.6563,88800
14,4177,2300,867,2.9565,73000
18,2536,1196,466,2.5595,67900
8,3791,1424,475,10.5144,345900
12,2272,840,305,8.9669,213900
12,2396,863,258,8.7716,229200
17,2273,700,263,6.8645,195900
14,2351,1128,363,6.9903,141200
14,2982,1408,423,5.3241,123000
17,3012,987,362,7.4201,229700
16,2868,1016,379,6.1175,144700
17,2807,996,353,5.5357,167700
14,1087,365,176,7.2909,155600
28,2268,752,330,5.2809,151500
25,3305,1149,500,5.0698,150900
18,2789,937,364,7.7062,188300
10,2902,1200,363,8.3608,187300
7,4139,1843,562,8.2737,193500
8,1519,711,248,5.9897,123600
15,1924,848,277,5.3886,125300
15,2058,891,378,3.2569,124400
7,4907,2014,909,3.2147,111900
12,782,292,164,2.8274,79500
8,3468,1604,626,4.2071,128300
11,2596,1765,539,1.9511,54000
22,1529,1543,395,1.7926,51700
7,6434,2733,1045,3.7656,145000
17,2340,1174,396,4.2304,94400
7,2289,1077,354,5.4868,158800
9,2340,860,520,3.3229,119300
19,6789,2325,1109,4.049,126000
10,5780,2712,883,5.6445,135500
11,2754,1328,604,2.3667,69300
25,2330,1215,467,3.2143,93000
17,1560,709,258,4.3315,95800
15,3356,1232,627,2.2215,72200
23,4358,1852,802,3.4167,105200
22,4241,1929,971,1.7708,53500
24,5377,2010,982,3.4542,121200
33,3972,1324,561,5.4513,143300
43,1951,725,308,6.3359,169300
38,2252,777,314,6.1575,160100
24,3756,1586,739,3.8571,90100
33,1670,528,250,2.9471,99500
29,2806,1242,540,3.5958,88800
16,6101,3407,1134,3.125,80800
16,2849,1508,478,3.4074,72700
19,3244,1463,710,2.0469,66900
35,1872,1054,369,3.3272,65600
35,1789,933,357,2.5223,66200
24,3242,2764,773,1.3385,58800
21,3235,1820,614,3.3447,71400
24,3505,2098,774,1.9575,67000
35,1012,633,240,2.0324,55500
36,1650,660,298,3,79700
36,1582,761,318,2.6055,69200
35,1474,709,294,2.6522,65900
18,5822,3415,1224,1.6854,64700
35,2314,954,457,2.9506,73800
33,3433,1806,783,1.9386,67500
38,1912,1131,408,2.03,58800
43,2382,874,380,3.5542,96500
39,2471,1118,431,2.4167,71900
45,1337,471,187,5.187,153800
35,1877,1155,353,3.069,69600
34,2200,1243,431,1.8514,66500
27,2462,852,449,3.32,124700
33,1461,494,254,4.25,132200
34,2679,1141,470,3.2642,89600
31,2164,959,463,2.3293,73400
26,1700,909,386,2.256,64500
19,1524,960,386,1.5122,47500
33,2260,966,413,2.9301,68300
26,3654,1976,830,2.1544,72800
30,6117,2768,1224,2.1383,78800
27,2258,1076,423,2.9937,81100
32,2463,1261,486,3.3281,75100
28,2857,1614,592,2.1573,71400
28,3257,1981,712,2.293,71700
29,3494,1781,616,2.5893,70900
32,3461,1507,649,2.9244,84600
34,3426,1938,647,2.8994,66000
20,6257,2795,1267,2.2094,83700
24,3748,1827,719,2.7222,83100
18,10862,5466,2209,2.4678,74300
25,2718,1257,465,2.3333,90600
30,3308,1894,648,2.197,74500
19,4643,4638,1335,1.2716,69400
25,1565,661,275,3.4279,84700
17,6932,3056,1453,2.3375,99300
28,1713,663,282,3.567,85500
25,5016,2133,928,3.625,89500
18,4164,1817,681,4.2153,95200
22,2803,1234,457,4.5179,99600
20,3214,1360,463,5.2595,110900
19,3237,1378,510,4.7804,101100
16,2360,1034,359,5.0635,108500
17,3690,1888,601,4.0196,84200
15,2793,1411,441,4.9292,109400
14,4675,2235,787,4.1098,108200
3,7520,2878,1077,5.3272,174200
3,13802,5226,1972,5.0941,143700
3,10425,4432,1778,3.9032,140800
15,1449,649,265,2.4861,86300
17,2236,992,312,6.9405,165200
20,1676,786,240,4,164600
20,2655,1081,379,4.5398,143100
15,2373,1280,386,5.308,167500
23,3532,1885,758,2.5904,71400
25,2379,1482,484,2.3173,68200
32,2623,1570,492,2.7159,68000
5,1087,623,362,1.8061,113400
15,2727,1228,436,3.5078,109000
8,3602,1959,580,5.3478,138800
14,3348,1584,493,5.0828,111400
12,2144,1320,566,2.3381,112500
19,2282,1034,500,1.6618,69700
19,1648,557,354,1.7969,72800
28,1651,780,309,2.9453,72200
19,1699,994,368,2.7778,79700
16,2627,1054,623,1.9483,112500
15,946,550,246,2.2639,52500
7,2075,1040,362,3.9943,100200
8,943,475,155,4.9327,89500
32,1098,726,224,1.4913,54600
28,1868,898,329,3.1814,78900
3,2029,1003,340,4.4356,111300
4,2145,1024,308,5.0864,113700
11,2455,1110,339,6.1133,120000
2,2579,1133,342,4.5577,123300
4,1262,622,199,4.9432,114400
13,2589,1356,435,5.0253,106200
17,1897,1207,384,1.8021,55900
15,3303,1687,505,4.81,93600
16,2668,1536,457,3.9792,88900
13,1524,994,370,2.5446,93800
15,2892,1634,501,4.4934,88000
7,2855,1748,498,4.2066,88400
31,2576,1306,418,3.2813,68700
9,3712,1632,474,6.011,163100
13,1736,993,314,3.7697,83600
16,1551,1010,292,3.5417,71300
15,2524,1207,424,2.7404,76300
22,2456,1720,417,2.6875,60600
5,2613,1490,481,4.0993,83000
21,1260,583,205,6.0132,150800
15,2397,1258,347,4.9904,157300
14,4872,2085,617,5.6739,173800
19,1317,517,187,4.526,148700
22,4126,1795,613,4.925,154700
42,1338,617,222,3.0833,133300
20,2822,1372,455,4.5625,136900
13,6135,2473,774,5.4895,156700
19,3225,1760,542,4.0227,126500
18,1284,621,190,4.5375,130600
20,1089,531,212,4.5938,106900
11,2510,1248,445,3.6161,99500
29,1963,1208,398,2.5741,73000
37,1609,1173,344,2.181,59900
10,1657,958,380,2.6458,84800
34,1759,899,337,2.6823,72900
40,1195,1135,315,2.1182,58900
31,1671,1371,347,2.3687,63900
30,2370,1248,410,3.1442,72300
7,1761,974,308,3.7261,83900
42,1032,812,225,1.9766,58100
21,1551,1519,406,1.7132,55900
20,1815,1665,357,2.2448,58900
32,1963,2052,518,1.9076,55800
6,1186,1135,218,2.1515,63900
21,1834,1120,314,2.59,69300
19,3351,1578,542,3.2917,160100
18,1802,945,292,3.4044,115300
25,1784,904,303,3.625,107600
38,949,578,187,2.3618,80000
37,1486,977,290,3.5074,93800
24,2532,1564,507,2.3359,92400
14,863,315,135,4.2679,151800
16,4199,2140,722,3.332,111800
16,2904,1467,509,3.1736,111800
12,2980,1184,429,3.9141,123900
15,1879,755,294,2,83300
44,3042,335,115,4.1838,85600
12,2255,1006,334,4.1563,94000
22,2211,773,288,3.3269,102700
23,1881,64,37,3.875,125000
34,1901,171,73,3.0729,144600
15,3111,276,107,5.1314,179200
19,1616,187,80,3.7857,78600
17,2052,975,340,2.6902,94400
13,2813,1385,512,2.2202,100000
13,3963,1905,671,2.2278,90500
26,1922,1148,332,2.6058,92200
26,1874,1834,432,1.6486,55200
33,1485,1544,329,1.7292,52000
15,1070,1070,243,1.5642,51500
25,831,947,244,1.4481,51700
19,1484,1296,298,2.4219,65800
5,2353,2505,573,2.2863,69200
34,864,579,171,2.0417,72500
42,510,247,99,2.5,73000
13,1348,719,246,3.625,108300
24,1302,693,243,3.7917,90500
17,1531,775,246,3.9073,91600
15,1371,1266,309,1.767,63300
32,1153,761,241,2.825,67600
36,2294,1430,454,1.8975,60900
28,1343,1331,305,1.516,56700
18,1404,754,229,3.9844,118100
41,1749,1171,314,1.6875,66100
37,1054,879,257,2.5234,63500
18,1425,753,266,3.7813,87300
28,1274,572,202,3.825,84200
18,2379,1638,436,2.309,57100
20,1490,1474,326,1.4937,54700
14,3004,3535,735,1.586,56900
34,1440,1018,265,2.2206,63400
21,2106,867,380,1.9913,95300
33,1225,1065,248,1.8958,55100
33,587,730,162,1.5625,55800
27,1388,1056,284,1.6094,55200
27,823,798,200,3.0521,113800
43,1676,1056,276,2.5562,93200
33,1589,1102,307,1.9676,62400
13,1788,1652,411,2.6858,62400
19,1733,911,281,3.5987,131700
28,1452,919,308,2.8287,73100
29,1312,788,271,2.6974,73000
17,2287,1330,393,4.0197,88000
10,2842,1443,576,2.2727,92700
42,2311,1347,436,2.5556,69700
33,1923,1205,389,1.8333,68300
42,2242,1359,483,1.5833,65100
22,1794,1127,359,1.2647,55300
36,738,737,186,1.4415,54400
34,576,363,97,2.0658,92500
34,1911,1886,481,1.625,53000
30,1722,1467,403,1.8878,51600
34,2065,1041,313,3.2917,111500
16,2703,1106,372,4.2045,120900
46,1889,971,403,2.2132,76600
37,1018,663,204,1.6635,67000
9,3860,2157,770,2.5033,70100
31,1986,1042,422,3.0294,70200
19,2746,1670,518,3.2019,95700
32,1513,1038,272,3.0469,82700
32,1604,868,276,2.1908,110000
30,1671,966,282,3.1333,100000
35,990,674,178,3.3214,101600
20,1741,1466,289,2.5921,94200
26,1727,802,259,3.2083,75000
29,1702,914,280,2.8125,79200
29,1799,1278,387,1.7813,57900
34,1370,818,269,2.4044,72500
32,1393,999,245,2.0216,76800
31,1241,767,226,2.7321,83600
19,1310,702,217,2.4375,78200
31,1732,979,294,2.5208,60000
34,1422,716,222,2.975,90000
17,1497,1425,247,2.0313,69400
20,1935,1319,359,2.4814,74600
24,2246,1291,394,2.4006,76400
19,2439,1416,469,2.4474,75600
34,1175,683,261,1.7176,58400
23,1824,1146,362,2.8913,60900
18,1128,772,220,2.1771,39200
18,1524,2030,356,2.1153,112500
17,598,715,146,2.3295,55000
12,1462,1708,367,1.5086,64700
12,1923,2809,535,1.4191,55100
11,1337,1376,318,2.4398,87500
29,579,218,99,2.1458,104200
36,613,310,124,3.0658,65000
18,1206,622,217,1.8264,62000
17,2279,1200,420,2.7461,70000
10,2522,1335,493,3.2639,86400
34,2084,868,347,4.381,86300
18,1519,846,272,2.7792,85300
9,2671,1484,541,1.7075,60400
29,1938,1306,415,3.0134,55500
24,943,514,156,2.25,76600
31,1177,744,223,2.4937,66000
25,948,613,171,2.3026,90600
29,1479,1408,322,2.293,57200
25,875,931,214,1.5536,58300
14,1508,1679,345,2.4786,56000
24,1335,1180,267,1.947,68900
18,819,996,198,2.5,112500
20,1193,1274,241,1.9417,38800
11,1947,2104,486,1.7184,55200
25,1689,1745,457,1.9056,60000
25,991,941,262,1.8125,58000
12,932,1043,243,1.4038,54300
20,1287,954,269,1.3386,63000
34,673,539,182,2.3523,66000
29,1563,883,288,2.8182,90500
20,1519,1681,370,2.1759,58100
21,1779,1446,371,2.4414,71900
42,1766,1084,323,2.3295,74400
18,902,771,174,2.2083,55000
46,55,26,5,4.125,67500
36,49,28,2,4.625,162500
18,2603,1616,588,2.0192,63700
30,4157,1885,774,1.6948,67500
20,707,337,125,3.0469,85000
39,4179,2111,809,2.3507,65600
16,2127,1104,369,3.0469,72200
32,1288,562,203,2.325,69600
20,1401,668,250,2.2569,94300
23,1658,836,297,3.35,85400
16,2026,1031,382,1.9375,73100
16,255,85,38,1.6607,14999
21,1155,510,175,2.3851,67500
33,419,190,67,3.6429,87500
28,1471,673,246,3.25,81600
25,1231,658,211,2.4861,71900
34,2679,1287,505,2.165,58700
22,3265,1647,594,2.3566,71000
8,1268,1237,326,1.3708,125000
17,1201,555,277,2.1,66900
39,2551,1181,437,2.0625,63400
37,2358,1060,424,2.8333,69700
23,462,261,90,2.1705,53000
23,2502,1443,455,2.5625,70000
34,2051,958,322,2.8466,95300
43,1320,512,197,2.4917,77100
39,844,535,165,1.832,70500
20,2332,1856,495,2.1746,58700
52,661,392,244,0.957,60000
52,2416,1150,571,1.7308,80500
52,1264,591,284,1.7778,76900
52,1606,891,367,1.585,75500
52,1557,758,319,1.8529,62500
52,2148,975,430,2.2566,92700
50,2285,837,353,2.5417,85400
39,1606,731,327,1.6369,68300
37,1371,640,260,1.8242,70000
39,1836,883,337,1.745,70500
40,1398,788,279,1.4668,64600
43,2285,1169,482,1.9688,70500
43,2241,932,395,2.9038,82000
35,2141,1053,434,2.8529,85600
30,1895,990,359,2.2227,81300
37,1453,867,310,2.5536,70200
33,1076,656,236,2.5096,72200
34,1592,950,317,2.1607,67000
13,2171,951,353,4.8516,116100
26,1776,992,380,2.8056,82800
30,2975,1367,583,2.442,69000
50,340,235,83,1.75,67500
32,1373,872,306,2.5,72600
47,1486,765,329,1.755,74100
52,2167,908,451,1.6111,74700
52,1703,952,435,1.1386,74100
38,1552,873,291,2.4896,81000
41,2127,911,349,3.1711,104200
46,1975,791,349,3.8,81800
46,3042,1206,541,2.1135,90600
37,2692,1263,486,3.0216,86400
35,2426,982,432,3.4219,92800
27,3046,1407,571,2.9143,99600
24,2858,1388,512,3.375,100600
36,2112,829,368,3.3984,90000
23,959,425,175,2.5536,96100
34,2142,1056,382,2.1101,86900
31,2152,1259,420,2.2478,81100
29,2474,1130,427,2.8833,83000
32,2017,855,346,3.5833,92800
34,4183,1891,669,3.2216,98100
31,2414,1005,401,3.5156,143000
22,2588,1198,442,3.9792,133900
18,1287,805,502,1.1157,150000
25,1322,794,379,1.1742,75000
44,692,398,211,1.1576,87500
47,1765,796,333,2.2138,99200
29,1710,990,425,1.1479,101100
50,921,420,187,2.2188,105800
31,334,780,130,0.7684,153100
33,2235,1165,441,1.725,57500
35,2987,1581,585,2.0657,81100
31,1982,1052,467,1.5326,74100
26,2683,1353,526,2.4321,82100
18,4032,1948,775,2.7321,92600
52,1112,544,172,3.3462,50800
12,2087,1603,438,2.5667,139500
25,2395,983,375,3.0469,136000
13,2522,1381,628,1.6667,78800
24,2386,1058,414,2.0644,79800
31,938,425,157,1.0486,36700
19,1970,1166,363,1.8208,50000
19,1797,1033,327,1.4911,59200
22,1580,686,264,1.8065,62700
17,1564,517,222,2.1542,83800
29,1029,509,196,2.0156,62800
22,3263,1384,578,2.4708,119400
32,1020,421,198,3.0208,143400
26,1633,890,370,1.9741,97900
21,1513,943,301,3.538,102700
29,1429,672,266,2.9485,98800
28,1470,811,314,2.4559,75600
41,1719,844,336,2.6923,84200
28,1272,519,220,3.2891,106300
23,1672,1060,390,2.1726,75500
18,3297,1554,578,2.6847,111300
20,1075,529,196,3.1406,96000
19,1734,866,342,2.96,81700
18,2250,1248,472,2.5893,99600
25,2392,1298,461,3.5076,73600
17,1661,948,357,2.7639,90200
18,1550,941,335,2.3147,70100
12,2497,1153,462,2.8182,126900
14,1452,516,181,5.0329,165600
17,1485,823,316,1.8993,78400
23,2103,1019,387,2.9911,119700
28,3513,1658,598,3.8095,119900
33,644,334,121,3.9659,111800
17,2026,873,313,4.0357,128900
18,2581,1375,503,2.8446,100500
23,580,320,109,4.2054,130600
21,5694,2907,972,3.5363,90100
32,1218,620,268,1.6528,58100
36,2349,1194,465,2.5179,79000
35,952,480,179,3.0536,107000
32,1595,706,277,2.8958,86400
43,2131,910,389,2.5804,92100
39,1322,642,292,2.4519,85100
39,1186,539,212,2.0938,79600
27,1148,521,219,4.025,128100
22,1665,826,382,1.5625,66800
17,2985,1544,584,2.178,76800
32,1878,937,353,3.4408,95200
24,2978,1370,480,2.7644,97300
31,1854,883,310,2.3167,92600
25,2015,746,251,1.7153,77100
25,1899,891,355,2.6987,92500
29,2864,1314,562,2.1354,75100
33,1348,573,236,2.4896,74100
38,544,240,91,3.25,94800
30,1927,996,374,2.2357,72300
42,2380,1300,504,1.7574,57500
38,2220,1041,401,2.3947,70500
52,1196,965,265,3.5345,55000
34,1006,443,158,2.6094,71300
52,2217,907,369,2.3571,111400
52,2694,1152,435,3.0806,106700
52,1820,806,270,3.0147,94600
32,1430,434,187,1.9417,76100
17,1319,393,163,2.625,135600
16,2088,816,326,1.319,70700
28,2809,1093,438,2.0962,74000
31,1852,917,359,1.725,54300
19,2283,1184,453,1.2227,76800
33,2985,1221,486,2.087,82400
35,2052,900,402,1.9625,101500
17,2019,899,347,2.1864,101900
38,1327,784,231,1.8793,60800
18,1109,1006,253,2.163,53400
21,1024,890,232,2.101,46700
33,1234,777,298,1,40000
32,1995,1069,410,1.6552,43300
37,709,390,142,2.4511,72500
27,452,258,61,2.9,87500
17,1009,745,217,2.0463,61200
20,1121,766,230,2.2969,62000
31,314,152,56,3.3472,91700
29,1141,684,194,3.4038,107800
17,841,473,154,3.1979,113500
32,1615,1307,345,1.4583,58600
21,1302,1244,316,2.2054,66400
25,2578,2082,565,1.7159,62200
20,1402,1104,317,1.9088,63700
23,1459,1148,388,1.5372,69400
27,1513,1121,381,1.9464,60600
17,1697,911,254,4.3523,96000
24,2565,1447,473,3.2593,80800
41,2429,1188,430,3.0091,70800
35,1583,933,318,2.4063,70700
33,2266,952,360,5.4349,143000
21,2164,1164,421,3.8177,107200
34,2231,1568,510,1.5217,60300
24,1617,1416,401,1.975,66400
10,1879,1376,337,1.9911,67500
34,591,327,89,3.6528,100000
16,1136,481,185,6.2558,146300
19,1087,649,173,3.3182,113800
23,1458,866,275,2.3594,74300
14,1276,867,261,1.9375,80900
30,1602,1130,335,3.5735,71100
38,1892,1175,374,1.9939,65800
35,1263,950,241,1.8958,67500
32,741,623,169,1.7604,68600
33,1365,825,250,3.2396,62300
17,1039,728,246,1.7411,63500
29,1207,804,288,1.9531,61100
31,1494,959,284,3.5282,67500
20,1608,862,248,4.875,90800
3,1629,1005,312,4.1293,83200
19,541,457,106,3.3583,102800
23,1228,569,235,3.1667,125000
18,1564,1161,343,2.1792,55200
44,472,206,57,2.2083,93800
16,348,123,54,2.0938,87500
19,377,198,55,1.625,112500
5,805,458,143,4.475,96300
34,1540,1013,274,2.5664,67500
10,1088,533,201,3.6597,87500
17,1492,1595,428,1.7188,69900
16,1307,961,327,1.1853,72600
16,2276,1184,513,1.875,93800
21,1260,805,239,2.6172,88500
18,1715,1166,333,2.2417,79200
14,1527,1453,332,1.735,61200
17,1190,1113,258,2.3571,63100
13,330,822,64,3.4107,142500
23,666,580,160,2.1136,61000
22,565,692,141,1.2083,53600
30,752,733,186,1.6607,56100
23,1712,1370,377,1.275,60400
23,1004,697,201,1.6351,59600
33,1192,1066,211,4.5714,68600
25,1311,1193,351,2.1979,63900
28,1672,1335,397,1.5987,59400
15,1171,1024,298,1.3882,69400
18,1178,1377,429,1.3373,58300
34,2856,1627,522,3.2083,76200
20,2372,2283,767,1.1707,62500
50,1291,864,274,1.6667,68100
46,2511,1583,469,3.0603,70800
35,1185,615,191,4.6154,86200
25,2007,1135,332,5.128,99600
29,1568,848,245,3.1597,76200
5,2652,1767,536,2.8025,84300
5,2494,1416,421,5.7843,110100
8,2183,1000,287,6.3814,159900
14,1687,762,451,1.6635,64400
34,1152,621,208,3.6042,73600
29,2321,1173,360,4.0375,86400
20,1534,871,222,6.2715,97200
15,1413,803,277,4.3021,87500
15,1278,653,185,4.4821,140300
30,935,649,148,2.5769,94400
17,1960,1691,356,1.899,64000
19,583,531,134,1.6838,95800
25,2322,2185,602,1.375,70100
24,1266,1083,298,1.4828,73100
15,3414,2097,622,2.3319,91200
18,3631,3565,924,1.5931,88400
35,2159,1694,475,2.1776,75500
29,1523,1302,393,1.1311,84700
11,2872,2644,581,2.625,72700
6,2804,2807,594,2.0625,67700
17,290,135,57,1.7292,81300
16,245,81,33,1.2639,51300
15,208,51,20,4.0208,32500
26,1134,329,158,1.4338,43900
18,414,98,54,1.5417,57500
20,1996,659,295,2.8684,62800
15,1945,515,273,2.0109,54300
5,186,41,21,2.7,58800
8,240,63,24,1.4688,53800
15,459,160,73,0.922,67500
19,1210,329,155,1.7857,62800
27,322,112,57,1.125,54400
12,99,37,17,1.8958,53800
2,96,30,16,5.3374,47500
24,796,227,139,0.8964,59200
18,1183,374,127,3.1607,57500
19,749,476,169,1.7727,50000
23,1586,338,182,1.2132,30000
21,44,64,27,0.8571,25000
19,2570,1431,608,1.275,56100
15,1448,949,300,0.8585,45000
17,1388,775,320,1.2049,44000
16,3806,1501,714,2.1212,108300
19,2460,1225,425,4.1576,141500
19,2682,1134,399,3.2132,166000
20,1468,721,270,3.0817,118800
26,3135,1385,523,4.337,139700
21,3302,1413,520,4.375,180400
18,2281,1425,465,1.7388,54400
34,2465,1172,575,1.9722,116100
25,3295,1477,770,1.8325,105800
38,1813,902,396,2.3261,98400
22,3480,1541,636,2.75,94500
19,99,51,22,1.7292,137500
35,2563,861,371,2.325,80600
34,2090,896,426,2.0357,74200
23,2311,1019,384,2.2574,104700
25,1709,632,292,1.7868,45500
19,619,490,164,2.1,14999
14,1372,436,213,1.1471,32900
42,2271,1124,447,2.7583,64900
45,1628,754,334,2.5703,62400
38,2952,1491,568,2.6094,67900
14,3520,1748,582,4.3162,87100
5,2133,1182,438,3.0268,77000
29,3415,1527,597,4.0125,84400
39,2033,956,379,3.1736,70700
40,1089,520,218,2.2727,67200
36,2044,1021,374,1.8472,57400
40,1912,1015,413,1.4598,52600
42,1705,905,393,1.6286,54600
41,1808,1005,373,1.7857,54300
47,1691,913,358,1.8403,54700
41,1992,1006,419,2.8393,57000
35,2353,1368,455,2.325,63200
21,2534,1297,517,2.0575,67000
41,2221,1106,473,1.97,51900
37,1761,911,365,2.0331,53200
25,1577,844,309,3.0625,69400
31,2348,1413,611,1.3222,51400
35,2608,1566,583,2.1818,63500
20,3268,1622,758,1.3587,67500
10,4159,2089,591,5.5261,132000
19,3889,1872,731,2.6812,107600
12,3449,1754,551,5.6235,130600
52,154,37,16,10.0263,200000
28,254,118,37,4.8571,237500
18,1894,846,317,3.8611,126400
10,6435,3242,1030,5.575,132200
11,8739,4781,1919,1.7109,44600
29,1820,1134,419,1.8289,59400
36,790,426,208,1.4427,50600
30,227,169,101,1.3527,60000
43,2225,890,374,4.0208,90400
48,1908,789,321,3.5714,84600
44,2250,928,379,4.3906,93900
42,2839,1203,487,3.7708,79400
51,1373,648,300,2.8295,72100
36,1896,937,303,3.996,85500
34,1859,854,309,3.1906,76200
34,813,440,170,2.8393,69800
36,1443,680,259,2.9821,73100
36,1864,1052,325,3.4205,76600
36,1482,640,274,3.875,94500
28,4667,2404,841,3.2325,89000
29,3548,1542,659,2.947,87100
23,4483,2136,883,3.6875,101700
27,2473,1271,427,3.5524,89100
23,5624,2842,1042,3.1297,79000
34,2047,888,352,3.6734,92900
35,2220,906,373,3.5938,95200
41,2417,973,406,3.0568,85600
26,4800,2365,743,3.7533,87000
30,2594,1419,480,3.725,83100
33,3122,1733,545,3.8307,70600
21,3999,1889,688,3.875,99500
14,5548,2815,935,4.2214,104600
27,3074,1223,452,5.4592,139100
13,3137,1318,397,7.7751,194100
6,4656,2320,935,3.0938,100800
10,3216,1539,483,6.3639,143000
10,3587,1398,763,2.569,113000
14,2458,1352,411,3.5441,87000
32,4121,2590,721,3.3462,67600
20,1351,762,253,2.1111,105300
17,3589,1746,640,2.4919,75700
34,2412,1558,421,2.6903,62800
33,3372,2352,704,2.0643,57600
23,1106,790,230,1.8523,59700
34,1672,1059,349,2.1588,61300
37,1667,971,335,2.875,57400
37,1475,946,295,1.6728,55400
41,1463,1066,318,1.7467,52400
40,1603,1026,337,1.365,54300
38,2121,1547,441,2.774,59500
32,1361,1483,297,1.625,46800
39,1497,1182,355,1.0648,50000
42,1185,1038,299,0.9951,48000
41,2396,1781,543,1.8819,58000
35,1673,1041,413,1.375,57500
26,1317,1025,304,1.4024,51000
30,1390,1116,298,1.3451,57500
22,1812,1592,420,1.4146,49100
24,1807,1460,410,1.4786,54800
34,1020,795,228,1.625,50800
28,1171,1193,273,0.8639,49400
39,2228,1516,435,1.6009,48800
36,1438,1054,341,1.8319,55400
52,2805,1325,522,2.5083,70100
29,607,476,143,1.1875,50700
32,2620,2375,684,1.2618,46900
41,303,216,80,2.2212,55500
36,832,814,174,1.4773,57400
38,918,743,222,1.7292,58100
35,825,670,181,1.1638,57900
52,425,380,97,1.4125,42500
44,434,274,86,1.1944,57500
52,114,158,26,1.075,67500
35,120,477,41,1.9125,47500
44,593,364,121,1.4779,66000
52,90,36,31,0.8054,60000
48,346,129,63,1.1875,63800
52,191,106,49,2.0455,72500
45,629,568,139,1.7321,84400
38,2122,843,410,3,91800
52,1695,540,260,2.7312,147100
52,1503,554,277,1.6786,126600
44,1618,667,300,2.875,82700
28,4513,1593,763,2.9821,118700
36,1942,1051,411,1.8362,66900
30,4635,2307,754,3.6548,84700
16,4507,2261,959,3.3261,118400
19,5254,2155,831,4.6705,110700
12,6442,2966,1092,4.5791,123400
9,1228,409,212,4.3482,95200
42,2508,1035,442,2.6513,72300
41,1944,977,388,3.9097,81300
40,1533,771,306,3.0435,69500
46,1637,714,297,2.1818,75300
44,2687,1521,549,1.7213,61600
48,1833,947,363,2.2827,70000
47,1631,847,315,2.5062,73700
41,2551,1342,595,1.9671,76800
38,1702,1191,366,1.8801,57800
38,1838,1203,373,1.6797,60700
36,2658,1490,529,1.2157,57000
24,1941,1277,435,1.056,51600
33,821,579,172,1.2469,46700
40,850,764,186,0.9407,43600
39,896,805,197,1.25,42500
35,1164,992,284,1.4015,48700
35,1021,1258,239,1.7375,48600
36,1562,1223,329,0.9675,47100
29,1244,933,227,1.6981,49400
15,1482,1059,279,1.2617,42700
18,1524,1210,344,1.1136,47800
31,1498,1168,340,1.2232,49300
19,2714,1823,500,3.1281,76200
30,2294,1753,482,2.1078,54700
32,1025,874,236,1.9612,53400
35,2285,1738,480,2.4848,54000
34,1379,1156,315,1.7197,48900
31,1418,1219,312,1.5743,46700
29,3480,2007,541,3.2738,78700
21,496,511,124,1.7614,33200
27,1615,1380,332,1.6632,49800
36,1590,1311,390,1.6786,52900
26,875,567,204,0.9288,36600
31,2931,1969,588,2.2155,62100
32,1293,1109,286,1.1786,45600
34,1354,922,304,2.1875,58000
44,1730,782,278,3.0208,63700
42,1239,776,272,1.983,63300
39,598,366,132,1.9125,57900
38,1472,670,282,2.2407,76000
38,1463,692,295,2.3125,65800
36,3474,1679,616,2.7256,71900
34,1441,695,275,2.6875,73700
31,1607,817,307,2.5644,73000
27,4590,2212,894,3.1753,85000
20,9351,4584,1953,2.575,69900
14,3580,1933,912,2.6637,175000
18,12707,7009,2552,2.9438,87200
17,2387,1204,423,4.0529,106200
24,4119,1294,879,2.4123,86200
16,4201,1667,724,4.8839,134100
4,8574,4250,1444,5.1036,103400
5,4597,1916,870,4.0327,131000
18,4070,1580,540,10.5941,245800
20,892,331,135,7.1837,176300
14,2113,842,265,8.5325,224100
16,1535,768,236,5.4449,118500
15,1474,768,238,4.1528,130100
4,6640,3121,902,6.759,170300
8,11609,5696,2100,5.0012,106300
9,7085,3084,1052,4.997,142900
15,3944,2355,757,3.569,70700
13,9027,4870,1797,3.406,100700
14,5264,3278,1049,3.8117,82800
34,2861,1375,486,3.4286,71400
26,3691,2072,827,2.1553,84700
21,3057,1627,680,2.7083,84700
34,2221,1131,408,3.0486,68500
36,973,613,187,1.5625,46700
42,1120,677,213,1.5429,39400
35,991,620,207,1.9417,53800
32,3068,1897,607,2.4234,63700
35,2053,1193,387,2.75,65800
35,1650,1145,343,1.5357,56500
35,1576,870,282,1.6575,59500
33,2248,1461,405,2.9402,56200
37,1337,767,273,1.6522,53300
3,2821,1353,495,3.6852,109800
20,37,34,8,1.2,50000
11,7035,3525,1387,3.4827,93600
11,2161,1267,388,4.1957,92700
12,2721,1294,523,2.5575,100200
14,2927,1821,561,3.3529,82600
9,10822,6241,1906,4.0631,88200
10,829,447,173,4.1484,102900
10,7397,4611,1310,3.6369,81600
23,4870,2717,928,2.596,70000
19,7092,4101,1436,2.1006,74800
7,8596,4893,1520,3.9054,80900
25,3081,1830,591,2.5804,97900
5,6268,3269,980,5.1457,118200
6,80,66,21,3.125,65000
10,7011,4163,1307,2.7659,77500
40,282,213,71,2.35,91700
32,444,242,87,1.1528,150000
24,806,323,136,3.5,113900
18,3278,1338,550,2.9891,116500
30,2817,1089,412,3.1364,123500
6,8733,2006,736,4.5724,168400
14,4054,1581,579,3.0882,148200
8,508,229,84,4.0332,128300
21,2213,1250,440,2.9187,52100
45,973,500,177,2.6389,30000
26,890,483,170,4.15,68200
23,3827,1993,617,3.0742,57900
36,116,39,18,3.125,37500
34,3437,1783,608,2.3912,52900
40,4164,1998,773,2.8323,50800
30,2943,1565,584,2.5313,45800
19,4190,1973,702,3.9929,88300
33,5050,2293,919,3.1592,75400
34,1440,808,294,2.3013,26600
46,2745,1423,482,2.1955,26900
44,4599,2140,831,2.9952,63800
32,2167,1301,394,1.9718,69800
24,2585,1442,424,2.8452,104700
12,5589,3018,917,4.4561,96900
22,984,451,170,3.25,88900
13,1264,552,187,4.5903,94300
12,2835,1399,413,4.4125,149000
6,7383,3415,1059,5.3119,157300
18,1521,706,279,4.4196,121000
37,2044,894,359,2.9453,82800
13,4527,2170,671,4.8266,146200
36,1253,932,249,2.1635,110400
36,786,573,134,2.2321,37500
39,2649,1815,547,2.3533,65400
38,2536,1133,430,4.2375,78600
34,1367,796,319,2.8269,61100
28,1089,544,190,3.2279,95800
34,1923,1101,351,2.4044,65800
28,3107,3260,738,1.6944,58600
21,2171,1315,450,1.7105,52100
34,2304,1506,403,2.2071,64600
16,1584,1011,268,2.4961,58800
29,510,236,73,2.7,125000
13,1657,1186,376,1.1903,63200
33,3240,1809,616,2.3934,71900
33,2143,1732,509,1.9362,59000
32,2703,2682,675,1.4619,60500
14,2719,1497,457,3.176,71800
20,3085,2645,676,1.7868,54100
18,820,1345,207,2.1186,47500
21,2403,1647,415,2.6066,80000
30,735,421,113,2.5625,156300
15,3938,3500,768,2.1295,59800
29,1476,902,205,2.6726,83300
21,1885,1539,388,2.5208,58500
16,2874,3078,651,1.8843,55200
32,3216,2639,709,2.0025,54700
27,1513,1346,323,2.7411,59800
35,1618,1449,398,1.6786,56500
36,2332,2175,610,1.6045,57300
36,1598,1658,417,1.517,52100
8,3271,2700,688,1.7418,62200
35,1927,1371,414,2.2981,69900
8,1612,1230,330,2.1806,67200
31,2862,2467,600,2.3125,62100
28,1737,1764,514,1.7813,67800
36,3225,2034,593,2.4044,72500
16,2275,1914,614,2.033,68400
26,2636,1416,485,4.1917,84000
6,1755,664,254,6.2885,216400
20,3458,1465,621,2.5806,82500
13,1439,557,227,6.1563,204200
18,2327,799,335,1.8419,92300
15,1962,730,321,2.25,67500
23,3166,1097,493,2.6288,96000
18,4754,1366,690,2.0694,81200
18,3303,986,522,1.5957,101400
28,1491,98,48,1.4205,90000
33,1504,584,223,3.4792,94600
17,2354,775,380,1.8369,59400
15,2966,1007,465,1.5667,72500
15,5907,2310,1001,2.3125,96900
18,2304,782,390,1.4141,75800
17,2248,927,427,1.3023,68500
17,4002,1614,731,1.6236,67300
16,5396,1802,807,1.8819,69700
13,2267,756,276,2.5474,78400
35,2916,1870,432,3.625,55000
33,2579,1155,431,2.0441,42100
18,2737,1128,533,2.8,72000
15,2701,1245,513,3.3269,81900
5,1131,520,232,4.0167,87500
8,2683,1154,399,5.8625,109400
15,3253,1408,586,5.2043,95700
6,2115,927,337,6.1935,115700
32,3661,1613,706,3.0687,63500
18,4334,1777,661,6.0653,105300
5,3151,1335,428,5.5773,109000
18,2657,1426,483,3.5931,71900
9,4241,1929,742,3.5988,84500
12,1678,765,281,6.0532,102800
16,2678,1473,487,3.858,70200
30,2994,1481,581,2.1458,52400
10,2656,1349,501,4.25,83200
11,5897,2728,1072,4.15,85700
5,5735,2623,862,4.8494,87200
14,1740,850,317,2.5812,91700
12,2014,1027,356,3.9261,101300
9,3811,1518,568,5.5551,142500
19,1124,598,261,1.8984,54300
13,2566,1181,414,4.1518,91800
11,1751,765,296,5.0762,98000
15,2357,1110,442,3.1755,81700
28,1913,858,371,1.9962,50800
21,1739,945,362,3.4015,86500
30,2555,1347,467,3.3693,71800
4,18,8,6,1.625,275000
4,2,6,2,2.375,137500
15,1926,917,316,3.3889,68500
5,4849,2504,847,3.5391,81900
4,2630,1150,422,4.25,104400
1,83,32,15,4.875,141700
4,923,352,135,4.5724,84500
15,2180,960,370,2.875,87800
20,873,422,159,2.9583,91700
11,7353,3571,1308,2.8097,130000
28,2969,1644,570,3.4338,54900
33,1589,853,272,4.2292,64400
36,1184,672,241,1.9107,39800
10,4597,2227,821,2.6149,83500
9,1507,761,278,3.0184,87900
2,2103,923,338,5.0553,111100
21,2370,1488,554,2.7361,83300
15,1069,569,263,2.0441,73300
44,1297,776,278,2.5875,68900
14,2992,1631,526,3.7452,83200
29,1671,821,337,2.16,56800
7,4371,1932,654,4.625,136800
7,9664,3617,1370,4.0581,162900
10,2939,1167,446,2.3917,79000
4,8417,4631,1468,3.6949,115800
6,3660,1243,482,3.4911,137200
11,4031,1539,564,3.8917,120800
19,3109,1457,620,2.6417,94900
16,4084,2033,668,3.2405,85500
8,1968,930,360,3.2632,99800
34,1170,602,266,1.7917,80000
21,1899,1133,391,1.8636,67900
28,1793,1233,351,2.7845,82200
24,1341,667,184,4,94500
33,1190,717,196,2.6302,81300
29,1297,909,253,1.9236,106300
26,1639,1222,395,1.7656,68000
31,2358,2302,574,1.9688,53900
17,1959,1763,453,2.1357,53500
34,2185,1910,455,2.1136,57300
17,2783,2566,641,1.9907,51200
29,1401,1344,306,2.0921,61400
31,6145,5666,1457,1.9066,54600
20,3815,3450,920,2.0174,63700
29,2888,2949,699,1.7716,45500
38,1016,540,187,2.2885,75000
30,1860,1123,347,3.4926,94200
26,1912,1002,311,3.0375,126300
25,1688,879,277,3.3214,103100
41,831,443,146,3.1406,100000
25,1549,819,272,2.7159,101400
26,1414,779,249,2.9167,83900
25,8363,7679,1580,2.0285,106300
19,3252,1971,607,3.0667,75800
14,3400,1867,612,3.9926,92500
14,1287,737,269,3.1667,126400
14,3677,2191,785,2.6218,69100
25,4984,2414,961,2.2937,72300
24,2202,1052,439,2.1038,62000
30,1846,1255,352,2.1681,66600
16,1717,903,289,4.3438,93100
6,1265,764,246,4.2917,104200
18,942,424,174,2.0673,87500
16,1006,515,200,3.2386,112500
29,1871,1066,309,4.5714,100800
7,479,327,103,5.1728,107500
24,544,442,106,3.1071,56100
33,1287,580,210,3.2019,112500
40,1185,676,256,2.2721,52600
40,1178,586,187,2.6477,43500
20,2440,1579,400,2.8281,60200
10,956,693,220,2.2895,62000
10,1090,470,158,4.9432,118800
4,3725,1478,600,3.5486,148000
21,1745,837,292,4.3911,107900
38,3148,1378,537,2.8788,85500
15,1724,947,391,3.1094,91900
13,2360,1055,312,5.2134,97400
23,3182,1525,585,3.8108,90400
4,1684,920,324,4.2396,90600
10,3674,1864,718,2.6145,80300
30,1765,746,298,2.8125,70200
26,1463,699,219,3.5536,71400
14,2928,1633,559,1.8385,67500
32,1492,926,264,3.0139,61500
36,1518,749,255,2.2333,61000
32,1338,859,286,2.6397,59700
46,1730,752,323,1.8529,67200
47,1869,832,315,3.0846,76100
32,2958,1504,627,1.8606,56700
41,3095,1852,721,1.4524,51700
52,1257,624,243,2.3523,59100
47,1059,693,241,1.3882,53800
26,592,268,116,1.7596,120800
19,1241,850,237,2.9375,81700
16,2048,1052,388,4.0909,92800
10,1623,988,395,1.4194,58100
24,2652,1532,445,2.3256,56800
28,1325,873,240,2.5833,54400
12,2739,1859,498,2.9936,60600
18,1147,717,212,3.3681,70500
11,1294,713,290,1.5433,50400
32,2205,1772,479,1.3569,43100
28,941,588,180,2.3466,53400
27,1513,1071,284,1.5909,50100
25,1847,1460,353,1.8839,46300
20,2673,1394,449,2.625,97400
35,2011,970,300,2.395,94100
23,207,171,50,2.4286,100000
32,752,524,155,2.25,50000
6,2015,992,319,2.3889,53200
21,1382,1469,355,1.3967,46500
29,424,284,73,1.5313,43800
25,1093,893,252,2.13,50800
35,1648,792,265,3.2847,64700
14,1267,1077,279,1.85,52300
37,766,639,190,1.6607,42100
21,2004,1397,398,2.2169,61600
16,1461,1201,384,1.5727,54800
36,1729,737,278,3.5313,68800
37,1676,707,274,2.0595,60700
21,1548,1137,306,2.4688,61300
43,187,106,40,1.875,137500
33,1293,694,229,2.0221,52200
23,333,198,55,0.4999,100000
25,1047,1505,286,2.0976,47700
20,156,171,37,3.05,225000
27,2533,1371,461,2.9708,60900
18,1165,1119,308,2.2167,48500
33,1726,1371,388,2.0335,43900
7,2049,1387,422,2.25,56200
26,48,13,8,2.375,71300
16,259,131,38,3.125,62500
16,411,26,19,0.4999,73500
39,1295,534,179,3.9519,98900
43,89,86,27,2.0208,72500
44,202,142,39,4.35,68300
45,1314,649,232,2.575,73600
20,1125,521,196,2.2188,106300
24,1098,353,145,3.8333,92600
17,380,225,72,3.25,137500
10,1588,585,254,2.2551,71100
15,2483,835,380,1.9141,143200
24,341,146,57,4,166300
18,681,272,105,2.8906,140600
14,1582,851,273,3.45,164100
21,2202,1000,381,2.4423,102300
21,1236,601,261,1.939,100300
16,1548,605,250,3.5652,119000
20,1128,621,210,3.2216,93500
38,3131,1591,568,2.5457,80700
27,789,295,108,3.7667,95000
14,2374,723,427,1.3532,95800
13,532,214,62,3.3929,108300
15,1927,810,321,1.6369,86500
24,3127,1015,448,2.0417,78800
26,2191,679,371,1.4679,94700
20,1798,685,331,1.625,66800
17,1880,798,342,1.4676,65000
23,952,321,128,1.5208,89000
15,1601,661,269,2.6181,108900
11,1264,370,177,1.3,69700
9,254,66,29,2.7639,112500
23,1618,425,244,1.9833,111500
27,2199,744,316,2.1094,72400
27,1446,594,255,1.165,53300
16,3715,943,510,1.7446,109400
18,793,186,59,2.3125,162500
18,1177,181,105,2.3558,134700
16,4279,1596,666,1.8571,75900
16,975,337,155,1.6607,77800
27,2300,526,254,2.1838,109700
32,1856,703,292,1.1912,60000
17,1708,633,312,1.75,64000
19,2230,832,359,1.6865,58800
14,1731,638,282,2.3179,57500
14,231,108,31,4.3897,71300
16,1657,572,301,1.4767,62000
16,1914,828,332,2.0577,69000
20,2507,1072,457,2.3083,60200
27,2143,898,367,1.6769,63200
29,883,326,136,1.7273,58200
28,1503,522,268,1.2029,68900
11,686,246,86,1.7083,77300
25,661,192,93,1.7566,49000
18,3844,1832,845,1.125,81800
13,524,215,90,1.5455,55000
17,2554,723,319,3.2375,114200
17,4162,889,414,3.4187,200500
23,642,265,84,1.8833,96900
11,5175,2144,792,3.0466,97300
9,1245,517,187,3.125,93400
20,41,94,10,1.375,55000
20,1592,647,253,2.5326,136800
20,1580,753,252,1.8704,88500
15,289,191,54,1.6833,113900
17,1383,719,296,1.6164,77800
21,939,556,178,1.7196,75000
20,2067,904,333,2.9934,134200
20,1214,504,223,2.7188,105700
15,1318,567,276,1.8692,93800
26,712,293,100,4.0119,119400
11,640,268,90,3.4514,100000
29,2781,890,310,1.9906,96600
12,4515,1554,528,3.3531,90800
10,304,161,61,2.1964,112500
15,1410,599,273,2.1953,75000
23,292,92,41,2.9583,91700
13,520,249,109,1.8417,84700
30,70,20,13,4.125,112500
16,1177,519,199,1.5739,73500
12,2394,877,341,2.5625,109200
9,2589,1050,374,4.0435,132600
7,3639,1027,421,3.8831,132100
15,764,366,143,3.375,103100
22,852,461,142,3.4375,83300
29,994,302,117,2.3125,67900
21,1425,727,287,2.1474,85300
20,531,231,96,2.625,89600
26,102,43,13,0.536,87500
26,1707,761,250,2.7188,48100
29,779,364,123,2.5,59200
17,976,511,175,3.6641,80800
27,777,318,115,1.6833,40000
33,240,63,22,3.625,200000
11,2635,280,132,1.7214,118300
17,890,406,154,3.3036,78300
19,683,302,111,2.5,64100
52,5486,1977,754,2.1833,49500
15,5343,2503,902,3.5962,85900
15,2045,1121,402,2.6902,71500
35,1450,717,297,2.5074,66400
39,3240,1467,621,2.1875,64300
52,2081,1051,419,2.2992,70200
50,1741,987,383,1.5066,59300
19,4462,2229,777,3.5536,105700
16,3412,1873,590,2.2661,61800
26,1652,762,280,2.4757,85600
19,689,355,127,1.7333,70000
36,36,4198,7,5.5179,67500
17,3391,1529,571,3.4028,91000
16,1821,969,359,3.4643,85100
21,789,406,146,2.1198,73500
26,2399,1037,443,2.6765,47600
19,2335,1028,383,1.7267,60700
27,5205,2363,888,6.1946,276100
32,1079,486,167,4.9833,213000
33,3177,1845,612,4.008,191100
37,2824,1619,573,3.5568,184500
42,2186,1145,439,4.81,191900
35,2045,1166,407,3.5214,197600
29,2559,1886,769,2.6036,162100
19,1988,1399,527,2.4727,175000
8,5568,3565,1374,3.0795,161500
37,2489,1215,431,5.0234,257600
35,2091,879,326,4.4485,261900
30,2180,1050,390,6.3688,277600
35,779,371,150,4.6635,230100
39,699,358,143,4.4375,195800
32,2542,1278,493,4.45,263600
29,3390,1543,576,5.6184,316900
36,1300,688,261,3.1523,176700
31,6434,3540,1131,4.2639,293300
19,9259,3963,1595,5.997,228700
30,1260,638,229,4.1302,258300
39,1470,1047,284,3.275,181400
42,1073,804,226,3.75,172600
34,3258,1810,633,5.1145,219900
35,1446,759,291,6.0808,215600
43,1510,809,277,3.599,176500
40,1065,605,183,4.1964,185900
38,2264,1124,388,4.2685,189600
41,1297,733,315,3.0583,160300
34,1797,948,363,4.1339,187300
32,3690,1804,715,4.4875,222700
30,3214,1700,533,4.6944,248200
29,3034,1776,702,3.1349,230200
32,604,314,113,6.2037,205400
37,1776,702,265,5.2661,314900
34,2795,1267,443,6.1464,354400
34,3677,1598,568,6.838,378000
28,1643,1142,458,3.1607,200600
44,1442,859,292,4.5833,197300
37,1444,624,239,5.76,239400
36,1882,1005,409,3.8,217100
24,5106,2310,957,4.4375,191500
24,4694,3566,777,4.4818,166200
22,4428,3152,836,4.7932,166300
16,6573,6161,1473,3.3304,154900
8,3248,2608,731,2.8214,158300
35,1008,1162,215,3.35,147600
32,1591,1818,306,4.2969,145800
29,1271,1338,266,4.125,150000
32,2574,2609,472,3.7566,146700
22,3517,3134,847,2.6652,164800
35,822,1197,203,3.2865,133300
34,1999,2391,439,2.8,144300
33,1209,1097,283,1.6295,134300
33,937,1216,212,3.3214,131300
35,674,808,173,2.6667,147800
30,1384,2054,301,3.0132,142600
31,1130,1533,269,4.2353,156800
36,1002,1312,249,3.024,148000
37,1024,1371,239,3.225,147500
30,1246,1990,369,3.5104,140900
37,1269,1835,335,3.2583,147200
35,777,1022,186,3.4,139600
43,729,935,174,2.9519,140900
37,1545,1909,352,3.6791,148100
35,1447,1630,306,2.9205,143100
26,1788,2582,484,2.1062,136400
38,870,1065,222,2.5313,136100
36,973,1086,218,3.4519,143300
37,1789,2279,411,3.9,138600
38,858,1250,204,2.9219,137900
35,2700,3444,679,1.4867,124000
13,4379,2560,853,4.2538,154300
13,1872,1927,432,2.2019,134200
19,280,483,87,1.95,137500
33,827,981,184,2.6429,143100
36,1146,1173,272,3.6016,153800
18,3447,3663,817,3.2284,157100
17,2049,2243,541,2.525,163700
36,1430,1502,312,3.6292,145200
34,2657,1948,532,4.233,157400
18,5891,2882,911,5.901,235600
14,6235,3568,1190,4.1724,211600
19,6755,4205,1395,3.9583,163200
29,3334,2919,718,3.6548,180300
18,6572,3473,1067,5.2987,203400
28,3187,2205,559,5.1668,187400
30,3027,1970,590,4.3409,156000
14,4151,3163,915,4.0301,154300
22,3182,2661,746,2.7472,160100
38,1595,1181,327,3.4,155500
9,1739,820,323,4.0556,182500
23,3481,1952,682,4.26,189400
10,5777,2917,1056,4.1514,194100
28,1532,977,275,4.4773,173100
32,2424,2291,419,4.0337,158500
24,2920,1460,598,4.2708,218200
13,2664,1468,521,4.8988,325200
9,2384,1697,402,6.0891,270100
31,1091,892,238,3,172400
16,2495,2314,567,3.6736,192200
24,3668,3151,810,3.0526,183300
18,4256,3401,955,4.2935,190000
26,4516,1714,581,9.2873,431800
27,2535,1071,386,6.8695,319400
31,3508,1957,588,6.6458,285500
25,1024,357,147,7.0598,356300
18,7498,3189,955,8.1248,374000
24,6145,2710,875,7.5078,344000
29,4239,1890,631,6.3911,301700
29,1287,525,187,6.4171,319300
28,2272,868,312,7.7464,474600
17,4542,2144,597,8.8467,450700
27,2676,2661,623,4.3047,152100
35,4085,3988,906,3.4812,160200
18,5481,2477,764,6.7248,377200
16,8879,3468,1200,8.1125,428600
10,7665,3517,998,10.8805,500001
22,4423,1995,582,8.2159,376200
4,6995,2907,1089,7.0808,341200
38,1527,1303,340,3.5714,152000
23,1663,1242,283,5.5931,217600
33,1549,881,289,5.1408,222900
35,2132,1128,341,5.3107,227100
35,1511,873,254,5.5608,226700
17,1444,523,270,2.7353,192400
35,1150,741,178,5.741,220600
34,1231,702,222,4.9323,223700
33,2649,1303,437,4.9955,216800
33,1194,839,230,3.705,185800
35,1579,1012,265,5.1296,195900
30,1576,1004,284,4.8015,179700
28,1865,1182,440,2.6193,172300
36,1111,1333,266,3.5347,158100
29,1701,1616,371,3.3603,142400
35,1724,992,315,4.8359,195600
36,1453,808,275,4.3839,204600
35,1637,894,302,4.175,209600
33,1358,738,235,5.0947,210300
36,1394,761,262,4.9485,217100
33,2202,1135,407,4.2143,224200
32,2217,1064,427,3.6989,208600
34,1300,650,291,3.8875,199200
35,1898,1123,347,5.5792,218400
36,1770,938,304,5.749,238000
27,2722,1164,419,4.6591,239900
34,1732,1120,401,4.1492,195700
36,1951,1040,375,5.1619,195300
35,1442,795,268,4.9688,216900
35,1865,1074,337,5.1068,223300
33,2088,960,362,4.3333,232900
34,4877,2521,781,5.5714,225900
33,3047,1578,507,4.58,236200
35,2235,1148,416,4.869,221600
34,3580,1694,524,5.4065,243800
33,1975,801,287,7.8193,379600
34,3787,1966,738,4.055,222500
36,2276,1001,419,4.1042,252100
36,3204,1499,499,5.5649,271200
32,1931,948,314,5.3847,329200
18,3674,1590,550,8.176,308400
22,5303,2372,807,5.6912,311800
28,2309,931,302,6.7415,348200
33,1927,896,293,5.634,320500
23,4960,1929,586,10.9052,500001
21,4018,1508,529,8.203,445400
25,4919,2183,625,8.1356,352800
33,2831,1340,504,4.8316,237300
21,8850,4717,1979,3.7816,254200
29,2472,1109,397,5.5433,332500
11,7849,3561,1500,4.6625,290900
25,8389,4483,1747,3.5497,261300
28,4054,2164,746,5,258000
20,7384,2795,872,9.6047,500001
20,8146,3562,1054,7.167,357100
17,5406,2337,882,6.0137,375900
9,4759,1884,915,4.8333,277200
15,10860,4178,1581,6.3249,262100
18,6154,3010,1034,5.6392,271500
16,8295,3903,1451,5.5111,276600
18,1376,670,205,6.5146,277600
25,2762,1166,439,6.8643,333700
18,897,263,110,6.1288,350000
26,3727,1724,530,6.1419,327300
24,5256,2474,780,7.3252,333700
19,8866,5005,2194,3.2564,230300
17,6592,4459,1463,3.0347,254500
31,1962,697,242,8.565,500001
23,2980,1208,378,8.1714,500001
34,5098,2239,778,5.6149,273100
26,3239,1529,590,3.2426,236900
15,9716,4992,2225,3.6231,193300
20,4679,1945,609,8.7471,419900
23,4883,2119,725,5.521,280800
36,3215,1710,539,5.5126,248400
36,2406,1242,454,4.6944,221800
22,3275,1746,585,4.9676,221900
29,3907,2037,727,4.1023,230200
14,4407,2676,1128,3.4091,168800
35,1917,1019,340,4.8929,234900
35,1969,950,340,4.875,230400
17,6015,3056,1347,4.0077,229000
24,4338,1514,549,8.8612,500001
31,5297,1986,657,8.6454,483500
36,3324,1190,423,7.2772,477200
6,3218,2295,876,3.0926,418500
35,1471,735,219,8.3841,472200
20,6331,2957,1509,3.3892,323100
24,4631,2360,1083,3.0977,264000
24,2718,3018,644,2.9076,275300
35,3422,1690,574,4.375,232900
27,2131,1065,528,3.2404,230400
26,2639,1191,401,6.2788,322200
21,5751,2230,1016,4.3458,407500
25,4409,4579,1010,2.8727,245100
27,4580,2252,850,4.7926,454400
21,4617,2891,1031,3.2289,318100
32,4039,2675,941,3.0321,240000
34,2193,1299,497,3.6187,211600
29,1753,1318,333,4.125,241400
34,2094,1207,380,5.2801,212300
11,5363,2783,1034,3.8583,170700
21,2692,1330,456,4.5417,238900
19,2405,1855,621,2.3111,255400
32,2621,1285,414,6.6537,267600
30,2871,1335,458,5.0232,253900
35,2707,1224,445,5.2939,244200
34,1971,917,307,6.0965,262300
32,2333,969,331,4.8164,241100
32,2411,1040,344,6.155,257300
34,2634,1114,423,5.9401,315300
26,3082,1590,586,4.5167,319000
32,4373,2040,693,5.2668,242300
30,1756,899,288,5.0325,238200
22,8350,9135,2452,2.5008,160000
35,1963,919,297,4.7583,258600
30,1762,761,292,6.5268,273100
29,3354,1752,650,4.5484,239900
20,4609,5349,1377,2.7121,169400
16,6338,4718,1632,3.0187,154600
38,921,1023,241,3.4514,151900
36,1181,775,218,4.7228,183800
36,1488,1221,296,4.0208,171400
35,1507,1025,286,4.5833,177200
35,1026,753,185,4.5909,179200
38,490,402,100,3.125,175900
34,1102,949,212,4.0792,165100
28,1077,1377,293,3.9167,153900
32,2433,2318,532,3.6384,159300
34,325,433,83,5.5124,174300
35,1583,1481,351,3.7,176000
21,2143,1803,497,3.9833,162500
11,9053,7096,2038,3.5082,136500
15,5738,4620,1581,2.3584,157600
7,3299,2343,647,3.0865,205900
33,1121,1038,236,4.8958,173700
35,1416,995,272,3.7143,178700
35,1488,1112,288,4.4688,182500
36,1660,1225,307,4.095,184000
35,2344,1531,399,3.725,178200
33,2478,1567,446,5.6629,186700
29,1807,1234,310,5.3767,233000
35,2049,1286,385,4.4432,181500
36,1379,896,246,4.6827,183800
34,1550,1011,288,4.5375,189000
35,1225,720,231,3.4013,176500
37,1737,1061,356,3.9615,173700
37,1279,987,233,4.0057,172700
36,1730,1099,353,4.0368,183100
34,1588,1080,340,3.66,184600
41,1030,664,223,3.8083,183800
39,1529,913,314,3.325,178200
43,2257,1418,442,4.5278,181800
35,2288,2222,566,2.6299,170700
39,1500,998,309,3.9625,168200
31,2057,2397,579,2.871,184400
24,3442,4625,1097,2.0699,183000
25,4393,3781,1267,2.5833,183700
8,2609,1803,695,2.7714,185700
19,9902,7307,2660,2.585,145400
36,1191,718,248,3.4612,178800
37,1665,1011,343,4.8703,185100
41,1440,1014,322,2.875,168600
41,1582,1159,378,2.825,168600
34,2300,1447,455,4.2656,233700
17,3667,2636,1054,2.425,175500
36,1372,774,306,3.6618,187300
43,1220,729,230,3.6442,186300
30,2453,1753,506,2.9803,191500
35,2215,1594,446,4.0167,193200
45,972,554,187,4.8194,181300
36,2557,1556,491,3.6591,183800
37,1404,889,274,4.0049,190000
38,983,513,170,4.8816,231500
40,1283,594,236,4.1121,229200
32,1444,1177,311,3.6,164600
17,1787,1671,448,3.5521,151500
38,125,63,29,1.3594,158300
35,2552,1850,503,4.775,179500
18,3405,3001,795,3.0083,181900
43,1193,1184,320,2.1518,161600
36,1643,1414,337,4.1181,172700
35,2830,1577,524,5.35,210500
35,1789,897,267,5.592,239900
40,712,533,155,3.695,165200
35,1790,1277,345,5.0818,186800
32,1869,1516,432,3.6845,178500
14,2807,2729,803,2.6667,172400
20,1176,864,318,2.375,177700
35,1468,1295,300,3.7708,170600
33,1981,1665,466,3.0833,179100
34,3004,1938,568,4.1857,198600
29,2893,1636,540,5.1586,237400
34,161,66,33,1,187500
34,1531,1064,274,5.6687,207300
36,1392,1181,303,3.1563,176400
36,2080,1939,484,4.2875,176600
34,2272,2164,484,3.7143,175700
11,2127,1989,530,2.9028,174100
32,362,348,102,2.2679,150000
15,2485,1994,670,2.8333,183200
37,1512,1545,351,3.7663,160300
41,1560,1668,389,3.025,154300
41,337,198,50,1.8929,152900
42,715,730,158,3.8,169500
23,4138,3911,1068,3.0125,181700
17,2594,3950,973,2.0348,177200
33,2034,1990,423,3.7455,159600
34,2199,2488,597,2.9861,171800
38,1363,1798,405,2.3182,171200
33,1438,1378,306,2.8917,170400
11,2921,1512,664,4.1445,176400
34,1471,995,386,2.9583,188700
36,2233,1934,599,2.8784,194900
33,1829,1345,500,3.1629,198900
19,2890,2203,705,2.6696,185100
41,2000,1439,461,3.0491,192000
23,1875,2555,657,2.0968,162500
19,2012,3483,731,2.2234,181300
41,2924,2751,836,2.1,171600
37,1434,1667,404,2.4375,176300
32,993,1044,248,2.4306,187500
13,4859,3351,1200,3.6875,211900
37,934,587,230,3.625,181300
30,2392,1987,609,2.8424,226400
35,2180,1483,574,3.0395,191300
39,1169,612,247,4.1429,200000
32,2734,2209,610,3.5164,217200
24,3148,2850,839,1.9549,221500
42,779,450,148,3.9792,193800
34,2622,1997,573,3.338,222500
27,3201,3403,948,2.2377,231700
28,3386,2240,737,3.0221,290100
33,3353,2318,775,2.2589,269700
33,3285,2281,786,2.6165,230800
27,3760,2022,812,3.1551,225600
31,2887,1626,637,3.6745,335500
30,1323,856,333,3.3594,202200
33,2717,1546,597,3.9099,267500
31,2417,1102,507,3.8906,282200
40,1013,449,166,5.7143,382400
45,1106,595,228,3.6625,190700
43,1840,966,323,4.7171,237900
30,2008,1052,496,3.0119,262200
37,1993,939,400,2.8021,224600
30,521,306,129,4.1125,216700
35,1631,862,368,3.6007,261800
32,3724,1912,791,3.5711,312700
27,3588,1891,871,3.4013,286000
25,3794,2454,876,2.9982,204200
42,1957,985,414,2.9327,240200
26,3345,1599,773,3.3516,241500
44,477,220,112,3.3906,223800
36,904,627,191,2.4167,192900
45,1176,471,228,2.3333,364700
35,1354,501,262,3.8056,384700
34,2638,1150,551,4.2989,364700
32,3060,1159,510,6.3703,465800
35,2027,879,402,4.692,330900
42,1308,950,302,2.7379,181500
40,2079,1396,526,3.0061,190800
27,4834,3847,1432,2.1449,165300
24,1983,2251,574,2.4792,200000
33,1588,739,392,2.8208,238500
40,1696,835,385,3.6563,222400
36,1608,1217,374,2.9728,190200
42,1140,643,252,3.3958,178400
44,901,473,179,3.3125,186400
30,977,736,258,1.9866,177400
35,2949,2106,746,2.9228,177300
32,3553,3129,1010,2.5603,174200
31,1109,1119,334,2.3056,200000
31,1939,1584,466,2.5234,199500
42,1713,1349,427,3.2596,191800
35,2785,1631,614,3.9038,276100
27,3277,1382,615,3.875,366100
35,1975,882,406,4.375,291700
32,3202,1573,621,3.4449,292900
35,2922,1130,485,5.451,341800
37,1982,794,340,5.9275,336900
34,2459,1139,463,4.0347,353600
41,2050,850,490,3.4208,343400
40,1134,452,187,4.569,333900
27,2795,1073,535,5.1496,365000
31,2235,914,370,6.1359,359700
28,4664,1963,961,3.9028,367900
14,577,372,130,4.1875,275000
25,2769,1201,545,3.6641,386100
24,4443,2421,1180,2.2652,269200
24,6347,2945,1492,3.3545,221500
28,2790,1351,697,3.2052,283600
26,6429,2806,1491,3.1929,265200
46,1582,603,283,5.1169,414300
37,1388,547,258,5.1584,444700
30,2016,1359,557,2.7708,192300
46,2609,1055,585,3.3177,309400
31,2197,944,474,3.7312,319400
44,2295,1543,528,2.3851,194100
15,3327,2683,857,2.3784,185400
42,600,377,181,2.4107,184400
10,1431,1438,429,2.2756,221400
6,854,542,321,0.8198,325000
6,6526,3298,1790,2.7231,250000
10,2606,1373,680,3.6128,225000
25,2450,1054,578,3.6375,262500
40,1973,774,352,4.4122,282300
43,2850,1510,670,2.4835,274300
32,2455,989,493,4.0764,325000
17,4150,1808,1041,3.5051,232400
11,2901,1659,789,3.1106,209400
45,1755,822,342,5.1423,322900
42,2304,862,429,4.3542,417900
35,2245,783,402,4.1544,500001
20,4090,2824,1053,2.773,140500
26,2867,1955,640,4.125,226500
28,1732,1198,417,2.9219,241300
20,5756,4031,1369,3.2448,221200
30,2331,2172,707,2.1888,195600
19,3666,2657,1090,2.9688,202100
13,2926,1867,802,3.5255,202700
7,2081,1456,535,3.5,186900
34,2512,1805,584,2.9735,220000
20,3939,2475,1002,2.9025,229100
25,2879,2077,649,3.3864,197400
26,2027,1545,513,2.8974,189900
22,3430,3618,1092,2.1974,93800
25,1131,746,420,1.3565,225000
23,2087,1809,553,3.1667,202000
35,1109,515,202,5.2118,215800
34,1617,938,305,3.915,217700
12,3831,2258,967,2.4375,255400
23,2850,2249,777,2.6957,191700
20,5699,3809,1381,2.8646,221100
36,2058,1132,423,3.8833,210400
25,4590,2723,1195,2.7118,281700
33,3879,2113,843,3.892,292900
27,1572,1039,455,2.5562,190500
18,2729,2099,742,2.5842,230800
22,4855,2519,1258,3.0893,205600
37,1073,739,253,2.4667,192200
20,5992,4826,1632,2.7237,233500
35,1491,779,309,6.1142,256300
29,3051,1942,679,3.1118,238100
36,2698,1544,554,2.7375,234900
35,1717,1628,495,2.5197,225600
17,2934,2517,889,2.936,232500
27,3440,1827,712,4.125,245500
37,1516,983,347,5,243600
19,3487,2278,835,2.6709,215500
29,1599,1143,438,2.4583,199100
22,2052,1254,572,2.6364,271100
36,2077,1206,528,2.2326,221000
11,2891,2166,768,2.891,178100
17,1546,2423,556,2.1977,154200
11,2479,2466,855,2.2264,181300
22,2516,3350,713,2.0192,158300
27,2582,2038,718,3.0877,174200
41,1104,495,196,5.0929,225000
39,1810,839,380,3.7171,228800
34,1843,861,417,3.6875,246400
33,1791,844,397,4.5081,251400
35,1819,1336,419,3.4583,253200
35,972,550,256,2.2461,215000
25,4966,1941,958,3.8081,286700
33,2077,1021,450,3.6019,225000
25,3830,2328,1017,2.6238,210000
33,2127,1056,391,4.375,286100
33,1679,933,412,2.6979,266000
34,2180,906,429,4.4464,353100
42,777,284,113,11.2093,500001
29,2685,1085,599,3.2763,279400
34,2622,1233,476,4.0474,379700
35,3080,1362,623,4.1218,328500
33,1616,580,311,4.0391,337500
22,4982,2237,1220,3.7105,272600
21,2152,996,470,3.2386,277300
33,3100,1388,658,4.3333,261300
24,2814,1463,620,4.1875,309300
22,6707,2620,1610,3.1478,273700
33,2544,1035,492,4.475,314800
28,2795,1173,545,4.4423,280400
26,2548,1098,540,4.3839,299100
22,6064,4876,1697,2.875,227100
32,2593,1596,547,3.9886,199200
35,1664,1000,309,4.6731,224100
37,1600,1012,366,4.1597,201600
33,2205,1242,419,4.1319,203700
36,2794,1334,472,4.3462,222100
36,1254,629,245,4.9643,236100
36,1656,817,308,5.5675,215900
36,1952,1156,392,4.185,209200
36,2396,1064,398,4.7,223600
36,1493,766,272,4.8646,213200
35,1275,959,226,5.0282,195400
35,1620,1052,248,5.5209,203300
36,2394,1490,427,4.3261,206700
34,1663,762,282,5.1265,211000
29,4101,2630,867,4.6607,199800
18,3124,1855,725,2.9389,213200
35,2592,1427,434,5.0623,246400
35,1843,1041,317,4.4271,205100
36,1286,788,248,3.5333,196800
34,1599,819,306,4.3194,197000
33,3910,2097,810,3.8247,208700
13,8327,4126,1773,3.7313,189800
35,2891,1757,581,4.3571,199800
33,3270,2118,763,3.225,205300
35,1668,807,311,4.5125,200300
35,1614,850,330,4.1806,209000
37,2066,1031,414,4.0924,188400
36,1328,823,273,4.5648,193700
42,1558,884,334,2.2304,203800
33,2327,1166,472,4.2344,262500
34,2871,1350,535,3.7049,227500
35,2537,1161,421,5.3028,229200
38,2182,1141,379,4.2865,221100
18,4249,2047,909,4.1304,229100
35,2720,1158,445,5.0796,228300
26,2156,1142,470,4,224700
19,4315,2490,1222,2.6437,195000
37,1795,1082,354,4.9102,207200
26,2221,1998,603,2.8701,191100
21,2549,1624,628,3.6905,179800
18,5862,3161,1280,3.1106,170600
31,1963,1494,415,3.5313,211800
42,881,464,163,2.9511,203900
37,1560,763,284,3.8516,206900
37,1892,1039,343,4.8295,212100
32,2618,1961,633,2.625,192300
34,2307,1168,427,4.2143,245400
26,4175,2118,778,4.2083,240300
36,1544,891,286,4.175,190900
35,2273,1431,403,4.0789,196700
35,782,425,140,5.4548,201400
34,1237,671,221,3.9615,183600
34,2579,1237,517,4.433,235100
36,1366,719,270,4.8264,251000
22,3380,2199,737,2.5739,239200
25,1938,1280,425,3.9632,240300
36,978,475,192,4.675,222500
31,1856,990,360,4.3654,223800
24,2642,1649,633,3.0187,217700
26,2335,1986,645,2.9974,178800
18,847,733,178,5.2149,201900
37,1389,826,249,5.015,220900
27,2795,1702,586,3.7798,258400
23,4891,2447,765,5.8798,270500
17,3262,1879,708,4.1359,255200
13,6227,3739,1226,4.0313,299300
35,2560,1428,468,5.6345,228200
27,2209,1034,344,4.7125,250900
34,1943,895,305,5.0462,227700
34,2389,1560,514,4.8333,225400
21,9512,7282,2387,2.8039,227500
34,3494,1861,576,5.6407,251500
33,1636,866,289,5.6356,241300
26,3234,1597,513,6.1074,258600
34,2633,1313,428,4.0909,232900
41,1058,778,245,3.3534,180500
16,1718,896,475,3.6296,160900
33,2609,1208,406,5.4527,227100
23,3098,1486,492,5.7613,235800
31,3952,1762,588,5.5709,244800
16,4312,1902,574,8.4438,390000
5,5429,2315,687,9.6465,500001
23,7480,3037,1058,6.9223,338400
32,3233,1678,545,5.0025,234900
19,7411,2814,950,6.7785,336100
17,2737,2924,785,2.5797,183500
21,1789,2300,677,2.754,179800
10,2869,2162,829,3.2297,150000
19,2581,2004,784,2.6159,182300
35,1770,1083,355,5.0483,221000
36,878,499,179,4.1181,190400
18,7157,4642,1699,3.1818,208000
21,2979,1824,692,3.5,223700
36,2600,1246,426,4.1111,215600
36,2559,1358,445,4.5568,201500
33,1759,943,315,5.223,209200
35,1558,793,249,5.1463,220200
35,1323,756,216,4.233,221300
34,2185,986,347,4.8125,266700
35,2329,966,336,3.8839,224900
27,4286,2863,1033,3.3125,222800
15,3061,2173,1078,2.85,187500
28,908,368,143,5.6159,340500
29,2421,1120,388,5.0309,244800
25,3124,1241,439,6.4044,333100
35,1934,905,315,5.5101,267400
29,1673,794,270,5.5191,245800
28,3824,1790,701,4.1154,246400
34,703,369,127,4.3125,210100
16,14912,5105,3302,2.8312,213900
32,3568,1741,563,5.1529,259600
32,1646,697,233,6.6689,433000
30,2399,1062,377,6.0094,245600
33,3017,1423,470,5.6163,248400
33,3808,1784,615,5.1641,263400
28,3274,1424,521,4.4167,247300
27,1793,1016,326,4.925,240300
27,2772,1346,497,5.2016,243000
23,7544,3221,1043,7.642,374900
33,4769,2019,743,5.5798,338200
26,6767,2574,883,7.7846,409000
36,2981,1243,413,6.5304,439800
35,2072,908,342,6.0928,327300
29,3393,1471,587,6.2064,334900
7,11853,4404,2447,4.2009,271300
19,5944,2372,1250,3.8819,328900
32,1491,756,296,3.0404,262800
34,3268,1463,519,6.8482,308300
33,5252,2041,730,6.7977,389700
26,4607,1769,643,7.4918,367600
25,6612,2519,843,8.3912,419000
31,1689,705,360,4,278500
32,4491,1696,749,4.9102,319100
29,4364,1550,624,6.8107,367400
33,2896,1116,411,6.0192,347700
30,3346,1296,495,7.457,392700
26,5661,2493,780,7.9814,409900
31,1950,870,357,3.1875,500001
18,6476,2413,958,5.6327,500001
36,1887,761,329,5.4847,296000
37,3441,1283,544,4.1656,313100
32,3999,1628,631,6.0794,338500
22,5791,2059,673,10.9201,500001
21,3856,1422,535,8.4196,450700
29,2023,747,304,6.7694,369700
28,4570,1693,695,6.14,361900
19,1303,450,145,10.5511,483100
31,3073,1486,684,4.8984,311700
37,1893,911,324,4.8036,295300
31,3252,1411,760,3.1885,219000
43,1700,930,349,3.675,213100
46,2082,1047,393,3.6534,216000
42,1611,879,386,3.1923,221800
18,6430,2897,1348,3.855,243800
11,1080,386,160,6.1274,315900
32,3011,1287,525,5.0605,311000
39,1819,770,278,5.4088,457300
17,7214,4100,1823,3.0943,174500
16,7194,3687,1894,3.1887,189300
34,2458,1034,373,5.6738,443600
25,3352,1815,860,2.8528,425000
36,2127,761,274,7.8392,500001
35,2987,1244,387,7.1322,500001
20,17377,7450,4204,3.2154,259600
39,2693,1219,435,5.17,335400
32,3554,1623,750,3.6141,290600
23,11154,4076,1809,5.4609,500001
32,2108,769,274,8.7172,500001
37,3333,1171,485,6.4958,500001
34,3547,1187,500,7.139,424000
33,3104,1111,376,13.4196,500001
37,880,369,155,4.1429,303600
33,2829,1010,363,10.3587,500001
28,3539,1190,421,10.6796,500001
24,4394,1443,528,11.2979,500001
28,6748,2431,876,12.8879,500001
28,6920,2515,860,9.2189,500001
26,10111,3599,1257,10.2292,500001
23,9657,3585,1162,10.4399,500001
28,6270,2549,1497,3.2241,295800
42,1293,459,217,7.672,467600
26,2900,1090,590,3.7125,447400
31,1856,795,426,2.8448,360600
29,5474,2352,1326,3.415,382500
44,1778,641,251,10.0549,500001
15,4420,1669,1016,4.6375,359100
37,1335,539,279,3.2813,301700
38,1387,713,343,2.9352,304500
22,7828,3303,1922,3.6171,318300
10,1091,517,266,4.1727,332600
20,3876,1334,753,4.5656,478400
38,1495,598,280,3.4698,265400
16,4590,2195,1139,3.8273,334900
7,6306,2381,1299,4.642,457300
30,3823,1449,612,4.6,392500
43,804,267,110,8.2269,500001
31,2536,990,424,5.4591,495500
30,3507,1427,525,6.7082,500001
31,9320,2980,1109,10.3599,500001
34,5264,1738,753,8.8115,500001
36,2873,850,379,8.153,500001
34,3646,1390,607,7.629,500001
44,1693,498,216,10.9237,500001
37,4400,1521,666,8.2954,500001
33,1741,588,267,7.9625,490800
52,1680,493,211,9.042,500001
41,3545,1221,651,4.3,500001
34,3659,1338,835,3.6202,366100
23,4604,2391,1227,3.1373,263100
29,2630,1071,573,3.3669,376100
42,2358,1065,523,3.1289,320600
36,2933,1115,579,4.3036,365900
29,3110,1212,642,4.2031,394400
29,917,379,183,3.4612,425000
20,4084,1637,987,3.2388,256300
31,3881,1535,846,3.0398,369100
33,4032,1695,869,4.3468,425900
48,680,268,126,4.615,371400
18,1880,681,333,4.3214,372300
31,1861,736,360,5.2853,355900
17,277,119,59,4.0208,341700
46,54,20,6,0.536,375000
41,2394,837,417,4.3889,380400
44,2515,967,484,5.0754,374500
24,3891,1568,830,4.1656,364700
46,1628,500,258,6.083,424000
30,1376,629,320,3.6823,295200
8,4382,2138,1411,3.5714,197900
21,4670,1914,1094,3.7986,367700
42,1253,492,224,7.7112,386700
19,5076,2021,960,5.5683,309200
36,2696,905,659,3.1146,373500
39,1610,511,278,4.3333,385900
41,3257,1237,638,4.2415,409600
36,6871,2216,1130,8.0499,495600
23,1883,774,478,3.5096,396400
28,4287,1498,615,8.5677,500001
34,4624,1572,719,6.5533,500001
40,1965,666,357,6.0876,483800
32,8262,2712,1125,10.5575,500001
52,1695,595,264,6.0678,399300
45,417,187,88,5.1377,360700
33,778,258,130,5.738,497600
27,3990,1417,800,4.0439,500001
38,3830,1292,516,12.7823,500001
52,2298,1203,387,5.5291,274600
52,1388,735,239,3.7404,247700
52,3800,1842,620,5.5524,293900
46,2387,1181,456,3.6058,257900
38,1826,793,297,5.2962,291500
39,277,182,91,2.3958,175000
50,3657,1725,644,5.5456,258100
35,2983,1614,543,5.7794,272400
52,2090,1219,390,4.0909,204200
44,1681,1105,387,3.2222,186500
25,1908,1412,588,2.2267,189800
51,1941,1012,371,3.9375,217000
47,2525,1514,498,4.3359,209200
52,2012,1314,434,3.925,180400
52,2035,2589,438,3.5349,193600
52,2465,1433,570,3.25,214200
47,1585,949,366,2.7098,173800
52,791,501,162,3.3542,178100
52,2228,1311,452,3.5341,182100
52,1081,904,283,1.9219,165100
45,2397,1569,471,4.21,167900
35,2568,1696,605,2.9154,169200
29,2640,1795,655,2.369,173400
30,3376,1990,725,3.7813,232000
50,1309,883,293,3.1287,198000
52,679,483,163,4.2344,162500
41,2591,2366,583,2.3071,146400
44,1219,1036,282,4.0417,170600
36,2833,2148,709,2.7012,172100
30,3369,2032,795,4.0052,196400
50,2929,1931,574,3.3438,173600
52,1580,1462,406,3.3326,167600
41,1908,1557,453,2.9194,162000
52,1590,1127,321,3.4625,173900
41,1904,1666,498,3.6845,175800
52,1301,1189,361,2.5139,190000
52,678,791,186,4.0625,171300
46,3659,4153,993,2.5211,162900
52,1901,1856,480,3,156400
44,1565,1500,407,2.8125,155600
46,3387,2833,813,2.987,176900
40,1266,1032,315,2.1667,150000
35,2524,2487,679,2.4932,167700
33,1523,753,298,2.6591,183800
44,1346,1204,344,2.3984,152200
38,1158,1051,322,2.286,169300
26,1638,1155,437,3.4227,143800
42,1577,1317,378,3.2121,153900
36,1441,1809,500,2.1793,185700
37,2040,1698,545,1.9355,166300
30,3643,4336,1163,2.07,154500
32,2759,1661,533,4.3812,228200
40,1684,795,330,5.2723,218300
47,5077,3348,1106,3.0377,186800
35,4003,2785,764,4.1213,252100
38,1051,799,229,2.712,143800
46,2483,2121,553,2.2788,152900
36,2000,1234,535,3.7437,241700
34,1660,1678,382,2.7708,148200
33,1903,1187,340,4.0469,196600
41,1353,1536,416,2.1687,157000
42,1706,1941,447,2.5213,149700
36,1427,1835,410,2.48,138900
45,1072,996,243,2.8194,165000
41,438,690,161,2.0476,181300
47,1162,781,268,4.6528,244400
48,737,462,131,3.5893,212500
40,2749,1375,511,4.825,205800
34,609,407,145,4.5766,185800
48,1308,835,294,4.2891,214800
37,1799,1088,417,2.975,244500
28,3306,2670,942,3.0919,185400
35,1937,1523,412,3.5638,170500
36,2870,1371,565,5.2083,220900
37,1298,750,255,5.2049,240800
28,1546,974,408,2.2843,183800
41,1213,801,300,3.1806,204200
32,2094,1413,479,4.5089,221100
31,1021,495,191,5.5051,223500
35,4148,3220,892,3.3389,187100
11,1281,1584,330,2.8889,153100
29,2904,3320,765,2.6111,168800
34,80,125,35,0.8907,154200
50,2141,1777,426,2.7679,178800
39,1148,1161,333,2.2167,176700
33,2612,2496,606,3.133,156000
45,2839,1768,653,3.1306,214000
47,2183,1445,503,3.6667,210900
43,2230,1667,543,2.8667,217800
43,2222,1817,606,2.7466,208900
39,1415,1467,351,3.015,156300
42,1525,1688,432,3.1691,141300
52,125,99,40,3.4375,170000
42,598,312,144,2.625,164300
42,4198,1935,878,3.7184,277300
52,1740,749,335,3.5673,270700
29,3768,2320,1030,2.7685,204500
47,1375,1512,418,2.1071,208900
46,1613,966,416,2.9392,230300
36,1832,934,486,3.0521,276600
39,3825,1378,746,4.4094,352600
38,4453,1830,1099,3.6181,495600
45,1607,633,332,3.1445,438300
50,2384,836,337,12.8763,500001
52,1942,1375,477,2.7348,209100
52,2290,1278,485,3.8393,238200
50,2037,1089,417,3.575,230600
30,2774,1076,580,5.296,500001
40,2681,1144,669,3.0461,264300
39,2196,1165,538,2.9417,254200
43,1711,1190,429,3.5172,265500
24,3696,1685,1031,2.3789,266700
49,2850,1113,380,12.9591,500001
48,1448,681,287,3.2333,436400
52,3136,1213,606,3.5806,391900
37,5305,3895,1874,2.0672,283300
25,1590,568,206,8.4389,500001
52,1954,645,237,6.9391,500001
52,1875,735,293,5.8659,433300
39,3895,1271,536,8.0073,500001
40,2822,907,414,7.2692,498700
52,3410,1218,783,4.15,393500
42,2462,857,482,4.0833,434400
33,5135,2404,1292,3.2462,435700
48,4472,2796,1397,2.3974,410700
38,3495,1939,994,2.2148,438300
48,1601,784,461,3.0642,342900
37,2330,846,457,8.2335,430200
34,1856,540,264,4.0833,500001
23,1894,769,392,6.0352,500001
45,2375,751,410,6.6739,500001
23,4574,1624,995,4.0965,500001
40,5485,2034,1133,3.6974,500001
26,3977,1720,935,3.358,364500
52,1295,578,273,2.976,405100
52,1096,423,230,3.0179,500001
18,7432,3596,2270,2.8036,225000
16,2930,1648,980,2.6458,372200
20,2745,1161,739,3.9044,436400
18,4109,2103,1116,2.325,250000
24,5477,2863,1755,1.845,237500
51,937,527,333,4.3571,468800
29,3193,2039,1265,1.8209,500001
24,1996,1215,672,1.5429,325000
28,2223,1271,684,2.5434,232100
30,5293,4123,2127,1.51,187500
43,2732,3049,1429,1.3157,333300
40,4984,4828,2028,1.6903,350000
28,1759,1463,620,1.7306,450000
35,7517,5899,2769,1.9354,340000
25,3926,4865,1612,1.6112,262500
36,2288,3030,890,1.5328,250000
33,766,918,305,1.705,350000
48,1116,1610,483,1.625,237500
45,1913,1552,611,2.0888,237500
43,1615,1460,644,1.4005,193800
34,2473,2655,1083,1.6331,162500
30,1679,1445,579,2.1403,200000
29,732,691,278,2.1866,250000
34,399,482,134,1.625,67500
34,2065,2626,775,1.8214,211100
28,720,891,265,1.8977,100000
37,773,835,312,1.8576,193800
32,563,626,185,2.0341,250000
27,210,332,112,2.5556,175000
36,1655,1957,633,1.7325,221900
34,1478,1976,653,2.0557,225000
31,622,597,227,1.5284,200000
30,2193,2197,836,1.8277,137500
52,786,756,273,2.2311,206300
29,3403,3432,1174,1.7083,166700
40,3058,3953,1223,1.8156,218800
36,787,1506,360,1.2412,216700
38,2067,2717,853,1.7641,250000
36,2284,1964,839,1.9297,203300
34,2716,2991,1021,1.7514,187500
36,2332,3155,927,2.2612,230400
39,631,744,274,2.7054,162500
29,2240,2254,739,2.3317,172500
38,790,664,194,3.0357,175000
43,1583,1941,614,1.9835,225000
28,1562,1974,597,1.9766,112500
35,2198,3441,912,2.0467,158300
35,2624,3548,1008,2.0132,198400
39,336,586,151,1.8056,262500
52,1272,984,353,1.9063,261600
29,3245,3906,1102,2.1927,253300
25,2345,2860,862,1.4497,205600
32,2202,2178,635,2.0307,226700
36,2517,2446,689,2.1524,187500
30,3165,3678,1141,2,240600
42,1951,2500,813,1.5195,218200
44,2666,2297,726,1.676,208800
30,1871,2595,819,2.0044,212500
28,2173,2548,763,1.879,218800
36,654,416,138,3.6953,200000
36,561,340,127,1.4375,165000
40,2004,1514,542,1.9911,220000
5,2665,1733,766,2.3568,204700
14,3032,1691,841,2.2,210000
50,3457,1584,841,3.1078,346700
52,1731,849,466,3.2946,321600
52,1430,547,178,10.3661,500001
47,1800,921,478,2.8021,280600
52,1003,514,204,3.8472,395700
52,2088,908,375,3.8141,342000
42,2210,1228,605,2.5982,315800
52,1710,727,355,4.5833,333900
52,1965,794,451,3.2824,304800
52,1164,575,251,3.125,380400
52,1777,671,439,3.5083,500001
50,2989,1345,775,3.2426,442900
30,1390,1460,423,2.2422,254500
31,2275,2189,720,1.7542,287500
46,2038,1250,525,2.4196,358100
23,1443,1264,450,2.7543,220000
52,1137,754,297,3.37,330300
52,2370,1053,434,4.1429,380300
34,2501,3326,970,1.8771,247500
36,1276,1502,450,2.1766,205600
27,1514,1603,518,2.8971,251100
26,1609,1868,497,2.7038,227100
34,479,557,170,1.525,210000
23,1864,2795,858,1.8495,212500
34,1562,1774,559,1.5685,225000
32,2880,3646,1028,2.3846,258300
25,2459,2635,763,2.4,173900
38,380,445,140,1.9286,137500
34,2821,843,391,11.615,500001
26,3902,1468,632,8.5136,500001
33,7478,2701,1500,4.1717,500001
35,3946,1361,620,6.5195,500001
38,2601,870,474,7.1134,416700
42,5518,1863,957,8.5842,500001
36,2963,1129,745,2.5588,500001
37,407,100,47,15.0001,500001
39,3798,975,525,9.3092,500001
30,6310,1776,880,8.944,500001
41,730,230,125,4.3214,500001
38,2158,1061,577,2.9643,355300
40,3110,1557,763,1.9937,367100
52,2946,1258,650,3.9783,374100
22,3008,1224,816,3.2149,300000
31,2697,1059,689,2.8942,500001
45,2195,1265,455,3.3864,397900
52,1466,600,253,5.7524,393600
52,1234,543,213,6.0338,423700
48,2566,1421,563,3.6579,318600
52,1310,689,208,4.0721,350000
51,3149,1082,510,6.4459,421600
41,3729,1364,707,5.7778,412700
41,4138,1859,1030,2.978,306800
46,1156,514,213,4.2019,352100
52,2036,775,332,5.4122,397500
52,1803,787,388,4.5781,360500
44,2728,1227,567,4.0602,324000
50,2113,793,418,4.7132,304600
49,1767,1066,438,3.0958,210900
48,805,633,235,2.3421,200000
49,2843,2004,796,2.7875,217300
48,1527,589,286,4.1667,344800
52,3225,1559,710,3.9674,268800
52,2273,1480,597,2.3333,196500
52,2327,1048,491,3.7847,252300
51,1532,669,333,3.6434,278800
36,3503,2652,788,3.8448,241400
52,1079,439,201,4.625,230800
44,3646,1783,861,2.9709,225000
52,984,994,260,2.3816,166700
41,1396,1069,363,2.4375,203300
46,945,910,252,3.5039,187500
35,1147,1016,296,2.3913,198800
36,2306,2823,765,2.0214,170500
28,579,673,202,2.625,187500
27,1190,1795,422,1.7016,160000
38,2265,2899,792,2.5521,157500
46,3007,2587,814,2.7179,184300
42,997,982,372,2.9423,200000
52,2465,2328,746,2.6178,203100
43,962,658,244,3.2386,185000
38,1270,1692,450,1.87,170800
42,1618,1454,440,3.1607,182000
52,1739,938,482,2.4429,228800
39,3162,1934,818,2.875,213500
40,1630,1568,510,2.7366,169100
49,3828,2862,1009,2.4677,219200
35,1335,1586,445,1.9722,156300
40,506,397,114,3.1944,143800
52,109,86,24,4.9844,187500
52,137,65,24,4.025,137500
47,859,913,234,2.6442,136100
49,1638,1500,430,2.6923,150000
45,1747,1680,441,2.6051,155500
52,2050,957,418,3.5603,210000
52,104,32,17,3.75,241700
44,1425,1121,374,2.1108,200000
47,2133,2104,662,2.6136,169200
43,1903,1919,613,2.6336,174300
52,1866,1211,417,2.935,189400
50,1791,2183,675,1.7945,166700
45,2174,1992,557,2.5428,167800
52,3142,1728,682,3.1864,189800
45,2225,2699,792,1.9209,179200
46,2341,2371,648,2.4038,181700
52,830,701,189,2.7625,232100
47,2059,2033,544,1.9028,217900
43,764,1275,306,2,175000
20,41,87,25,1.5491,225000
27,223,249,82,1.6136,137500
18,4297,4332,1286,2.2545,192500
16,719,801,218,2.3942,133300
40,1081,970,263,1.875,150000
31,394,573,131,1.8173,154200
34,1709,2105,503,1.9704,152100
38,1241,1055,263,2.3409,115500
49,1320,1405,328,2.4375,114000
21,1353,1688,367,1.9937,139600
34,1765,2203,500,2.2708,159600
39,986,1347,299,2.2907,133900
26,2574,3163,802,1.9495,173200
39,1594,1668,378,2.5343,138200
41,1807,1699,424,2.2222,126000
39,2054,1205,403,4.239,213000
52,3672,3062,764,2.6806,153000
39,1287,1171,345,1.6118,138500
39,1561,1780,391,2.4632,144200
37,1822,1961,506,1.9881,159200
35,1504,2059,498,2.0133,145800
36,839,1079,245,1.7463,158300
31,1077,1198,274,2.1333,160200
52,1770,1848,439,2.4135,167200
47,1346,1452,371,1.7292,191700
31,1453,1486,389,2.3859,153100
42,902,1312,323,1.9375,168800
29,1478,1580,394,1.8781,147500
36,3334,2881,800,2.1696,170800
48,2514,2484,601,3.1146,142500
37,299,318,92,1.3125,145800
45,1327,1069,284,3.3977,153800
40,2744,2747,674,2.6226,148800
44,1688,1605,384,3.3785,184900
41,2090,2043,537,1.9706,144200
10,1907,921,369,4.875,200400
10,1940,763,412,4.975,166700
7,2529,1215,577,4.7853,153100
8,1116,435,235,4.9231,230900
35,2226,2230,549,2.9167,129300
35,1554,1487,374,1.9038,139500
38,2965,2128,650,3.0241,166300
42,1555,1152,348,3.375,169600
44,1734,1133,351,2.5132,163100
33,1515,1345,346,2.375,175000
50,1568,1093,333,3.1442,162100
36,3066,3097,780,2.5523,156500
33,2907,3212,793,2.2348,146600
31,1318,1164,289,2.9939,135500
33,1369,1475,377,2.3281,151900
43,1523,1338,352,3.2031,144600
39,787,731,179,3.2279,158500
33,851,936,228,3.375,147500
28,2616,2218,621,2.6842,156000
19,2150,1510,467,3.4952,150000
41,247,925,50,3.5769,135700
37,1155,814,241,3.875,148500
27,2025,2189,577,2.6083,148600
32,555,748,163,1.9762,137500
47,2324,3020,594,1.1868,93800
46,453,533,132,2.2961,112500
40,1181,1441,337,2.1136,111800
8,762,728,174,2.4886,137500
46,1051,1435,305,1.6667,133600
36,2672,2883,674,2.0885,142800
37,349,276,64,3.2125,125000
46,321,401,86,2.1029,109400
30,511,1152,149,2.3611,156800
52,48,41,10,10.2264,112500
36,1243,1668,444,1.0714,137500
52,470,434,123,2.095,109100
34,1083,1132,338,2.2344,153100
34,1113,928,290,3.1654,155000
41,1422,1640,434,1.6122,157100
26,745,694,236,1.3846,129200
28,1079,1358,285,2.52,131900
28,950,1485,345,1.9271,136400
45,2146,2868,625,2.121,144000
43,1165,1279,303,1.9615,141700
40,1146,1354,321,1.9205,121900
40,1082,1085,273,1.7054,117200
42,1703,2490,581,2.02,147200
41,1268,1887,407,2.625,150000
43,977,1084,259,2.7708,127900
41,1098,1178,245,2.1058,124300
50,1407,1526,385,2.29,121800
45,963,1194,239,2.1806,134900
40,1095,1322,281,1.9688,150000
52,1053,1036,249,2.1071,136700
50,1183,851,231,3.2639,142600
52,1249,1223,297,2.07,136300
47,1894,1629,379,3.7619,127600
52,1754,1849,445,2.3716,122800
44,1399,1419,373,1.8224,143800
36,1625,2003,478,2.181,147200
44,1582,1998,515,1.6888,125000
18,796,547,218,1.0333,135400
36,1825,2097,480,2.1862,135300
37,845,881,252,2.2454,165000
47,1325,1557,352,2.8,148400
28,1841,3199,727,1.6319,151600
52,846,1153,281,2.1923,155000
43,1153,1667,409,1.9402,139300
47,722,930,226,2.5455,114300
43,798,1417,325,1.4189,141700
44,1105,1598,372,1.2,115600
43,2343,2468,707,1.5163,115000
43,1502,1844,477,1.9405,152500
47,1306,1499,346,2.2788,139600
45,554,888,218,1.8125,139600
45,1860,1893,456,2.6573,141800
44,1550,1718,403,2.5268,141100
52,497,547,121,2.2083,146300
47,876,872,231,2.2656,145000
41,1292,1150,322,1.925,135200
49,1098,1411,301,2.75,146000
52,774,813,203,2.3472,135200
37,1583,1776,377,2.7266,140800
52,583,730,174,1.4115,140600
45,792,872,188,2.6875,129700
44,2702,3260,721,2.3575,144800
48,2230,2419,598,2.3944,130700
26,36,35,9,1.625,175000
42,498,548,119,3.7543,126600
52,22,55,7,7.5752,67500
43,1811,2123,487,1.3615,133300
52,346,346,251,2.5313,225000
13,1703,1823,669,0.8288,181300
52,116,171,92,1.0769,112500
33,390,435,193,1.1979,350000
8,1204,1074,517,1.0227,87500
19,2870,3325,978,1.7395,162500
52,2806,2232,1605,0.6775,350000
8,3105,1086,997,0.8131,275000
12,4011,1673,1088,5.3081,287500
52,58,41,27,4.0972,500001
6,1529,1051,473,2.462,162500
52,174,249,57,1.7763,312500
15,326,490,105,1.4886,175000
40,637,1150,263,1.8625,131300
52,1802,2382,587,1.8438,185900
40,680,995,249,2.2607,165600
30,929,763,214,2.5227,187500
38,715,1174,300,2.345,225000
42,2541,3974,1189,1.5854,87500
42,1175,1593,407,2.3438,213300
30,1771,2188,764,1.5885,154200
34,786,1239,320,2.3438,152100
32,1657,2071,598,2.1135,152500
33,1416,2013,614,1.9818,208300
33,1177,1533,430,2.3981,183300
41,1072,1111,314,1.9233,207100
24,3247,2642,1182,2.4632,216700
14,1924,2226,792,2.2552,265900
32,1777,1684,489,2.3636,190000
25,7522,7221,2902,2.0173,177500
14,1787,2251,763,1.1642,400000
17,2518,3051,1000,1.7199,175000
17,2124,3915,1137,1.1346,137500
25,1714,3723,1036,1.3241,112500
45,564,1172,319,1.494,187500
26,513,1204,321,1.4904,275000
33,1950,3707,1012,1.7238,110000
37,350,1122,248,2.7634,137500
52,1292,2081,724,0.9563,275000
52,1261,2309,581,1.6184,225000
52,936,990,354,1.1122,187500
42,2472,3795,1179,1.2254,162500
25,1316,2796,784,1.7866,325000
26,1164,1685,541,1.5727,225000
28,1306,2079,598,1.4615,275000
31,1525,2510,652,1.6355,162500
41,1788,2931,702,1.4413,158900
41,1075,2260,614,1.3,162500
44,968,1805,375,1.4801,212500
47,661,1406,307,1.3169,112500
13,1784,2158,682,1.7038,118100
24,323,751,189,1.8304,225000
12,535,1194,365,1.2012,275000
52,2156,861,311,8.8062,500001
52,1841,693,218,15.0001,500001
52,2248,813,265,15.0001,500001
52,1482,531,161,15.0001,500001
52,2089,883,281,7.4574,500001
52,1311,707,290,3.4812,432800
49,649,987,329,1.6806,316700
19,3013,2465,1008,2.5386,290600
9,1554,1704,761,2.0185,141700
22,492,634,261,1.6406,300000
26,2302,2660,1004,2.3567,253100
43,3056,3920,1304,1.925,300000
31,1489,1793,556,2.4348,230600
46,5677,7443,2406,1.8238,237500
26,2107,2660,740,2.3375,282300
36,2657,2274,723,3.425,281700
28,2362,2759,894,2.2364,305600
49,2549,1539,594,2.6218,350900
40,2657,2149,749,2.2653,445000
52,2980,967,359,11.2185,500001
36,369,145,136,0.8804,450000
52,983,578,204,5.7393,500001
25,2740,1420,664,3.5909,404500
52,955,457,120,15.0001,500001
26,5062,4533,1822,2.3105,166700
30,3110,2535,1218,1.6987,412500
18,3759,3296,1462,2.2708,175000
20,3264,2919,1191,2.3674,500001
20,1782,1749,823,2.2094,75000
34,2470,2326,1055,1.9038,325000
24,4021,3727,1529,1.7365,112500
28,5221,5840,2374,1.8829,300000
43,1366,942,672,1.6953,150000
42,3894,6846,2156,1.5553,70000
27,2456,4137,1104,1.5954,187500
46,1759,2716,877,2.1637,350000
47,1390,2860,827,1.468,137500
23,2040,2235,697,1.9309,233300
33,2437,3906,1084,2.0332,270000
21,3960,3468,1335,1.8214,475000
23,2512,3720,1118,1.7896,322200
24,1336,1268,426,2.8202,500001
47,3038,4225,1472,1.6725,187500
34,1848,1351,589,2.0547,410000
52,2124,1920,756,2.1435,328900
31,2827,3107,993,2.0278,360000
14,1559,1639,567,1.9949,380000
42,3292,2224,674,3.5517,291500
43,2808,1654,569,4.125,436800
36,3239,1383,612,4.5918,337000
52,1368,737,248,8.3617,433800
48,2405,1868,502,3.375,257800
44,1574,1323,404,2.5284,226300
45,1707,1446,466,2.1736,171300
50,1389,976,302,1.5882,327300
42,3343,3480,1146,1.9923,250000
35,1692,1578,406,2.5313,305800
40,1667,1161,384,3.1406,417600
44,1612,2028,593,1.9152,115600
42,1476,1605,545,1.721,214300
42,443,582,223,2.2937,350000
46,1386,1845,485,2.1414,157700
31,1744,2034,633,2.2684,193800
30,1417,1615,540,1.3867,193800
34,1102,1325,439,1.5972,168800
36,1723,1664,501,1.9323,161100
34,1453,1987,589,2.096,187500
18,3585,5229,1534,1.847,250000
11,677,1143,341,2.3864,350000
31,2818,4126,1200,2.053,229200
52,1801,714,293,4.6838,479000
52,2497,1030,412,4.89,500001
52,2315,894,345,4.1328,500001
52,2066,981,297,5.8632,450000
52,1421,495,167,10.586,500001
52,1721,688,196,15.0001,500001
52,1621,588,272,6.2223,500001
52,3421,1203,564,4.1618,500001
52,2756,971,510,5.5871,500001
52,2877,1186,704,3.2645,175000
52,2373,1135,576,3.1765,225000
52,1902,848,478,2.9621,175000
48,890,434,232,3.6111,450000
45,7803,3359,2041,3.3594,287500
46,1651,512,397,4.0179,350000
45,3312,1157,809,3.5719,500001
40,1821,777,441,2.3375,355200
48,1740,748,357,4.7019,411100
50,2519,1117,516,4.3667,405600
52,2046,944,435,3.4265,456900
52,2203,899,384,4.25,486900
52,2195,884,432,5.24,486400
44,2703,1045,619,3.201,287500
39,2309,870,546,3.1677,453400
52,1084,468,255,3.4286,474300
25,4625,1739,1191,3.3989,485000
16,4814,1897,1209,3.3725,375000
21,3653,1510,890,3.5573,500001
52,3175,1594,997,3.1766,225000
52,3446,1768,1245,2.4722,500001
52,1314,629,214,7.1669,500001
52,2530,1122,449,3.9167,321600
52,2069,826,377,3.5481,396000
52,1482,768,300,3.7167,327300
52,2837,1164,551,3.2411,250000
48,1354,716,309,3.7167,385000
52,1368,617,303,5.3819,440900
33,2880,1416,736,2.6781,328800
48,3551,1601,827,3.2279,400000
39,2810,1109,624,3.25,355000
52,2130,921,395,2.9605,500001
52,843,333,151,4.5192,446000
52,1608,630,252,5.5596,500001
28,2522,991,574,3.1475,362500
29,3946,1676,876,2.7824,450000
31,4345,1987,1070,2.8233,310000
25,2558,1183,636,3.5556,500000
35,2457,1159,523,3.0862,345300
52,1197,671,219,3.825,278500
48,1266,539,222,4.005,275000
41,2369,1252,522,2.9883,296100
52,2239,832,411,5.0858,470000
52,2346,1121,400,4.0583,444300
52,1563,776,308,3.625,440900
52,2402,878,464,4.0217,500001
48,1825,728,363,3.3824,322600
47,1424,632,278,4.0625,295200
48,1835,956,370,3.2813,243600
49,995,462,194,2.7917,242000
45,1879,946,409,3.3333,254700
50,3518,1724,758,3.0833,338100
52,2053,900,417,3.0707,417900
47,1621,724,311,5.7509,474100
52,1004,590,226,4.2404,351000
52,1241,526,214,4.4191,334100
49,702,458,187,4.8958,333600
40,2352,1133,563,3.238,287500
35,3517,1632,784,3.0956,500001
47,2815,1533,594,2.5806,234100
44,1856,1374,469,2.0984,158000
42,1372,674,271,2.8793,202100
45,2283,1093,475,2.5658,252000
46,2149,905,443,2.8841,290800
50,2009,1130,402,3.1944,213500
39,975,723,285,2.2725,140600
52,1971,1065,409,3.6435,195800
52,2194,997,438,2.6654,259400
39,2965,2638,794,2.532,172700
39,1294,1140,313,2.2554,165000
48,1184,953,311,2.3526,156300
31,1090,955,239,2.913,192500
46,3015,2300,725,2.0706,268500
52,2545,1004,372,3.6373,420000
41,2099,1369,465,2.7409,167100
35,2345,2042,565,2.5955,139700
40,2064,2140,617,2.2254,127100
37,1466,1835,500,1.7014,123200
36,1956,1672,546,1.8685,150700
49,1104,668,297,3.0856,151600
45,1579,713,335,2.1711,179200
48,1769,993,405,2.3214,139400
45,1767,1052,379,3.5161,157000
38,1626,1019,372,2.3687,146800
43,1690,1017,359,2.1078,133500
37,1236,966,292,3.0694,122200
34,3239,2331,765,2.0538,125800
41,1617,1110,375,2.4635,169400
44,865,537,183,1.9,110900
45,1839,1312,460,2.5625,138000
42,1681,987,337,2.6,171400
48,1426,784,356,1.6581,118800
42,2010,1203,427,1.9408,134600
35,1438,794,306,1.975,138100
33,1806,1161,393,2.5927,161500
33,2314,1714,582,1.7377,183900
48,2437,1400,426,2.628,251100
47,1989,1430,519,1.8333,151100
42,1766,1117,367,2.0259,168800
44,1008,544,223,2.8654,176800
35,3189,2221,801,2.1046,114000
39,2840,1911,688,1.9018,137500
47,1082,455,193,3.0132,223200
50,1845,1109,335,2.8971,127800
47,1734,1272,438,3.1731,121500
52,2511,1660,546,2.6098,127100
51,2010,1355,433,2.0304,133400
47,1648,1120,338,2.0042,114200
45,1667,928,375,1.8783,118200
46,1528,933,366,2.1979,125700
46,2312,1552,603,1.6429,125000
48,1614,684,318,4.2218,181000
44,2067,1046,441,3.5357,156900
49,2334,1334,447,1.89,124000
43,2122,1510,436,2.2273,123300
52,427,233,116,3.25,134700
42,2043,1634,501,1.9928,125400
36,1083,1023,295,2.1324,143800
40,2323,1847,614,1.8316,113500
38,1400,1139,315,2.2368,120000
35,1819,1666,482,1.6452,125900
38,2365,2259,607,2.0879,120700
43,1350,811,307,3.3636,140900
46,2437,1151,477,2.4444,134100
49,1609,896,389,2.5156,136600
50,1172,685,260,3.1442,130300
49,1295,765,265,3.4306,130200
47,1927,1349,508,1.3444,125000
43,1356,796,329,1.7159,189700
41,1425,838,296,3.9732,188400
44,1944,981,377,2.6154,193200
35,1627,3013,791,1.5565,152500
39,1155,1857,424,2.1696,153400
41,659,1224,290,2.0817,132500
40,907,1426,323,1.8571,143800
48,1353,1945,487,2.4359,123700
50,1757,2080,488,1.7225,180000
51,1005,1227,306,2.4297,162500
39,993,1765,464,1.2786,121900
38,1864,1768,439,1.9336,190600
35,2007,1513,554,2.1162,229200
26,1809,2543,640,2.3536,500000
33,2691,2390,681,2.4048,208300
29,2038,2070,570,2.0658,214600
29,2438,2114,753,0.8351,150000
31,2206,1194,435,1.9531,227800
52,1277,954,334,2.5833,234600
24,2092,1757,538,1.7109,175000
37,1470,1579,390,2.006,150000
37,2338,2376,630,1.767,170300
44,1941,2049,535,2.0405,143000
41,1653,1868,393,1.78,162500
35,1090,1605,330,2.1518,152800
31,700,1272,298,2.1542,128100
32,432,702,186,2.1471,125000
42,1680,2099,526,1.9167,136400
45,943,953,238,2.0673,151600
42,907,822,288,1.2875,179200
29,3544,3323,1213,1.0219,258300
38,1501,1777,441,2.0848,135200
22,3313,2381,1063,0.7473,168800
27,1084,1085,279,2.135,119600
46,2173,1343,476,2.025,135500
52,1902,1233,385,2.8295,132200
52,1173,814,295,2.45,111400
44,1555,931,265,1.4712,105800
45,1423,822,276,2.4519,98100
52,1832,1186,420,1.2434,98400
47,2241,1775,504,2.1571,147900
40,1695,1138,357,2.7125,150000
47,1315,785,245,1.23,138400
37,2781,2586,729,1.8564,187500
34,2041,1479,495,2.1173,156600
23,1703,1333,361,1.3187,127100
46,1976,1409,431,2.2981,112100
49,2120,1522,416,1.85,116800
21,1641,1526,453,2.087,141300
34,3184,2474,705,1.631,137500
31,1933,1522,423,1.5781,119300
29,515,2690,217,0.4999,500001
50,395,948,243,1.7546,175000
51,1280,1560,381,1.7115,125000
19,460,890,229,1.6089,162500
24,1283,1932,516,1.2969,160200
25,1582,2390,719,1.4167,200000
20,1193,1880,453,2.1806,180000
44,1273,1754,460,1.6037,275000
41,1933,3121,719,1.8539,147500
40,2118,2195,658,1.7976,164600
48,1521,1772,458,2.2232,162500
39,2004,3050,621,1.875,127300
52,281,470,96,1.9375,38800
40,561,662,205,0.9234,187500
26,2107,2821,572,0.844,350000
25,1407,1193,472,1.2989,225000
50,180,356,76,2.1944,158300
52,142,137,45,1.8333,312500
49,299,287,68,1.2096,100000
52,1274,1655,368,2.1905,124000
32,1375,1698,432,1.6302,130700
38,980,1308,310,1.5652,123100
38,1091,1786,340,2.131,136500
40,1259,1499,327,1.8382,126400
37,1551,2173,474,2.1667,117700
48,1465,1859,400,1.3134,96200
46,1249,1607,331,2.0703,114800
41,848,1428,313,1.5603,109600
39,698,1046,228,2.2356,119500
35,1368,2239,461,1.913,114300
33,1676,2564,515,2.1957,100800
28,481,596,128,1.2396,90300
32,1311,1792,396,2.3304,119900
48,542,571,114,1.8485,90600
48,396,485,110,2.375,107500
43,1456,2098,433,1.8929,99200
31,1301,1952,377,2.1466,100800
30,405,376,68,1.7813,127500
45,782,1030,235,1.0898,93400
36,879,1034,236,1.2857,99300
43,1429,1412,354,1.3287,107200
43,1575,1980,469,1.7425,100500
30,962,1280,263,1.4464,110200
38,697,749,206,1.4653,118800
47,1269,1628,325,1.5089,115800
37,2451,2824,598,1.9074,99600
42,990,1167,281,1.4524,126800
46,879,1010,221,2.1776,118300
21,1314,1505,366,2.319,97200
35,1193,1784,341,1.8652,116100
35,1672,2106,519,1.2206,129200
47,921,881,221,1.4327,114100
43,1235,1745,372,2.0817,113300
46,1748,1707,409,2.148,103800
48,1869,1834,441,1.7052,107400
47,780,888,215,1.75,95800
43,2179,2624,609,1.8641,108200
41,1733,1776,453,1.6221,104200
36,1033,1112,229,1.7237,105800
36,1176,1267,292,1.6382,105000
32,1218,1292,304,1.5781,102900
41,1768,1721,474,1.303,90400
34,1905,2194,521,1.4792,95800
23,588,716,173,1.2056,87500
43,863,788,187,0.9463,95000
29,1419,1696,317,2.2813,101300
38,1715,1714,389,1.7132,108200
44,448,504,96,1.875,98600
41,1425,1803,353,1.6731,88200
42,2261,2496,527,1.5556,98500
39,1274,1362,324,2.1793,107900
27,1611,1457,458,0.8941,91900
37,2615,2484,630,1.9208,103400
40,2099,2311,529,1.852,101500
43,1638,1213,390,1.3403,110800
43,1258,1276,358,1.8917,106900
47,1865,1916,438,1.8242,95000
36,2016,1807,464,1.6901,103500
30,504,529,123,1.9531,100000
35,932,1153,282,1.4886,100000
38,1407,1783,402,1.8086,97100
46,441,621,144,1.8824,162500
46,1098,1510,374,2.1382,156300
40,885,799,221,1.1667,143800
48,4217,3298,949,1.9152,122300
27,2190,1768,528,1.2446,103800
26,2001,2044,557,1.1563,118800
42,2386,2327,661,1.6699,108000
35,1147,818,281,1.7961,111700
50,1463,912,293,1.7386,109400
41,1046,727,201,1.6667,116900
43,2255,1568,470,1.6955,115200
39,2073,1246,547,2.0417,117100
46,2217,1227,448,1.6851,108800
48,2544,1357,498,2.5263,121000
52,2547,1417,444,1.8214,123200
52,1793,1303,366,3.0759,123700
42,814,511,188,2.3942,123200
50,2238,2247,583,1.6505,125000
52,1743,1206,384,1.6875,116000
52,1908,1271,394,2.5885,136200
52,1444,1154,334,2.0625,134400
34,2305,2450,740,1.7143,132000
46,1650,1992,458,2.3403,114100
6,1487,1509,403,1.4639,112500
39,751,1010,231,1.6036,137500
30,1385,1730,472,1.0539,142500
50,2601,3080,770,1.8656,122900
43,713,880,237,1.2065,103600
52,795,1118,275,1.2175,131300
48,483,775,188,2.3309,126600
38,3335,3612,887,2.125,118800
42,1534,1295,380,2.0938,119200
42,855,890,247,1.2778,112500
44,2636,2182,651,1.432,124000
48,1514,1353,344,2.1607,96100
44,1753,1165,380,2.1354,105800
41,1807,1731,471,1.2347,111700
52,1319,898,271,2.7727,128600
40,1131,859,230,1.1806,134600
52,1420,1080,353,1.5179,116100
52,2579,1558,458,2.0809,109600
52,1686,982,356,2.0958,116400
52,1296,853,238,3.05,111600
52,1542,939,276,1.6892,129100
52,1718,1026,312,2,128000
52,1630,1413,405,1.933,120000
52,2709,1751,613,2.1116,122500
47,1551,1329,322,1.9792,116400
48,2235,1363,433,1.6559,101400
47,1525,982,333,2.0915,126600
45,1489,791,316,2.2339,104800
44,1703,789,249,1.7083,100000
46,2608,1766,596,1.5846,114800
47,2637,1903,521,1.8317,96500
47,2212,1903,554,1.9853,101100
46,2577,2446,687,1.275,98300
46,2198,2067,497,2.0542,103400
52,1283,1363,329,2.5848,101900
49,2174,1861,484,1.7159,95000
46,1211,1153,282,1.7849,99300
52,3104,1498,581,2.6667,128000
50,1655,672,260,4.2554,194300
48,1949,823,340,3.3906,189700
50,1842,817,341,3.1548,157700
47,1745,1079,368,2.4022,123400
46,2223,968,373,4.26,182600
47,1320,653,291,3.7727,193000
42,2043,869,416,3.5,181100
44,4032,1622,848,2.4934,165800
43,2227,956,472,2.0217,187500
44,1762,786,445,1.9231,188500
44,2182,878,493,1.9631,181300
50,3250,2300,675,1.95,112600
50,2189,1097,469,2.4583,120900
47,1671,895,317,2.2054,121500
47,825,416,173,2.3333,133300
24,873,529,308,0.9304,151600
43,2028,1074,394,2.5909,98700
49,1407,889,283,1.9779,114200
44,1918,1041,364,2.8542,126500
46,1582,777,286,3.2083,149600
48,2009,919,297,4.8125,170500
48,1260,791,280,2.1875,115200
43,1257,735,232,3.7167,108900
43,2224,1598,545,2.8274,122500
46,1217,662,305,3.1731,140300
47,949,574,217,2.175,114700
40,1298,791,255,3.2344,104300
47,1528,864,308,1.9732,101000
46,1611,921,314,3.0833,103300
28,3889,3121,1046,1.8806,113900
32,1784,1472,476,1.6477,108900
38,3063,2153,721,1.8472,149100
48,2225,1170,401,2.9643,140400
46,2126,1292,414,2.9315,149000
47,2183,927,371,4.9531,180100
47,2512,1082,426,3.8235,207600
34,397,250,121,1.675,166700
44,1448,861,310,2.2396,108600
52,1778,795,279,3.5114,138800
49,1412,901,328,1.7067,118600
30,3112,2739,841,1.6531,118500
44,2526,1423,573,2.5363,158800
47,1830,922,377,4.1635,156400
46,3745,1502,808,3.8643,195800
33,3140,1214,464,6.5044,350400
33,2263,900,382,4.4028,246800
31,1893,819,426,4.3077,140600
11,1249,625,336,0.8702,170500
35,1359,655,341,2.5568,312500
37,4291,1941,953,1.7945,106300
38,2318,1407,702,1.6187,266700
44,1527,608,245,4.0357,187800
34,3978,2725,1035,1.7622,167900
34,5218,3538,1371,1.5143,118800
27,3358,2415,956,1.4589,87500
33,3246,1585,603,3.6629,353200
35,3776,1583,749,3.5486,332100
28,3085,1162,558,3.25,301000
35,1138,1128,311,1.8818,100000
37,1971,1673,464,1.4625,103000
39,979,857,236,2.5547,108900
41,1582,1422,370,1.0516,108300
43,1902,1153,363,1.9375,112900
44,1458,1159,283,1.1645,98200
43,1534,1231,329,2.5437,94500
44,1597,902,321,1.9556,93300
45,1701,1484,427,1.84,91400
44,222,234,77,5.1136,111700
49,857,694,228,2.895,108000
52,1837,1062,343,2,96500
52,1607,900,295,3.5982,96600
50,1985,1090,410,1.825,106600
52,1975,1043,371,2.3977,112200
49,1993,1052,394,2.2138,119800
44,2261,1348,455,1.9125,97200
48,1124,783,223,3.4444,93100
52,1371,986,277,2.9432,94000
48,2010,1208,404,1.6611,95800
48,1998,1176,382,3.0455,102400
44,1242,811,274,2.9375,95200
42,2833,2542,725,1.3479,100000
46,1118,786,254,1.4042,110000
39,1306,1332,331,1.9564,92200
47,865,782,217,2.2411,93000
45,1720,1382,365,0.9337,92300
19,883,726,277,0.9809,121400
30,1162,1207,289,1.223,100000
31,1068,1091,281,1.689,102600
31,2017,2063,521,1.9219,107000
35,2305,1978,568,1.375,100000
43,2660,2133,588,1.7734,107300
46,1425,1140,304,3.375,98500
44,1521,1074,285,2.0673,99800
42,944,567,190,2.6311,124100
50,2270,1000,412,2.1221,119400
52,1595,823,302,3.2188,124200
47,2066,1156,380,2.7917,125800
52,1629,819,288,3.725,142600
48,1541,819,312,3.0917,136100
41,1353,751,250,2.7401,131700
50,1843,892,314,3.1346,120000
43,1823,1065,342,3.2708,131000
44,1558,1095,316,4.0043,133500
44,2490,1305,411,4.8295,149600
43,2104,1132,394,3.0682,142000
43,2118,1266,500,1.747,121000
43,2149,1316,462,1.528,131800
46,1686,870,320,3.4643,136300
48,2015,1020,338,4.0625,138700
48,3139,1319,506,3.5208,134200
36,1717,902,368,1.4868,113200
43,2009,1095,439,2.8299,109500
39,2802,1524,529,2.6518,136300
41,1175,1241,352,1.2273,98400
34,2074,1913,514,1.6156,102100
34,2771,2782,715,1.6652,99000
31,4022,3707,1007,1.3096,116300
47,2112,1161,368,3.9722,117400
52,2523,1167,413,3.0625,127400
47,1586,1077,339,4.4861,140400
47,2005,1134,415,3.7143,140300
30,1702,1966,442,1.5521,97500
30,1966,2028,535,1.625,101500
38,1454,1098,297,1.5109,104000
41,656,730,170,1.8047,101800
43,1240,1100,311,1.575,97500
45,1696,1502,429,1.3042,99200
39,2062,1933,570,1.3801,97000
44,1722,2177,401,2.125,92500
43,762,854,188,1.2315,98200
46,1295,1120,323,1.7121,98200
44,1246,1031,295,1.9556,96300
46,1521,1100,334,1.55,100600
46,1086,880,250,1.5962,95700
45,1546,1186,366,1.64,96800
40,2180,2464,631,1.5521,90100
39,2569,2601,630,2.0754,101400
38,1819,2110,499,1.6027,97300
38,977,1073,292,1.0208,86400
42,796,697,177,2.037,92600
37,1812,1640,447,1.9348,99100
47,1504,1168,358,1.4625,94200
40,1475,1222,298,1.5303,95300
39,1255,902,327,1.5812,94000
52,1331,1144,362,1.5326,90600
34,1462,1310,351,1.1557,90100
38,1126,999,265,0.5495,91700
34,1040,1083,255,1.6467,90900
39,1529,1154,357,1.2091,97900
38,1387,1240,355,1.6898,95100
44,1513,1088,344,1.2969,94400
39,1542,1256,361,1.7167,100000
37,1625,1243,350,1.3971,89800
42,1604,1581,387,1.7656,96700
40,2044,2150,524,2.1437,94800
42,1206,1167,250,1.615,101300
39,882,697,189,1.8472,99100
23,1983,2048,600,1.5313,91400
35,1401,1357,327,2.0917,99300
32,721,842,208,1.6029,89700
39,1340,1463,367,1.5294,111400
40,2808,2357,627,1.9655,102300
39,1701,1468,411,1.9702,93200
43,1201,840,252,2.7917,105600
34,1089,995,315,2.3352,107700
35,2073,1753,490,1.5,93600
43,1156,1074,299,1.8814,94900
30,1041,877,270,1.5268,91600
38,637,679,162,1.5714,89700
41,835,707,192,1.4103,86200
40,935,818,236,1.8798,101300
34,987,902,221,2.3365,98000
34,1261,1027,303,2.2946,88800
29,1579,1056,322,2.3056,98500
35,1405,1086,273,1.0375,89800
45,1080,850,237,2.25,93400
44,1771,1296,399,1.6389,96700
44,1481,999,315,1.5147,94600
44,1103,760,247,1.6887,99600
37,1002,1092,273,1.6333,94500
41,1510,1408,389,1.65,94200
38,1314,1080,285,1.5872,89800
44,795,716,167,2,90300
35,1562,1587,406,1.4917,93200
41,570,466,121,2.6458,91300
34,721,661,171,2.0789,92400
37,973,842,178,1.6645,94900
36,1467,1247,347,1.8191,92700
36,1102,702,225,1.5256,95400
42,1433,775,293,1.1326,104800
42,657,526,132,2.5,110200
40,1076,705,255,1.7986,98900
36,1465,1147,324,1.7262,88800
43,1309,1182,340,1.6625,88700
30,1764,1406,362,1.449,93100
39,2078,1901,504,1.1468,96900
21,847,1283,277,1.4329,94100
32,1381,1268,354,1.1051,94200
9,456,438,114,0.8952,81300
44,1631,1197,355,3.0788,100000
42,1898,1503,429,2.5179,97400
43,2021,1051,352,3.3836,129900
47,1782,1003,329,2.5398,105700
41,936,913,226,2.0313,122600
40,1935,1616,433,2.875,120200
41,896,605,168,2.2778,128100
38,2073,1657,470,1.2098,88400
39,1274,975,277,1.5114,90400
43,269,295,79,2.2969,90600
45,529,448,120,3.5833,90600
52,117,74,45,0.4999,90600
44,1463,940,312,2.3333,99800
43,1113,1305,334,1.1434,91300
43,793,736,231,0.8527,90400
37,2667,2865,683,0.6831,87500
40,1193,1210,286,1.35,89500
37,649,653,147,1.4792,97500
36,2316,1938,507,1.25,97400
21,1260,1167,310,0.9708,107600
28,2136,1799,476,1.5427,95700
37,441,390,98,1.6513,90200
25,764,801,220,1.1384,100000
40,975,1068,270,0.9889,87500
36,2452,2664,667,0.9298,100000
42,819,899,228,1.1346,85400
37,869,1040,233,2,84200
34,796,673,144,2.0769,88300
37,1027,824,248,1.5132,86300
32,779,861,219,1.0625,89800
42,380,411,100,0.9705,90000
39,1215,1211,265,1.7212,95500
39,1141,1313,234,2.0187,90100
35,1090,1339,263,2.1607,97600
36,1110,1417,302,2.3333,92100
30,940,1071,204,1.2679,92000
36,501,487,118,1.3,87000
39,2065,2015,535,0.8478,104900
32,1063,992,253,0.8984,88700
29,6447,2184,960,8.2816,500001
32,5578,1567,697,15.0001,500001
27,2089,654,270,12.3767,500001
27,10806,3511,1352,12.7296,500001
27,1613,497,197,7.9835,500001
20,10722,3731,1511,9.7449,500001
36,3129,862,334,15.0001,500001
46,778,238,93,15.0001,500001
52,1500,384,145,7.1576,500001
31,6675,2092,796,11.8442,500001
35,3247,1065,484,7.8426,500001
32,8041,2768,1106,11.1978,500001
27,6603,2336,868,13.2935,500001
29,4767,1500,638,10.7937,500001
40,3351,1564,523,8.5153,500001
37,4042,1318,542,12.8665,500001
42,2861,829,310,15.0001,500001
36,2929,1054,352,13.5728,500001
29,9013,2919,1061,13.947,500001
39,1487,414,160,15,500001
37,5477,1925,757,8.1888,500001
45,1814,709,311,4.825,500001
47,1985,819,340,6.5147,500001
14,7970,2926,1096,11.2866,500001
33,6778,2540,1052,8.565,500001
41,1482,617,242,8.8619,500001
34,2095,662,299,8.2934,500001
24,2332,761,325,7.3031,500001
21,3755,1493,526,11.4233,500001
35,9075,3646,1724,6.0307,500001
42,993,368,134,10.8082,500001
43,2167,761,256,13.6842,500001
45,1711,735,261,9.1078,500001
40,4350,1551,665,7.0318,500001
36,4152,1461,550,15.0001,500001
39,2603,928,410,7.9096,500001
38,4715,1660,637,10.1882,500001
45,1271,419,171,7.6447,500001
45,3030,916,399,9.4664,500001
48,3623,1282,516,9.5221,500001
42,1918,632,224,15.0001,500001
26,6577,2937,1652,4.801,500001
20,5448,2202,1442,4.2554,500001
25,2689,1229,663,3.5909,500001
25,4077,1719,1017,3.7721,337500
21,3639,1489,983,4.6197,387500
22,5215,2048,1121,4.7009,500001
27,4401,1725,962,4.175,500001
36,2143,751,396,6.7496,500001
45,1346,415,209,7.0285,500001
46,1399,410,152,15.0001,500001
34,3203,949,439,10.3467,500001
38,3251,1251,593,7.7382,500001
26,3535,1322,666,7.1674,500001
35,1973,1257,296,8.9565,500001
28,3910,1763,867,5.5,500001
21,730,965,224,2.0511,350000
14,520,282,213,2.2857,500001
13,4284,3806,1252,1.3125,350000
19,4845,3751,1539,1.583,350000
20,3367,2667,1131,2.2444,500000
46,1302,482,226,7.0674,500001
43,2511,808,407,6.7703,500001
49,2418,850,318,14.2867,500001
42,2564,913,414,9.2225,500001
9,5102,2609,1450,3.2545,500001
18,4780,1886,1036,4.4674,500001
32,1880,798,417,4.7109,500000
15,5368,2269,1232,5.7097,316700
11,3184,911,463,7.2675,500001
41,1463,601,267,5.3777,500001
22,4251,1581,881,5.2555,500001
13,4833,1649,807,6.2389,500001
40,2933,1077,536,6.1527,500001
31,1317,523,274,7.4219,500001
38,2982,1122,572,4.1908,500001
20,4600,1675,932,5.1999,500001
44,533,291,97,10.8045,500001
52,1881,640,321,6.871,500001
38,4888,1698,937,4.8304,500001
52,1693,727,305,6.7115,500001
24,3832,1613,893,3.9673,477300
20,5943,2492,1429,4.1141,305000
22,3970,1588,791,4.8618,500001
52,2425,962,412,5.8587,494700
28,801,936,406,2.1875,181300
22,3319,1848,940,3.6673,283300
23,3771,2031,1241,2.7679,277500
25,6902,3136,1844,2.6509,410000
23,4099,2103,1217,3.7549,275000
19,3522,1820,977,3.2663,337500
21,5041,2719,1420,3.5335,268800
19,3330,1837,915,3.0173,393800
25,2142,1390,699,3.0069,325000
25,2768,1558,784,3.6976,360000
17,2729,1404,758,3.1235,420800
31,2621,1632,673,3.287,348100
21,2819,1435,593,3.9489,360200
45,727,520,175,2.6528,300000
39,1657,931,363,3.7813,336300
49,32,14,7,2.1875,225000
16,18,3,4,0.536,350000
31,2670,1535,631,3.0714,347800
52,1782,735,307,5.2954,485100
46,1508,639,273,4.925,409800
42,2725,1115,516,4.5833,427500
16,9728,3026,1899,5.8758,500001
33,2921,1124,608,5.0151,500001
52,2533,981,386,7.8164,500001
26,4473,1518,805,5.0762,500001
40,2079,720,282,9.272,500001
42,1298,420,190,12.8483,500001
36,1831,871,269,8.1484,500001
33,1730,994,363,3.7277,500001
49,601,228,106,8.0239,500001
35,2458,1047,554,4.0283,412500
42,3105,1253,531,5.222,500001
34,2113,859,432,3.6953,500001
25,2814,1139,658,4.0153,460000
52,1907,681,249,10.9805,500001
52,2113,800,327,11.1768,500001
36,3053,1234,577,5.1637,500001
51,1975,771,357,6.626,500001
52,1358,574,267,5.6454,500001
45,2089,834,305,7.3028,500001
44,1873,635,283,5.5951,461300
43,3863,1398,511,8.5938,500001
43,1028,394,149,10.4519,500001
42,1467,577,204,6.6368,500001
35,2237,1794,543,2.2961,207700
31,2846,2120,672,2.7226,254200
45,767,254,118,6.2895,340400
36,3005,2054,758,2.0437,309100
39,2614,1665,553,3.4063,271600
41,101,85,30,4.125,237500
52,1492,666,289,4.7386,340400
49,1230,669,269,3.9038,308300
28,1722,1161,481,3.2228,232500
25,3442,1890,914,3.0574,319400
24,1101,491,287,3.2222,319400
43,1006,520,199,6.5669,372800
26,4376,2435,1250,2.8418,327300
19,7297,3870,2144,3.116,300000
27,515,397,228,2.4135,184400
24,3711,1764,1147,3.1642,366700
24,2610,1322,692,3.5022,281300
16,5825,3390,1752,3.0965,320000
19,1450,746,437,3.1415,55000
13,6152,3397,1845,3.4058,275000
36,2101,1756,527,2.9344,222100
39,1366,1237,370,3.7206,230900
43,888,514,161,3.1827,202800
42,1809,1094,382,2.767,143000
43,912,705,246,2.6402,185700
25,542,442,131,2.25,333300
43,1465,727,290,4.0781,289400
45,1262,637,221,5.0866,427300
45,1740,788,306,5.2099,373600
39,1733,855,387,3.2308,340800
26,1706,894,435,3.1875,372700
44,904,358,158,3.3542,344200
25,2059,1349,588,3.2396,352400
36,1552,867,352,3.6467,346700
37,1193,488,224,3.625,357600
37,975,489,202,4.2434,331000
30,1039,606,274,3.125,343800
41,1240,711,304,3.3482,318100
41,2083,993,481,4.0231,353900
41,1164,561,251,4.2411,350900
37,1592,783,321,6.2583,386000
43,1408,651,240,4.5795,400000
41,1309,534,228,5.1708,418800
37,1328,626,228,5.8666,440100
40,1361,559,229,6.3516,354300
36,2424,1123,417,6.4755,405800
32,2242,921,461,4.0429,500001
43,1487,675,247,5.3403,489800
39,3278,1321,617,6.2917,465700
38,2172,830,368,3.9091,500001
42,1528,634,242,8.1631,500001
41,2403,1001,514,4.3906,500001
44,629,326,156,4.5278,374300
20,4374,2165,1185,3.6019,463600
21,3244,1423,781,3.6488,340800
34,2243,973,413,4.9676,414100
28,3167,1248,665,3.1941,394700
34,2995,2626,947,2.2402,450000
34,1430,805,362,3.3462,307000
22,3292,1655,898,3.1746,348800
26,2664,1745,789,3.4269,301900
35,1728,1161,420,3.725,310000
19,4702,2636,1334,3.3955,225000
27,2224,1594,625,3.0833,315500
33,2731,1280,510,4.7083,420100
32,1300,703,311,3.5667,394000
27,3133,2242,1002,2.697,412500
41,1527,746,285,6.4232,446600
31,2526,1046,504,4.7009,500001
42,2061,907,393,6.0804,420000
44,1462,821,341,2.599,362200
44,1798,835,314,4.75,355800
39,1909,867,345,4.7,334700
40,1287,806,311,3.875,321300
30,2148,1341,559,3.3995,324000
22,5822,3335,1585,3.1579,243100
41,1562,874,368,4.1083,324300
42,1594,952,362,3.099,335400
29,1996,960,449,3.6611,344200
31,1930,1002,410,3.9798,458600
28,6128,3586,1815,2.7058,310900
43,513,266,103,5.6428,343100
39,4098,2054,1053,2.918,345600
37,388,248,84,5.1664,326700
36,1392,679,247,4.7344,346900
39,711,347,153,4.2813,297200
38,1235,891,376,2.7143,287500
41,2331,1839,537,2.288,263500
39,614,538,159,2.3542,235700
34,1875,1491,526,2.8417,321400
37,2586,1801,737,2.6042,305800
31,1312,1178,330,2.0714,300000
41,1146,833,270,2.5938,285000
33,854,645,198,2.1471,239300
40,1901,865,587,2.3417,425000
46,2219,1107,590,2.5523,387500
50,1568,764,478,3.015,414300
52,1523,636,408,3.0682,412500
52,2167,1095,570,2.8514,358700
37,2155,1082,637,3.4071,267500
24,1438,665,416,2.975,500001
52,709,388,313,2.2643,350000
52,1010,573,242,4.1861,363200
52,1158,528,253,3.5234,334700
44,1122,531,256,4.0598,335900
44,941,493,206,3.6458,325800
52,888,376,194,3.875,372000
46,1777,896,334,4.45,348300
43,1606,862,354,3.962,345800
48,1923,1142,433,4.575,326700
33,3125,1720,713,2.9722,325000
52,1829,779,424,3.1607,339000
41,885,562,268,3.1992,303800
37,1828,1075,453,4.337,360600
32,2388,1009,556,5.2121,466700
35,1214,478,265,4.0156,500001
27,2217,806,458,3.8935,500001
29,2737,1157,696,5.128,500001
45,1132,654,264,4.5673,343100
26,1919,953,371,6.0672,420800
19,2520,964,663,3.8068,500001
19,1658,648,378,3.8698,500001
18,9430,3408,2003,6.1726,500001
19,2461,777,447,10,500001
16,895,237,149,12.0088,500001
10,1526,705,268,5.8083,321800
35,684,381,159,2.8393,272000
30,3550,3738,880,3.191,271200
18,1307,884,456,2.9338,276300
14,3771,2355,978,3.1603,287500
35,1701,1428,494,3.725,284600
35,2243,1135,465,4.3281,324000
19,8324,2927,1538,7.5426,351700
45,1899,1260,415,2.6667,320000
43,2483,1212,493,4.0189,302900
23,5548,2847,1229,4.4228,366900
3,475,236,153,3.6667,450000
42,2558,1328,541,4.875,301300
43,1432,782,303,4.3333,303900
39,3014,3212,777,1.1985,215000
38,740,599,194,4.0893,248900
35,1724,1079,394,4.5521,263800
35,1062,1026,307,2.7153,265500
36,1089,632,215,3.6538,276100
39,1613,1113,356,2.825,276700
33,3331,1695,735,3.9727,307200
38,993,374,180,6.2673,357200
43,2715,1151,434,7.4897,362600
44,1097,513,185,6.235,361400
43,2700,1146,506,5.1333,345900
46,2198,839,335,6.5778,350800
45,1361,581,263,5.8143,340700
45,1436,662,292,3.625,329400
40,1113,584,231,3.0927,316000
39,303,131,73,4.3438,331800
32,6699,2725,1544,3.3889,285700
37,1629,668,266,6.1333,387200
44,2298,849,360,5.5941,363500
44,1877,877,320,6.8197,363600
44,1802,753,282,6.0286,356000
43,1464,581,232,6.2022,365900
44,2789,3732,474,4.6176,352300
44,1462,562,237,4.9375,365200
44,1282,494,209,5.618,365900
38,1104,415,163,6.1985,422000
13,1860,800,355,5.8864,500001
33,2799,978,447,5.6435,500001
20,1901,704,254,8.7819,500001
16,70,17,4,7.7197,500001
24,4393,1257,579,5.0714,356100
16,14891,6270,3595,5.1064,283200
35,913,451,172,5.6169,411200
39,714,314,117,5.9856,432100
36,2526,996,441,5.611,456600
38,1089,502,180,7.5953,434800
37,1364,494,242,4.6364,456300
44,2825,1221,461,5.9544,377200
43,2416,1028,409,5.6732,330700
41,1833,847,348,5.726,287800
42,1859,813,326,6.019,294500
44,2395,1287,450,4.6923,299000
35,3259,2003,920,3.2708,400000
29,1821,1397,523,2.5833,187500
5,6955,3591,1566,3.111,247600
44,1138,497,228,4.1852,303300
15,412,310,137,3.9792,266700
32,1044,567,222,4.1471,284400
45,2038,1086,387,4.7375,289600
24,3097,1075,639,5.723,500001
36,2723,1090,519,6.3267,500001
37,2076,771,327,6.2551,500001
37,1761,1309,357,2.1875,175900
41,620,642,162,2.6546,159600
42,1273,1203,348,4.4636,162000
41,2475,1416,470,3.8372,156400
31,2025,2231,593,2.4741,151200
23,2503,1735,505,2.7368,162800
19,2758,2047,591,2.6618,179700
32,2307,1754,528,4.317,232800
27,2082,2009,548,2.9063,184100
35,2810,1578,601,3.59,200600
32,1700,864,317,4.381,238700
35,2016,1083,369,5.1727,230200
35,1511,853,308,4.9792,251300
10,1391,1378,377,1.9049,222200
5,3559,2965,794,2.6491,216700
36,1428,825,250,4.7222,239600
37,1241,621,255,4.9196,232400
38,123,142,40,2.3942,200000
31,2693,1598,618,3.1851,240200
33,2716,1807,661,3.5473,226300
27,2880,2083,727,2.9619,223400
35,1499,1141,326,2.6136,213600
26,2080,2096,506,2.8106,184400
25,2659,2629,726,2.6368,175900
17,5544,3008,1038,5.322,282700
27,2790,1498,519,5.3106,268300
30,3096,2048,704,3.125,233300
35,2793,2255,682,3.0057,235300
9,2782,1790,748,2.9154,203300
13,3569,2159,880,3.163,224200
35,2572,1172,519,4.6207,304100
41,2004,1658,456,3.1779,171100
36,1697,1274,396,3.35,163100
30,1291,835,215,5.5,181500
32,1205,1799,370,2.375,128000
28,636,788,143,3.6161,131300
26,239,165,112,1.3333,187500
38,1446,980,319,3.35,177700
36,2218,1789,527,3.1613,182300
39,1513,1227,354,3.3929,184600
38,1471,1207,335,4,165500
28,1895,1422,389,4.3816,191300
36,1989,1668,455,3.3009,168000
20,2233,1915,558,3.2011,169100
10,3708,2855,948,2,165400
16,1867,951,498,3.3427,154200
21,1068,1180,274,2.5,157500
8,1115,1472,396,3.1392,146200
31,1535,1291,340,2.9375,174000
27,1672,1723,462,2.0458,174500
26,2109,2120,605,2.1447,158700
39,1417,1450,367,2.8462,172000
34,1349,1716,380,2.7143,138100
38,1730,1724,424,2.7308,150400
39,981,1183,298,1.9208,139800
21,2188,2265,652,1.9923,164700
42,1162,1044,241,3.5488,205600
20,59,69,23,2.5588,350000
35,1239,1524,387,2.0956,154700
32,296,511,133,1.4444,182100
24,574,784,162,2.25,152300
36,2191,2931,692,2.1311,163100
36,886,809,219,2.4545,164200
26,2272,2567,595,1.9964,150600
21,3354,4426,1110,2.5262,167300
37,1212,1076,293,3.2115,160100
39,1731,2115,478,1.5369,141300
46,22,32,7,3.125,112500
18,3821,2831,769,2.9571,346200
18,9659,4336,1674,5.7764,290500
47,307,374,65,2.9063,146900
41,1305,1384,369,2.45,186800
18,393,429,188,1.8393,187500
40,1751,1939,503,1.5394,200000
21,2442,1916,646,1.2276,208300
16,855,486,250,0.7591,350000
19,2356,1291,418,4.2308,416100
6,6097,2678,1226,5.1269,285200
42,967,481,163,5.6611,265600
48,1958,1098,380,4.625,273400
47,2223,1163,413,4.4671,270800
36,2464,1111,457,4.5074,350000
22,5042,2260,935,4.3472,351200
27,1650,1359,386,2.5795,192400
23,1957,1454,526,3.5056,203100
37,1319,766,285,2.7031,218900
29,1503,1368,390,2.1473,195300
52,1438,1018,399,2.2188,306700
41,1382,905,344,2.75,238300
30,2074,1311,531,2.0329,225800
43,1854,1151,486,2.5759,225000
21,2492,1699,672,2.1382,242300
30,2835,1669,652,3.3616,268500
42,1731,866,403,2.7451,255400
23,3075,1584,806,2.9386,260500
36,1725,799,306,5.0874,368500
52,1665,656,282,5.249,351900
20,2625,1184,606,3.9167,285200
47,2852,1130,560,4.194,293900
52,2025,957,363,4.2059,350000
44,1853,2090,539,1.8584,248100
39,2602,2178,737,2.0469,234500
52,2085,1767,516,2.1935,243200
45,2137,1550,529,1.9167,227200
30,3161,1865,771,2.7139,231700
25,2469,1253,535,3.1932,257500
28,2647,1459,595,3.4474,253400
28,2510,1388,554,3.3397,267800
40,2582,1304,588,3.5694,276400
52,1642,692,288,4.1812,321500
26,2711,1372,459,4.1451,326700
41,2168,1171,374,4.7216,311900
33,2265,986,388,5.4533,409800
25,1099,407,159,7.6886,500001
25,6191,2297,1023,6.4246,446700
36,3135,1815,697,3.7596,300000
42,1297,611,242,5.3074,401900
35,2790,1167,441,6.2028,361500
40,1644,780,416,3.1071,464300
40,1933,902,412,4.25,332800
31,2809,1316,633,4.5606,303800
39,2651,1103,508,3.274,254300
21,1568,801,422,3.5109,225000
8,2842,1624,510,3.7282,287500
31,3857,1695,572,7.642,396400
34,2377,1055,362,6,367100
31,3019,1349,462,7.1463,394100
31,3812,1645,591,7.585,380100
36,2288,1079,434,4.5486,361000
41,1912,896,314,5.3473,352700
43,1061,514,208,6.01,254200
42,1541,753,264,5.1028,292100
35,2839,1413,538,4.1667,271200
34,3150,1392,480,4.9355,336900
34,2421,1232,454,4.6852,296200
35,1535,816,287,6.1873,312100
35,1666,788,273,6.6277,344400
35,2485,1226,406,5.7083,329500
42,890,555,200,4.4821,271900
41,1979,1157,459,4.4083,217700
30,2062,1089,375,5.5362,301200
37,1954,967,370,5.0862,261300
43,1428,836,302,4.5759,209200
38,1107,518,195,7.5582,263700
33,1805,838,301,5.4306,326600
29,2174,1030,395,3.5707,341700
36,2988,1357,657,3.5174,268000
29,2584,1217,568,3.3287,273400
32,1464,693,380,2.5463,200000
38,1399,859,386,3.4148,234800
41,2476,1271,485,3.4531,263900
34,1722,926,371,4.1523,252000
34,2510,1516,542,3.8068,267000
50,309,121,45,6.213,285000
51,1477,750,295,5.3925,317900
48,1473,807,296,3.399,306300
41,2067,1282,455,5.5756,309900
32,3817,1888,829,3.5777,245600
36,2507,1232,470,5.529,241300
34,8206,3141,1150,7.2812,462200
47,1853,757,310,3.6875,422000
43,1708,768,276,6.207,457400
45,2332,943,339,8.1132,446600
32,14556,5459,2017,8.1657,500001
36,959,446,210,3.215,331300
31,4704,1895,886,4.9297,400000
36,2443,1115,493,3.9777,409800
14,2672,1113,318,12.1579,500001
37,4524,2099,937,3.5781,366700
24,8590,3401,1178,8.1325,472700
25,434,199,75,5.9199,420500
49,1788,735,266,6.6009,375700
31,5550,2465,862,6.8317,446100
31,3105,1359,547,5.1718,429100
26,1649,1332,483,3.1004,257100
40,2124,998,372,5.3369,370400
40,2549,1156,546,3.3333,374300
52,2187,733,274,9.5823,406200
52,1904,797,286,6.6603,380400
52,2477,993,371,4.9135,368100
52,1532,631,275,5.1242,372900
24,5131,2690,1371,2.5668,280000
20,5949,2593,1337,3.8576,318600
17,2943,1312,656,3.1484,187500
19,2919,1866,811,3.1733,206300
20,3407,1883,870,3.7321,351100
48,1560,825,269,5.5118,354700
15,5036,3164,1175,2.9148,238700
45,1865,973,349,3.6587,321200
52,2332,1135,440,5.5658,331200
52,2010,908,326,6.9135,374000
52,2287,829,296,7.8383,500001
52,3034,1158,399,6.2976,498400
47,2243,911,319,7.4046,446800
52,2602,1137,419,5.3185,358000
52,1602,667,251,5.049,323500
50,2195,878,309,6.884,365600
22,2664,1553,629,3.6354,256300
17,3852,2986,993,2.3482,255400
52,1732,875,311,4.325,292600
10,4292,2719,987,3.6974,286600
31,1262,1019,332,3.7083,241900
42,413,349,107,4.3438,189800
12,2238,1882,611,2.9,208300
17,4041,3309,1117,2.6016,222400
30,48,74,16,5.0056,162500
35,1257,764,319,3.2083,238000
40,1875,869,438,3.2321,243600
35,3213,2401,819,2.8342,256800
47,1453,787,345,3.0114,255500
22,2265,1684,561,2.6729,217100
25,3018,2205,742,3.0199,220200
14,1744,1494,531,3.2171,230800
52,830,479,179,3.1397,253700
48,1301,637,260,4.3438,252700
49,1393,605,282,2.9491,257400
18,1775,950,522,3.5417,177100
14,2981,1941,863,3,178600
6,3340,2315,846,2.8884,252300
18,2481,1763,675,2.8088,247500
52,850,493,160,6.9408,298800
20,2734,1562,607,3.3906,284100
45,1235,499,263,3.1435,282600
15,3712,1888,890,3.6875,209600
14,3700,1681,905,3.9054,200000
17,5282,4116,1574,3.052,209800
19,4852,3171,1332,2.5924,192900
31,1238,605,331,2.8478,228100
32,1377,768,422,2.2621,187500
20,3960,1729,978,3.0441,193800
33,2865,2061,790,2.6268,201300
20,3196,2929,983,3.0206,219500
27,2909,2614,935,2.1444,229000
19,2294,1686,680,3.0288,258300
25,2864,1745,803,2.9167,224300
28,1843,1402,512,2.462,254000
36,1813,1501,544,1.9125,238000
37,1644,959,383,3.3636,257700
45,2170,1043,394,5.6921,269000
7,2063,1892,643,1.7301,202300
9,4877,4486,1458,2.4421,222100
30,1615,1245,544,1.8929,196900
37,584,552,235,1.8235,275000
13,1107,616,443,0.8185,187500
51,902,650,334,1.5417,268800
29,3431,4094,1205,2.2614,248100
10,1060,1025,288,3.0074,175000
6,1727,1200,439,4.1083,210700
7,2837,2287,736,3.008,229000
25,3208,2843,1005,2.6673,218100
37,1383,1185,451,2.5,207100
37,196,194,68,1.2188,218800
23,1336,1255,359,2.5388,205000
13,3487,3749,1072,2.1602,221900
25,5980,5217,1772,2.506,184500
22,2340,2226,754,2.5417,217500
45,1971,1245,430,4.0272,260500
52,322,229,89,2.125,243800
36,2946,2542,912,2.2244,255900
21,739,861,246,2.4856,181300
27,7714,3199,1100,7.1262,446200
31,3190,1362,480,6.981,402900
36,1834,864,309,4.7885,302200
36,3120,1441,612,3.9041,320400
14,3615,1924,852,3.5083,280900
52,1704,746,262,4.7986,326100
51,1502,586,231,4.375,332400
27,4713,2372,1077,3.7015,287900
52,2962,1364,466,4.9042,343500
36,1692,778,278,5.0865,349600
36,2110,984,342,6.9909,345300
36,759,372,135,4.9886,328900
36,1978,834,311,3.9866,294400
43,1325,613,248,3.6071,289000
43,2322,1106,433,4.3631,284600
41,2860,1516,621,3.0431,262900
41,1524,1176,375,2.875,192400
14,1878,1874,559,2.5267,231800
29,2209,952,403,4.375,341200
37,1335,485,240,4.1731,352100
37,1519,613,315,3.0179,272500
42,724,420,150,3.0625,361700
37,589,375,122,3.3897,222700
23,7179,4757,1924,3.1051,206500
13,7174,4293,1872,3.0973,251900
37,350,342,111,3.0687,200000
5,5492,2997,1405,3.3205,172100
11,3112,1700,851,3.1587,181300
13,3801,1986,1078,2.0875,222700
49,192,83,38,3.0179,118800
44,1594,832,340,3.4,212100
39,1995,1202,544,3.5875,250000
47,2589,1284,485,5.1008,247100
48,2584,1118,459,4.2396,245100
46,2115,1133,439,3.7344,222000
45,2570,1256,510,4.6898,226000
45,1505,799,319,3.138,217000
48,814,490,176,3.1406,223100
45,1552,785,316,3.7411,235500
49,1969,977,367,3.8462,231300
48,2122,926,362,5.6975,231400
43,1029,613,255,2.6827,219900
47,1721,834,334,4.1923,231200
45,3046,1448,599,3.24,226900
46,1393,714,295,2.8125,229900
45,903,557,204,4.0313,209100
46,1676,846,295,5.1814,209500
46,2711,1277,490,4.282,224700
46,1840,866,360,3.3056,230400
44,2572,1280,570,3.5583,232000
47,858,365,171,2.0385,225000
42,1604,814,329,4.4408,216000
46,1268,661,239,4.0742,229100
45,1328,720,289,3.875,226900
45,3566,1601,653,3.8668,232000
49,3033,1284,561,4.1161,232500
42,2267,1083,458,3.2015,250000
45,1390,538,270,4.2212,293800
49,1305,584,255,5.636,267900
44,1934,750,365,2.473,251800
37,2381,1235,499,3.7941,247800
46,1718,756,343,3.2125,247000
52,1133,545,222,4.875,249500
44,1717,848,353,3.6111,254500
46,1396,608,246,3.692,244500
44,2705,1676,654,3.4286,247900
39,493,259,138,2.3667,17500
44,1321,471,301,4.2679,331800
40,3068,1190,695,3.5637,497400
16,1586,625,344,4.0893,450000
25,6082,2616,1644,3.6486,246900
45,3448,1562,643,4.0648,258800
38,2347,1317,547,3.2112,349300
49,1074,403,208,6.2547,366700
40,1868,799,403,2.9306,279300
23,1359,770,380,3.4016,234600
46,2345,1031,427,4.3173,278300
16,1353,1211,357,3.1551,205000
37,2144,860,435,3.9464,315000
12,3188,2118,850,3.1823,218300
24,2910,2522,873,2.4074,219400
33,2443,1601,484,4.0223,146000
37,1394,1111,327,3.6023,161800
39,1769,1499,390,3.1212,153500
34,1489,1389,313,3.4821,160300
28,271,246,62,1.7062,164600
35,2606,1555,404,4.6864,193800
38,1704,1384,374,2.865,155500
38,1237,1073,293,3.6726,154600
50,1181,1196,269,3.2095,167000
27,862,1243,267,2.3724,154200
32,1260,1434,342,2.0286,122900
30,1632,1357,401,3.1588,160100
30,762,840,226,2.3375,154200
32,527,582,143,1.7708,138800
46,11,24,13,2.875,162500
37,944,1107,235,1.9688,144100
47,843,800,180,3.3687,151700
38,1156,1359,289,2.5147,137100
36,2602,2780,620,2.7155,149800
17,17715,7665,2312,7.9068,349100
26,1279,412,157,6.1731,293800
18,7798,3710,1227,5.8819,260500
8,16759,7249,2156,7.4837,358700
14,7876,3699,1162,5.5423,248700
25,5039,2654,802,4.7969,211700
17,5153,2949,1083,3.5603,174600
13,2996,1187,464,6.2456,161700
16,2426,1319,446,4.8125,224500
18,3814,1881,692,4.4722,215600
26,8254,3460,1131,6.5253,349900
20,2421,1023,298,8.0683,451500
27,3770,1606,562,6.1321,309700
26,3773,2103,688,4.6937,198000
24,5745,2061,679,8.2827,451400
14,9610,4723,1907,4.0393,156800
21,2056,1332,429,3.3942,212800
29,2240,1187,407,3.8365,184200
35,2259,1561,509,3.3043,155500
42,2225,1544,464,2.2442,166700
15,4644,2855,867,3.3654,222100
23,2308,1001,317,7.5112,355500
32,1764,924,329,3.875,186700
33,3713,2106,720,4.0023,185500
35,2899,1251,429,6.1049,297200
35,1582,654,221,4.9091,275000
33,2344,1098,359,6.2089,283400
37,2655,1056,401,5.4224,269500
36,3097,1484,634,3.1905,235300
30,2495,1139,559,2.9375,209200
31,1959,1021,303,4.3145,233000
30,4367,2524,954,3.0448,192100
33,2383,1269,421,4.636,245500
40,1304,607,256,2.588,209500
29,630,378,148,3.4107,170800
32,1741,872,333,3.4219,194500
29,1677,873,400,3.12,194300
26,3118,1546,545,5.27,209400
25,3465,1722,536,4.8304,228900
29,2671,1484,445,4.9844,203000
17,3499,1911,621,4.8894,191700
34,2026,1142,332,4.392,187600
25,9255,4944,1627,4.5708,223000
13,18448,7775,2397,7.7876,348900
23,7063,3100,1112,4.8229,192600
21,3481,1866,746,3.6201,150400
19,1935,1126,389,3.8929,144600
18,11026,5407,1923,4.075,231100
28,4086,1973,853,2.621,202200
32,2643,1862,478,3.7177,177200
26,1664,1024,339,3.5192,190500
16,9020,3575,1486,4.2415,275700
15,4260,2007,695,4.4609,230000
22,4935,2874,938,3.9825,180500
50,2388,1241,459,2.8818,167200
28,1998,1124,389,3.75,180900
23,7079,3205,1327,3.0735,212300
28,3494,1391,522,5.3637,214700
25,5411,2243,1019,4.3148,240700
26,2723,1847,498,2.6779,136000
29,2742,2477,532,3.5072,121900
21,8069,4369,2036,3.2756,156800
20,11250,4952,1859,5.6785,239500
26,6459,2487,885,6.2089,261800
41,555,1492,123,2.2813,125000
52,567,2688,126,1.875,212500
52,2867,978,513,3.1477,291200
32,3241,1592,810,2.4952,181800
46,2477,1034,455,5.5,289700
37,3457,1344,530,5.8891,226000
36,2637,1385,483,4.1739,158700
26,2744,1411,465,4.2639,154200
36,1473,785,299,3.2566,151800
33,4979,2575,874,3.7958,152500
30,2345,1897,454,2.4375,112100
36,1543,1355,303,3.5313,117800
33,1350,1251,257,2.9063,115200
30,3199,2192,563,3.4871,136400
33,2824,1797,493,3.6359,135100
33,1067,600,201,4.0368,139100
36,3094,1672,545,4.2143,146900
37,2263,1677,522,2.9388,139200
27,5929,2817,828,6.0434,214800
36,2922,2392,629,2.8661,124000
29,2976,2452,633,3.0638,113600
52,1548,1131,343,2.63,127300
51,1538,1173,388,2.3156,109800
48,1157,677,218,2.8594,127200
33,1831,1625,472,1.9937,103600
47,508,384,86,1.9583,92600
27,2178,2379,591,1.9766,108000
18,3610,2899,765,3.9784,113500
25,1712,1807,478,2.2258,114800
33,1694,1689,301,3.7583,116300
34,975,870,183,3.7933,116100
33,1056,964,300,2.4464,128700
39,2933,1886,550,3.9224,131300
5,4536,2485,909,4.1118,125900
34,1081,1325,252,3.6298,108500
21,4031,2558,834,3.1641,117300
30,1700,1719,459,2.227,91900
36,2910,3055,782,1.9029,98000
35,1293,1494,312,1.6645,93300
36,3839,4711,942,2.3859,116200
35,1613,911,293,3.4398,134300
42,2504,1550,509,3.0294,135700
48,2438,1508,548,2.8983,129200
52,1868,947,328,4.2415,140100
52,1279,444,204,5.2269,161000
52,2550,1246,576,1.6006,146200
34,2742,1761,496,3.2481,128800
33,4100,2580,730,3.7321,134200
28,5173,3502,954,3.8438,130800
34,4038,2716,759,4.1339,135000
32,2209,1718,569,1.9643,113200
34,344,315,119,3.1786,117800
51,498,368,112,1.4063,98800
33,1921,1430,467,2.3406,122600
33,1025,854,269,2.2596,119400
36,975,809,233,2.8929,118100
28,2758,2877,694,2.0734,113300
30,1185,1466,302,2.625,94300
29,2452,3029,665,2.1354,110700
27,852,1024,221,2.1141,110900
46,1480,1511,348,1.9718,110600
26,3827,3367,810,3.15,129700
42,1967,1459,348,3.0375,118100
33,2318,1904,451,3.7454,116400
27,2215,1987,449,3.0429,129600
27,3623,3712,754,3.4609,123300
22,2948,2600,602,3.125,113600
34,1914,1564,328,2.8347,115800
36,2242,2052,447,3.4464,113000
26,2712,1389,377,5.6513,227900
10,17820,8686,2666,6.3875,310700
25,4240,1885,637,6.2384,247600
8,32054,15507,5050,6.0191,253900
16,9446,4911,1534,5.0111,212900
23,3351,1535,522,5.0869,230600
12,9197,4332,1554,4.9589,282100
5,18690,9427,2777,6.4266,315600
26,797,383,114,6.8758,253800
14,17527,8380,2676,6.2734,267000
26,3638,1993,593,6.1076,221200
11,21533,9671,2890,7.0329,368300
7,27700,15037,4072,6.6288,339700
19,6300,3671,943,5.9716,262100
16,4632,3038,727,5.1762,264400
16,3552,2120,573,6.4333,271500
4,9959,4904,1429,6.9754,402500
24,3128,1406,472,7.5286,462700
23,1160,467,178,8.105,386200
32,761,295,95,11.1077,500001
31,2524,1003,343,7.5196,380900
33,4518,2037,764,5.6015,267200
21,4723,2210,768,3.8167,258700
22,5179,2315,884,4.51,189900
29,3855,2205,609,5.5496,218200
16,4556,2066,651,6.4667,263900
26,3408,1664,543,6.1498,239100
25,2208,1084,424,3.775,191700
31,1484,927,317,3.6484,189600
32,3357,1696,604,4.2685,216600
36,1811,1005,332,5.5629,188300
36,1267,640,200,5.2405,220000
33,3630,2257,796,3.2469,206900
29,3416,2223,728,3.5109,186000
23,2535,1327,466,3.5977,180600
29,1185,588,196,5.0832,196900
15,6409,3359,1267,3.875,173300
17,7836,4419,1526,3.8465,180700
27,1748,985,416,3.1133,180600
33,2059,1073,339,4.2454,183800
33,1485,1006,258,5.1708,158500
34,912,522,150,4.0417,178000
34,1004,772,217,3.8571,174500
23,4066,2105,737,4.6556,199600
34,1324,799,228,4.5234,192200
30,3082,2008,619,4.1411,182700
35,1470,885,246,4.9239,168800
35,1574,1088,289,4.0938,165300
36,806,446,153,4.5221,151300
18,2923,1751,656,3.2383,157000
35,1447,1224,268,3.9934,141900
35,1566,1396,317,4.05,141300
27,2434,1623,498,3.6875,140200
37,1286,1047,249,4.2019,140100
25,2559,1674,623,2.8547,155600
36,2029,1327,364,4.1836,164300
34,2159,1443,385,4.1995,147400
25,3076,2868,752,2.6619,117600
32,1640,1312,358,2.6292,136100
5,1126,819,311,1.5,139800
37,1801,1564,425,3.1597,133000
33,1788,1787,361,2.6629,124100
33,1555,1571,386,4.0529,138200
35,957,804,221,3.3322,151400
34,1540,1037,317,2.2132,138500
42,1762,1526,365,2.8643,132600
41,2673,2259,592,3.7846,145500
33,1391,1038,298,4.1944,149500
32,2552,2161,548,2.9459,144400
36,294,266,80,3.5385,134400
23,4776,4797,1187,2.1667,142600
20,3158,2396,713,3.525,153000
24,2838,2151,645,3.2202,126200
31,1239,929,244,3.3625,153400
18,123,121,26,3.0417,137500
11,2399,2307,531,3.5625,141000
31,1507,1548,347,3.4327,147200
15,3543,3131,823,3.0184,139400
28,441,504,108,2.9107,152500
32,2491,2660,595,2.564,145800
34,1696,1609,426,2.25,138500
35,1681,1648,373,2.4911,145900
35,1032,954,191,2.8906,134800
8,2027,1781,447,3.0806,142400
30,2227,1961,481,3.3261,164100
32,2910,2583,670,3.7736,158400
20,2063,1573,468,3.2,157100
22,1438,1325,335,2.7802,162500
17,3640,3537,807,3.4784,152200
22,5661,5389,1178,3.7727,159700
31,3073,2640,594,3.5,161300
27,3569,3339,762,4.1304,160500
29,1986,2013,432,3.1034,140800
35,4036,3878,846,3.2957,141600
33,1558,1600,338,2.9712,143900
26,1399,1285,276,4,160100
30,2686,2477,573,3.4427,160800
6,1954,1584,496,3.1621,131000
30,2775,2847,642,3.2266,141800
31,2779,2259,670,3.4032,143400
21,2215,1792,419,2.8375,166500
34,2278,1728,448,3.125,154100
18,1179,1296,331,2.851,140600
39,1076,1242,332,2.2679,151800
33,4151,3563,848,3.1912,159900
28,2831,2330,557,3.9741,173100
21,2707,1742,626,2.1062,176700
32,2704,1669,497,4.4653,195400
34,1970,1269,406,4.064,201200
35,2393,1336,418,4.87,187700
37,1137,672,226,3.2969,189000
37,1987,1279,378,4.1172,176500
34,2192,1376,428,3.9861,163900
35,782,499,163,4.2062,161300
35,1891,1093,382,4.0167,165500
37,1185,769,235,4.4625,154200
36,1285,679,231,3.8705,191900
35,2108,1257,414,4.1312,185200
34,1409,819,273,3.3977,188800
36,1371,806,241,4.5078,187100
35,689,379,128,3.9583,206000
36,1597,901,272,4.3947,197000
36,1788,1139,320,4.125,185800
33,2325,1170,445,3.6625,217100
35,1443,861,262,3.5795,186900
36,1479,741,245,4.2986,189600
35,1860,1011,305,3.5536,207000
35,1897,965,323,5.7039,199400
28,3694,1999,718,3.2813,181100
20,4327,2296,963,3.0441,185400
35,1810,1164,332,5.0123,165700
33,1921,1492,393,4.375,150500
31,3007,1766,616,3.7083,166000
35,2746,1779,501,4.25,166700
35,2994,1933,561,4.0052,160700
27,3341,1762,679,2.9437,180400
35,3185,1858,564,3.8304,175900
34,2048,1456,416,3.125,168600
35,2739,1481,483,4.5655,176600
34,1562,825,266,4.125,220800
32,2068,976,370,5.212,201200
37,1055,538,206,2.4167,181300
35,1205,583,319,2.3971,188900
37,1813,1100,375,3.4453,176700
39,1726,892,335,4.3409,191800
30,6132,3147,1449,2.7763,187800
35,1711,825,356,3.5,215600
25,2115,1107,477,3.1949,207400
32,2374,1580,427,3.8837,200300
32,5482,3426,1117,3.2943,204400
25,3652,1525,484,10.1248,428500
23,6689,3081,1047,5.9254,491200
35,1313,599,209,7.5,287200
33,1701,831,275,5.4469,274700
33,1330,578,192,5.6406,266200
35,1439,804,271,3.9808,188600
35,1646,1056,280,3.055,172000
35,834,392,123,4.5179,218800
34,2956,1488,464,5.3664,268300
36,1009,466,149,5.8519,249400
36,1390,887,266,5.0897,189000
33,2938,1519,549,4.5594,204200
34,2819,1718,558,3.5547,197600
36,1057,658,207,4.7708,191700
29,1699,1052,411,3.2122,195500
29,3250,1382,513,5.112,218300
35,3189,1727,500,5.0758,211100
35,2894,1420,479,5.184,224900
37,1505,798,259,5.4635,202100
35,1022,628,187,3.9375,187500
36,1340,848,244,4.1731,205100
32,3055,1902,565,4.2926,190700
38,175,129,20,9.7066,182500
28,3342,2210,647,3.4596,202800
34,1428,890,249,5.8722,204800
32,3418,2003,622,4.0333,210200
34,1921,1230,447,3.6648,193900
36,1207,683,213,5.3559,207300
25,1814,1187,363,3.3523,170800
37,1375,951,272,3.2083,195200
32,2252,1370,411,4.6312,184800
35,2819,1508,485,4.6118,191700
34,2226,1464,365,4.4102,183200
31,2017,1462,457,2.067,167300
33,1452,1274,278,3.6563,162700
34,3580,2786,636,4.0469,166800
33,1353,1079,237,4.5417,160300
31,2516,2194,497,3.2413,155500
36,2391,1967,398,4.0274,160700
35,2342,2176,416,3.7454,156900
35,1792,1441,306,3.7917,151100
33,2028,1727,371,2.8438,157600
36,931,746,201,3.1667,158000
36,1299,763,216,3.5179,161400
34,2050,1832,465,2.8333,155700
33,1560,1467,313,4.1429,159800
34,2547,2108,498,3.4722,154600
32,1507,1326,324,4.119,163300
28,1686,1355,388,2.5192,157300
35,2093,1755,403,3.4115,150400
35,1623,1462,312,3.9803,152600
33,1453,1609,319,3.7578,155800
35,804,727,179,2.7361,145700
35,1254,1092,268,4.6364,163100
36,1475,1149,284,3.0904,158600
35,1309,1113,253,4.375,156500
36,1044,982,205,4.7679,153900
35,1141,924,212,3.1591,148300
33,1458,1115,257,4.7955,158100
34,1381,1020,268,4.025,146900
32,1993,1385,380,3.7258,181900
34,1729,1341,324,3.7708,163500
36,1431,1367,334,3.5592,160200
34,1403,977,257,3.8409,163000
34,1519,1262,300,3.3409,161200
31,2349,2028,521,3.494,154500
33,1493,1571,354,3.8864,158900
27,2610,2296,750,2.274,150800
35,1499,1112,268,3.83,149000
35,1375,1015,239,4.0521,151800
33,1782,1517,376,3.3389,157900
23,3188,3883,840,2.1863,157600
33,1733,1757,375,4.2266,153800
27,5026,3899,930,3.871,162900
19,1129,900,228,3.875,135600
22,1919,1203,363,4.2578,144100
35,1341,898,216,4.1118,157300
32,1819,1728,375,3.975,162400
35,1469,1285,308,3.9219,159500
35,2160,1694,403,3.8581,163100
30,2246,1837,431,4.7917,164500
23,6361,4580,1109,4.9342,181000
30,1336,905,253,4.8854,178100
15,11989,6652,2081,4.5554,278300
33,629,253,75,7.6286,330400
15,8749,5278,1691,4.6324,168800
36,2241,1743,448,4.6587,161900
16,6756,4429,1299,4.7589,178200
21,5459,3394,1087,3.6308,192100
23,4535,3881,930,3.6275,154100
27,1702,2091,352,3.7917,131100
27,2383,2079,494,3.9702,141400
17,5973,4349,1229,3.2799,199300
15,14058,8997,2497,5.0704,226200
22,6269,5587,1251,3.8201,136200
35,3055,3738,615,3.375,127200
29,1468,1390,276,3.75,190600
33,349,460,83,2.375,133300
21,797,484,166,2.625,191100
18,8076,5325,1707,3.443,171900
36,116,193,35,3.8125,136300
32,265,170,50,3.9375,187500
22,3272,1784,591,4.0324,211300
21,2837,2031,555,4.9271,209700
37,682,813,173,3.8125,138000
30,4468,4027,938,3.185,168300
27,5640,3538,978,5.065,215400
25,6909,3912,1121,5.257,226100
32,2945,2044,652,3.1979,183900
33,3512,1971,598,4.4653,193200
27,2643,1344,381,5.7057,262100
26,2988,1371,415,6.6988,382500
21,5992,2647,969,5.2405,302400
33,3530,2959,679,3.7459,152900
33,2006,1410,346,3.7083,165500
28,1983,1407,367,3.8319,179000
22,5284,2613,932,4.7332,289900
22,3632,1968,566,6.019,324900
26,3343,1429,457,7.0778,334300
27,2275,1039,333,6.2217,333500
18,8399,3727,1107,6.9695,360400
34,2376,1858,449,4.1328,176300
33,5462,3527,914,4.4038,186700
34,2777,1954,522,4.5163,183800
10,16414,8907,2714,6.1552,362500
15,16042,7732,2552,5.6716,330400
18,6100,3112,982,4.9932,284000
15,3978,2418,665,5.0142,269900
24,1219,610,185,6.7978,325000
25,1075,451,132,6.8492,332200
25,1348,660,200,5.2852,297600
25,2799,1348,389,6.2517,311100
23,3335,1560,555,5.7268,300300
25,1259,599,170,5.7407,302200
16,19059,10988,3061,5.5469,265200
5,3088,1415,641,2.5125,184500
20,9893,7228,2159,3.253,186700
23,7353,4014,1124,5.4155,213200
52,1171,1126,276,1.9762,105800
52,62,44,16,0.4999,112500
4,1391,727,369,1.4722,137500
27,437,469,97,1.7206,107500
37,378,503,103,2.1908,94600
44,477,502,117,2.0156,112500
52,24,46,7,1.625,67500
33,859,421,138,4.4821,220100
17,7116,3538,1083,6.2654,273800
33,1620,868,275,5.411,219400
13,3859,2283,759,4.5594,184500
33,1943,1526,353,3.038,137500
27,2221,1328,523,2.5275,151700
33,1994,993,403,3.766,163900
9,907,619,194,3.9464,179600
15,3595,1839,877,2.6014,150300
33,1328,903,329,3.1094,136000
42,683,541,138,3.4375,151700
24,1596,1329,352,3.0417,148000
33,2038,1546,469,3.4777,144500
37,1447,1279,290,4.0083,142900
29,2110,1890,448,3.6806,130500
33,2474,1268,437,6.4576,500001
35,5005,2112,813,4.9968,295000
42,1020,398,157,6.101,311800
47,1745,753,275,5.532,318500
38,2981,1063,437,6.5254,365000
40,3838,1851,674,4.2407,262000
52,1354,531,206,4.8059,270600
48,3436,1540,648,4.275,256800
52,2234,986,439,3.9125,265500
44,2419,1045,432,3.875,280800
32,3868,1558,528,9.4667,500001
36,1640,693,253,6.6888,500001
43,1694,674,267,4.1797,486800
44,2267,980,372,3.6,307400
38,2726,1059,380,7.2419,410400
45,2535,1036,437,5.0482,388900
52,1885,764,373,4.0385,265700
37,3134,1220,508,5.2865,455400
38,1594,633,247,5.9582,350700
36,3908,1688,725,4.5625,376800
41,3320,1236,659,3.5694,278600
46,1467,816,267,3.6705,286500
34,2297,909,412,4.8214,362500
35,3585,1401,623,4.125,330000
36,1401,667,225,7.1615,484700
39,2731,1034,338,9.8098,500001
32,5131,1877,622,8.2004,500001
37,1980,697,226,15.0001,500001
39,2125,862,303,8.9728,500001
40,4307,1769,845,3.6341,391500
42,2461,1179,360,7.0315,437300
40,2662,1151,387,8.4889,500001
44,1446,721,243,4.7308,352200
22,3359,1227,588,4.645,276200
34,1523,676,295,3.3621,377200
35,249,268,29,15.0001,500001
23,3264,1475,668,3.735,218300
28,12139,5359,2731,3.292,227300
34,1077,478,199,2.6316,252800
32,3308,1803,667,3.9464,273600
31,4353,2338,1037,3.0727,242600
36,1332,648,203,4.7159,365900
33,2874,1239,431,5.2329,430900
34,1966,980,297,7.7307,429000
33,2352,995,359,4.9583,445700
37,2250,989,329,6.1536,366000
35,2454,1110,435,3.8029,414800
36,1471,751,230,5.4555,395100
38,1778,870,281,6.5784,408500
34,2837,1344,458,6.5722,437400
20,3350,1816,744,2.8352,161700
23,3425,2202,729,3.52,187300
31,6854,4131,1524,3.5878,222800
44,2492,1951,596,3.1304,185600
43,2583,1544,617,2.5417,178300
32,6597,3689,1459,3.2377,184100
27,6341,2899,1192,3.6336,235200
30,2346,1988,474,2.5625,153000
24,2584,1869,503,3.2841,167000
31,1298,1131,425,1.0548,178100
39,1302,800,291,3.2723,166900
35,1005,742,221,3.5481,158100
37,1568,1618,350,2.9605,129400
37,1527,1504,324,3.2857,130100
35,1040,1040,242,2.5395,139200
37,1340,928,333,3.9219,175000
42,870,546,164,4.625,173800
38,3374,1906,640,4.0729,212300
43,1185,657,198,4.5491,214800
32,1937,922,340,3.94,278400
32,1978,826,470,2.5114,212200
43,1858,1054,329,3.5625,211600
36,1722,794,322,4.2132,212200
36,1928,1008,368,4.733,233700
36,452,248,83,1.9688,226000
39,1504,718,261,4.625,219000
38,2301,1079,398,4.4236,233600
30,2773,1376,540,2.7857,201700
31,2647,1473,520,3.94,223900
32,2668,1512,541,2.9422,233100
38,2076,988,332,5.9175,416900
44,773,405,121,5,447100
37,1275,598,174,7.1885,500001
42,3677,1779,622,5.1509,426500
39,2485,1072,342,6.0878,430200
39,2522,1113,357,5.2249,445200
44,2007,921,307,6.5989,500001
30,2170,984,309,5.6916,500001
20,5218,2302,850,3.55,476700
25,3891,1848,759,3.6639,248100
34,2941,1660,576,4.5667,271500
35,2053,1044,375,4.1875,275400
48,1410,677,274,3.2596,272400
36,2178,914,412,2.7656,239500
39,2603,1196,487,3.0854,248700
39,2302,1590,406,4.8017,273800
36,1606,889,294,4.7931,272600
38,3229,1599,609,3.8646,257100
42,1576,697,282,4.3523,283600
43,1833,786,334,3.5761,256700
38,2438,1308,461,3.6995,260100
38,2317,1155,426,4.1488,235300
34,2597,1542,470,4.6211,248900
30,2143,1107,416,4.2321,252200
42,2065,1313,402,4.0179,274300
38,2036,1096,371,4.0625,262500
38,1960,874,308,4.8594,265900
36,1239,717,237,3.244,258100
40,1975,1116,378,4.2898,251600
40,1745,1293,357,2.5474,198100
35,1224,887,276,4.0987,202400
33,2557,1715,530,2.9196,208800
34,1823,1485,401,3.7222,207200
32,3214,2316,751,3.7066,206800
34,2001,1461,397,3.8304,183000
35,1148,975,253,4.037,173300
32,1339,817,349,2.8333,186000
23,602,409,123,3.5268,146400
32,1747,1199,402,3.4286,191800
29,2741,2449,677,3.6944,175200
24,2080,1976,478,2.6917,170000
29,1219,1152,323,2.8029,180900
32,1780,1732,454,2.4464,169600
34,2249,1544,441,3.4005,176300
29,3402,2331,690,3.6094,179200
27,2424,1713,557,3.8085,181400
35,2120,1375,405,3.4609,166300
29,2003,1520,364,3.994,195300
30,2281,1969,500,3.6531,166300
28,2769,2452,581,2.6071,175900
35,1852,1414,347,4.275,173600
32,1613,1283,404,3.1944,181700
23,1627,1279,289,4.6467,185100
31,2402,2830,603,2.3333,164200
37,775,726,183,3.25,159200
42,1597,1311,352,2.9688,162800
52,177,269,75,2.3611,131300
34,572,752,182,2.0433,138800
25,4909,4983,1293,2.7254,143500
30,1572,1857,428,2.4914,159200
37,778,850,198,2.5119,180500
34,1197,942,245,3.4202,189100
42,1988,1239,402,3.2569,201500
38,2462,1843,538,3.2312,211900
19,1554,1427,370,3.125,207100
37,1210,733,243,2.806,214600
32,4492,4119,1035,3.2373,183100
30,2308,3034,691,2.3929,184400
37,1091,905,242,3.1042,152000
36,1018,1307,292,2.1453,162100
39,1382,1090,308,3.8125,174000
39,2451,2536,648,2.3098,173100
22,6311,6666,1456,2.9334,182600
26,557,455,196,2.7721,155400
24,5684,6626,1481,2.2559,166800
21,3245,3528,887,2.3236,156300
31,1513,1396,364,2.4706,170600
24,2343,3537,824,2.1094,135200
27,2510,3481,726,2.4875,157800
31,957,1300,287,2.1383,153400
30,2019,2481,484,3.1875,154200
39,1258,988,228,3.2132,176100
32,2286,2991,655,2.1781,174500
45,531,722,166,2.1406,162500
25,1022,1570,297,3.023,142000
28,2127,3160,620,2.5763,173900
28,1778,2184,574,1.9189,165900
31,1370,1062,277,3.5156,199300
32,4089,3775,955,3.29,205500
34,2873,2758,699,2.5985,168600
32,1252,1337,263,2.6579,156800
36,1084,920,199,3.7279,162200
28,1516,1011,344,2.6288,160300
24,2469,3818,712,2.5445,151400
34,1058,1043,229,3.0536,137500
35,1734,1527,344,3,160600
32,1619,1492,342,3.5,165100
33,1348,1098,257,4.2917,161200
36,21,21,9,2.375,175000
26,2929,3792,817,2.2577,173800
34,1610,2050,508,2.5562,156300
36,1359,1557,370,2.7955,157500
36,1345,1511,309,3.5129,142300
31,1135,1717,368,2.1602,161700
28,991,1145,265,2.3611,167000
33,2464,2932,568,3.0625,165800
28,6175,5041,1408,2.8821,158100
34,3113,1139,418,10.2289,500001
34,4062,1525,566,7.8588,454800
36,2415,1215,413,5.5418,326100
35,2142,986,374,5.7051,326000
39,2321,880,339,7.7108,450000
50,1430,620,201,9.532,483300
52,2405,970,319,8.7835,444100
36,4915,1897,700,6.827,359400
46,2676,1022,395,6.4288,295500
48,2539,930,364,4.7269,303900
36,1449,621,210,6.1824,274100
45,1213,529,231,5.6629,234000
46,1271,573,210,4.9312,240200
43,1621,1015,329,2.92,242200
45,3595,1686,607,4.73,201000
39,2569,1282,432,5.0953,207400
37,1997,1037,363,3.7932,210300
52,1786,1018,322,4.1518,182100
46,1505,857,269,4.5,184200
34,2765,1422,438,5.4727,238900
48,1854,1126,382,3.2216,161600
47,1717,868,295,3.6094,160700
40,1840,1218,347,4.25,177900
43,1810,988,307,3.8203,176000
40,1983,853,271,5.9845,241700
32,10626,4353,1482,9.8413,500001
37,2260,941,303,8.3695,500001
44,1473,668,239,8.72,415900
41,2031,859,302,7.419,483700
41,1602,680,225,6.553,500001
40,1477,609,224,7.8375,500001
42,1493,665,224,6.7571,443900
41,1676,757,255,4.7734,450800
34,3296,1268,478,8.4802,500001
39,3008,1240,370,9.2463,500001
39,2686,1094,402,7.0059,500001
37,1376,618,226,5.9771,431800
35,3646,1409,534,6.3794,500001
44,2890,1219,429,6.987,500001
48,1371,528,155,15.0001,500001
34,2061,825,254,15.0001,500001
38,2176,798,243,15.0001,500001
43,4269,1467,582,9.0702,500001
34,5012,1699,715,9.4987,500001
46,2230,1985,456,2.2328,142100
46,2553,1740,492,2.0278,127500
44,1870,1345,391,1.8932,136100
48,568,559,135,2.4135,135700
52,1193,703,221,3.1741,163800
44,1401,607,271,2.8472,218800
42,1521,1118,311,3.3125,154900
42,2076,1641,436,2.2326,149200
44,2195,1377,417,3.5887,153500
38,1280,828,237,4.375,166700
45,1790,1035,312,4.0985,173100
42,2203,1012,377,4.0714,234000
47,3457,1700,579,3.5164,226500
49,1678,737,287,3.7222,237000
38,1750,1398,409,2.3967,163100
47,2168,902,361,5.894,300900
52,3571,1434,490,5.9009,376000
44,2357,891,337,6.3467,352700
52,3094,1309,488,6.4223,310900
46,1774,753,330,4.7241,279600
48,1111,421,202,3.2813,268100
50,3374,1484,569,4.99,261600
46,2837,1453,549,3.1115,234600
47,2344,1537,481,3.4777,230600
52,1464,603,226,5.8309,309100
37,2705,1551,608,2.2692,225000
52,1835,777,317,3.7159,315400
52,1784,966,345,3.6094,261500
52,1700,996,329,3.9688,175000
52,2667,1681,504,4.0524,173100
42,2757,2112,653,2.7148,166800
50,1493,1000,323,3.3068,154400
40,1054,1056,276,2.3,146700
45,2612,3117,584,2.3029,148800
18,1711,1474,415,1.2891,181300
38,2471,1661,441,2.2765,146600
44,1284,925,261,1.7321,178400
46,1508,674,255,3.5909,155400
43,1276,545,209,4.1518,230700
52,1576,696,249,6.07,261800
19,1721,571,278,6.6031,500001
17,821,229,164,7.3715,263000
39,2776,2546,773,2.575,153500
52,407,227,148,1.5156,187500
52,275,273,111,1.1667,500001
52,1925,2258,594,1.6921,162500
49,806,698,172,2.3654,137500
34,2384,2073,540,2.3062,158000
30,2598,2869,769,2.1377,142300
20,2410,2135,578,1.6887,148600
36,930,1024,300,1.0846,146400
49,1962,1329,457,3.2898,200000
36,2973,2846,784,2.6217,156300
52,2687,1716,544,2.7201,205700
36,2162,1337,590,2.2095,176700
24,1125,579,321,2.8125,141700
41,1256,855,383,1.9923,500001
17,1896,971,652,0.8438,175000
38,1843,1449,524,2.2174,215400
30,1762,940,398,2.8631,188600
33,2682,2050,692,2.4817,169500
18,1665,1095,390,2.6038,155600
19,557,673,212,2.1763,168800
22,1671,1005,443,3.0119,171400
9,2099,1252,554,3.1875,173100
28,1119,739,323,2.5903,125000
52,2948,1363,495,4.7098,287900
52,1872,984,364,4,250400
52,1596,1024,292,3.6719,227900
52,1787,1107,410,2.5664,215000
36,2875,1131,458,4.3083,269300
44,2795,1235,469,4.2386,283700
44,4505,2296,899,3.4811,300500
52,2166,1308,467,3.0417,222600
52,3158,1229,444,5.4223,325600
52,2489,1101,438,4.2065,320300
52,1353,852,306,3.4583,239900
40,1950,1038,438,2.6172,196100
26,2193,1186,559,3.6474,184100
35,1760,984,384,3.4167,198200
52,2218,1211,422,5.0237,241900
46,2863,1412,498,5.3272,330200
32,978,543,211,3.0096,199000
14,1442,782,343,2.7431,177500
42,3490,1713,620,4.5461,242400
46,271,150,55,2.2321,237500
52,670,268,110,3.5568,205000
49,1467,688,260,4.3452,260100
45,2199,942,353,5.0393,321100
39,1804,730,276,6.4761,397500
35,2459,970,437,4.2143,369400
45,1095,672,234,3.4087,209200
42,3200,1668,628,3.375,260400
28,238,142,31,0.4999,500001
45,2923,1903,560,3.1729,218700
52,1282,431,187,6.1159,470800
46,1238,377,145,8.4546,500001
35,1897,733,291,7.4185,500001
42,2690,1149,535,3.88,281100
40,3092,1457,536,5.3377,373800
45,1345,749,327,2.8007,210900
45,3066,1287,625,3.5804,324400
52,2401,810,308,6.0948,358700
26,6262,3001,1505,3.6572,213200
44,3298,1417,643,4.1324,434800
52,2337,981,328,5.8692,490400
25,3420,1718,947,3.1033,217900
39,2099,1500,380,4.8304,493200
23,5465,2511,1359,3.4531,210900
29,3559,1658,965,3.2643,163900
24,10239,4210,2565,3.6997,225000
17,3404,1694,949,2.9511,282300
27,1499,755,414,3.875,258300
45,543,454,181,2.3,55000
52,403,361,105,1.625,187500
27,1551,816,233,8.2435,500001
41,3039,973,446,7.4817,500001
45,2257,759,305,11.7894,500001
44,2734,1057,424,7.9213,477800
39,2902,1007,420,6.1953,363000
38,3039,1131,465,7.7116,360900
30,2763,1143,465,4.7298,500001
50,2443,947,451,4.7344,314700
36,4003,1337,631,7.723,500001
52,2826,924,365,7.9976,500001
46,3156,1109,423,10.7397,500001
16,3569,1505,783,4.9167,251100
49,4438,1650,741,5.1072,479700
34,824,430,213,3.6389,215000
52,2935,975,327,11.706,500001
48,2476,900,303,10.6767,500001
52,2954,1152,347,11.5609,500001
52,2907,956,279,15.0001,500001
52,2787,1057,364,10.2317,500001
52,2568,1102,345,9.1373,500001
52,2742,1153,414,8.1124,500001
44,1917,754,257,12.4237,500001
44,1745,693,248,9.7912,500001
45,2966,1231,409,7.8347,500001
49,3783,1601,539,6.3013,500001
50,1835,636,211,11.6471,500001
47,2234,749,260,15.0001,500001
39,788,413,139,5.9546,396700
41,1598,807,282,5.5067,325000
38,2638,1284,433,5.4536,342700
38,1713,779,286,5.6152,359900
27,3787,1992,853,3.301,251200
28,4465,2273,949,3.5671,228500
30,2201,1194,531,4.1136,279900
43,1554,802,277,4.2312,272600
34,2921,1541,562,3.6827,264100
27,1685,757,317,4.2434,270500
41,2869,1627,533,5.0736,270700
47,832,419,156,3.1576,225000
42,2628,1494,523,3.9464,257200
42,1969,927,354,5.5924,285300
32,2830,1500,527,3.0819,214600
36,2966,1231,482,4.6442,316800
45,1883,764,289,6.5078,414800
52,1788,792,294,3.75,280000
49,3367,1317,495,6.706,351400
50,2131,753,284,6.7099,352200
49,2812,1329,490,5.2503,292900
48,2124,785,319,5.2131,359600
49,2057,1103,414,4.0556,282600
34,2918,1435,568,4.2344,306300
19,2742,1396,703,2.5663,197500
21,3862,2773,1102,2.7816,188200
26,3050,2153,772,3.1103,214100
20,3447,2622,934,2.918,208700
45,1780,755,328,4.825,351100
24,4670,2478,1107,3.1975,252400
52,4061,2290,790,2.8919,258400
52,3367,1427,535,5.2292,444500
52,4325,1927,795,3.9485,419100
52,2375,930,351,7.4111,469100
52,1746,704,306,3.7895,364800
52,1000,363,158,4.2981,352800
36,6119,2719,1402,3.8427,319700
43,1810,742,429,3.8529,350000
52,1518,725,296,3.4018,204500
49,1789,848,311,6.0199,500000
38,2231,940,484,5.4165,435100
37,2246,995,459,4.2944,354700
39,2618,1314,532,3.5875,309300
39,3856,1847,830,3.4559,364900
31,5715,2639,1079,4.1661,364400
48,1091,632,234,3.7235,263600
39,1758,892,447,3.6406,278900
26,4971,2370,932,4.9676,381400
25,4444,1922,652,8.058,477300
27,4073,2411,933,3.108,231000
27,1935,1456,382,2.8062,192800
52,2203,1238,403,4.4306,225800
52,1722,1122,425,3.1204,224000
36,3514,2277,828,3.1211,229300
44,1053,941,256,3.125,205600
48,3697,2446,787,3.3988,199200
28,4164,2934,1014,2.7483,218800
38,1745,1547,460,2.85,219000
24,3988,2909,1034,2.7036,170000
30,1433,1110,346,2.3464,191700
24,2999,2937,796,2.9405,217800
52,695,523,170,3.665,220400
44,2012,1454,456,3.3229,226600
25,4870,3518,1296,3.2307,188400
42,700,662,210,3.0078,191700
42,2562,1936,687,2.2214,219000
40,1931,1367,446,2.575,228400
27,6010,3620,1445,2.7436,201700
41,1379,1249,309,2.6553,183100
36,1068,949,250,2.3462,188500
44,2352,1517,463,4.2833,258000
29,1937,1352,433,3.81,234600
20,3090,2109,738,3.3801,192500
34,2578,1628,617,2.34,210900
34,2253,1262,511,3.4375,259800
33,2178,1153,400,3.6083,212000
28,676,543,185,3.2361,187500
32,4275,2812,1012,3.3512,214100
36,2679,1605,533,3.5313,213200
40,1904,1183,364,3.6696,210400
38,1889,1330,396,3.9219,205200
43,1716,1343,386,2.9688,211400
40,855,745,222,3.0125,224000
34,1513,986,336,2.6901,235600
33,1430,1165,328,3.0357,206000
42,1003,769,231,3.1607,218300
42,1460,829,273,4.875,227300
37,2894,1977,636,2.543,208100
24,4510,3985,1240,2.6884,204600
46,2822,1434,520,3.8906,238300
42,3172,1829,642,3.3966,243200
30,2350,945,467,3.3421,201000
45,1106,779,205,4.5446,244800
46,1130,698,209,5.2719,244400
25,3603,2719,913,2.6981,208000
52,1437,980,282,5.3032,245700
49,1782,1010,367,3.1583,268200
34,3848,2814,972,2.6716,227100
35,2248,1762,622,3,253900
35,2517,1883,607,2.5787,223000
36,2433,1565,563,3.2344,234900
32,1880,1404,424,3.085,220500
45,1770,1410,389,3.0592,212500
43,1050,820,244,2.025,215600
23,1190,965,327,2.2261,211800
17,1714,1590,568,1.1875,183900
20,2130,1870,578,2.3664,192200
17,5137,4945,1535,2.4599,181600
19,3215,3072,870,2.3393,202300
18,2609,2221,703,2.3224,192300
42,1036,656,215,4.1902,235000
39,2390,1246,422,3.7857,245700
37,1339,706,238,4.7569,253800
52,1983,887,331,3.2875,234400
44,1626,1063,334,2.4348,220700
47,2994,1651,561,3.8644,241500
42,3836,2118,754,3.6364,254600
40,1072,940,200,3.125,242700
28,3855,2517,874,3.505,204300
25,4284,2163,701,6.1509,315100
27,1675,785,275,5.828,301100
25,5478,3062,1096,3.4118,341100
31,3362,1939,754,3.5089,305800
33,3287,1783,653,3.8472,293300
30,1692,1130,365,2.8672,198500
27,5257,3496,1036,3.3906,237200
35,3229,1879,595,3.9531,268400
39,1880,954,349,3.875,236400
35,1729,1308,412,2.5321,197200
25,1137,800,281,2.4286,233300
25,1526,1304,378,3.1892,214700
32,1273,1148,368,2.1061,214700
16,2416,1750,514,2.8229,163700
14,2628,2208,574,2.9764,160300
45,593,481,128,2.5938,199300
38,1036,1058,235,3.2578,184200
21,1349,1188,330,2.5,182100
29,1179,1255,308,2.5964,176800
39,1270,1073,278,3.3088,186600
36,1240,1383,338,2.4931,170300
36,3661,3816,931,2.5104,185000
26,794,709,170,3.175,170800
33,3437,3817,1042,2.25,203700
45,726,568,160,3.0347,183200
31,1054,1032,258,2.3424,188500
30,1980,2264,511,2.6094,179400
38,3230,3485,827,2.629,171600
20,5841,3273,1131,4.7222,185100
31,1146,1163,258,2.2083,185600
31,2852,3100,725,2.9524,178800
36,1463,1492,366,3.25,179200
30,1547,1700,410,2.5488,187500
22,1764,1379,363,3.5357,199000
31,3559,2975,715,3.756,183300
26,1495,1296,304,2.913,152300
18,5580,3842,1276,3.6512,168500
24,1543,824,271,6.4385,272600
23,3436,1729,529,5.9941,266700
28,3913,2264,697,5.2446,258000
32,3775,2416,792,3.6625,247600
35,1038,598,190,5.9214,254900
36,1938,1118,374,3.5833,227300
40,1444,881,303,3.1083,220500
38,1447,1042,284,4.1375,211500
33,818,664,198,2.1944,203300
43,1949,1216,457,3.3214,209300
40,1966,1120,362,3.7109,198800
37,1129,509,202,2.6146,243200
36,1493,989,293,3.5272,213700
42,2205,1392,423,4.3646,211400
34,2103,1355,434,4.5795,235300
35,1064,608,201,4.0938,246900
31,3600,1382,435,7.4597,500001
29,4943,1913,641,6.8189,379300
33,1113,424,137,8.3474,500001
30,4873,1995,638,7.2472,441900
35,4055,1758,639,6.1898,282400
36,4297,2038,700,5.2851,258800
30,2217,851,291,10.4835,498600
35,1431,505,213,6.8109,401000
35,1755,774,290,5.0861,296700
37,2414,878,305,9.1541,453800
18,4078,1490,482,10.8034,500001
31,40,25,7,2.125,375000
10,6531,2975,1018,6.2319,403700
25,3548,2653,664,5.2557,188800
34,1962,1488,332,3.9091,155100
38,2245,1540,419,3.7986,171000
36,1391,1025,275,3.2375,176800
32,1973,1322,386,3.4861,158100
42,1392,1471,348,2.63,143800
35,1188,1373,332,2.9107,150900
34,1914,2122,529,2.5969,150200
14,3789,2551,793,2.9321,144200
33,1091,890,226,2.7679,176400
36,1248,1282,326,3.2031,147600
36,1465,1538,342,3.5469,150600
42,897,1094,238,2.0729,114100
31,1108,1151,229,4.3333,149500
36,1722,1174,335,3.045,160600
35,1580,1290,338,4.1458,162500
34,1369,1005,272,3.692,172600
36,1529,1271,287,3.6875,175200
35,1326,933,267,3.4306,162500
31,965,599,206,2.7202,190300
36,1492,1041,270,4.0677,165800
39,1042,863,228,3.6033,157800
37,1270,1092,274,3.5,160700
35,2787,1923,614,3.5757,177900
38,1683,1369,339,3.6196,170700
37,1419,1125,296,2.5,162000
36,2024,2028,573,2.8152,163900
32,1165,997,361,0.9817,166300
35,1625,1134,288,4.5595,164900
41,1204,1002,248,3.0577,163300
39,552,807,168,3.25,153300
40,1723,1221,370,3.3562,169200
40,1410,932,273,4.2206,178000
42,1342,615,208,5.4381,186900
50,1146,579,213,2.9583,172600
38,1862,975,305,4.7266,177600
34,5002,2597,893,3.9243,219800
37,2976,2117,598,4.1058,167300
42,2480,1085,438,5.193,263400
36,3531,1613,697,3.2359,198600
38,1619,886,357,3.7328,182400
38,862,484,176,4.375,186200
47,1588,827,292,3.7833,166100
46,1203,637,211,3.3611,174400
45,1471,670,250,4.5478,188000
50,1951,1362,454,3,163200
41,1406,1174,390,2.0147,137500
41,1694,1222,387,2.8311,155300
30,5308,2114,838,5.1985,279200
52,2792,1177,439,3.4312,243800
46,1974,880,441,2.7578,236800
43,2446,1699,692,2.625,163300
28,1617,1158,486,1.9688,165600
25,3040,1580,735,2.3182,182100
47,2530,1262,509,3.6475,197100
23,1995,707,293,8.6677,332700
32,2468,1190,479,3.8275,238500
34,1903,887,306,6.148,313800
36,1451,608,246,6.0648,290800
30,6540,3124,953,6.0663,372600
36,1805,882,308,5.3054,273500
36,2002,913,311,4.5446,244700
36,2071,988,404,4.6226,219700
36,1601,715,284,4.8152,232400
39,1996,1029,387,4.65,224300
39,2126,1103,433,3.2852,196200
36,2149,1359,481,2.824,167900
29,2376,1968,680,2.6082,162500
25,2945,2313,832,2.5686,177500
22,2185,1644,606,2.593,192000
38,2139,1138,412,4.2917,168900
36,1681,964,311,4.108,181200
37,1745,1022,368,4.0536,171400
37,1180,614,242,3.117,164600
34,1882,1034,375,3.6509,173200
37,1772,934,326,4.1471,177800
36,2722,1390,486,3.8214,178500
37,1948,1163,379,3.225,154000
42,1430,1269,321,3.3214,148800
37,2622,2778,644,2.9714,160300
34,1759,1282,391,3.0491,158200
34,2142,1305,406,4.0379,172800
36,2854,2816,673,3.6,154000
37,1645,1077,320,4.3203,159200
32,3304,2032,690,3.2093,167800
41,1478,916,281,3.9688,169800
39,1639,988,309,3.9612,175800
36,1887,1006,329,3.1554,170700
38,1026,789,193,4.2,163200
32,3400,3017,793,2.4607,155600
30,928,913,214,2.6991,147100
36,1265,1052,253,4.8929,156200
36,1620,1258,309,3.9773,166700
35,825,590,144,4.6333,161200
36,1678,1380,352,3.5481,163300
39,936,691,211,3.6875,169500
39,1473,1108,294,4.1389,166000
35,2664,2033,491,3.7326,164300
35,2426,2010,514,2.9922,163500
34,1357,1042,287,3.4083,156700
37,1226,1068,271,3.1607,172200
33,1927,1623,479,3.5268,152000
33,2125,1672,476,3.6397,166600
36,446,410,117,3.3942,147200
36,3271,2593,616,3.3621,169700
36,1116,719,233,3.425,163200
36,1991,1306,403,4.5,166600
38,1657,1195,309,4.1711,160100
36,1184,946,232,4.0357,162500
20,1878,1461,516,2.9821,142500
36,2013,1476,475,3.9549,192100
40,1743,981,291,3.6667,173100
32,1962,1274,398,4.8304,160600
37,1743,1328,354,3.0944,162800
35,2104,1659,387,4.0096,165000
34,1431,1162,288,4.369,165400
20,1911,1407,465,2.7647,163000
32,1083,737,218,3.5583,170800
36,2762,1576,493,4.0846,183400
36,1585,1205,343,4.5306,183400
33,1976,1379,395,3.8542,175400
21,3933,2219,820,2.4926,171400
35,1945,1227,359,5.2162,171900
31,3808,2430,660,4.625,173900
36,1976,1236,355,4.615,174000
33,1954,1600,376,3.6125,170800
34,495,527,130,1.9453,149000
36,1045,1165,230,3.1979,161800
31,894,883,190,3.6771,141500
35,2107,2241,443,3.1513,150000
33,1999,2170,466,3.2371,154700
22,3382,2688,784,3.875,164700
35,2075,1312,396,3.7969,164800
30,1414,1307,315,3,158300
35,2108,1243,394,3.6731,167000
35,1805,1505,366,4.1667,151900
34,1995,1573,407,3.4907,153500
36,1726,1293,310,4.3849,144100
35,2469,2151,537,3.4219,156200
35,2400,1218,408,4.1312,193800
35,2470,1386,411,5.2736,179500
37,1699,889,271,4.3542,179800
30,2572,1564,501,3.4861,177200
37,1328,1115,275,4.2051,164400
34,1748,917,378,3.4792,169000
36,1579,816,276,4.4318,181100
36,1705,871,296,4.6184,179800
36,1632,797,283,4.2292,179500
37,1165,627,221,4.6923,181000
33,2382,1339,389,5.3016,192200
23,4815,3232,1016,3.488,191800
35,2085,1112,391,3.4886,173900
32,2562,1222,446,4.0985,226200
27,3142,1520,503,6.2924,232500
33,2299,1049,447,3.6458,208100
34,1519,758,304,4.3125,214000
30,2395,1214,521,3.7045,212300
35,2603,1305,507,3.9543,214400
36,2911,1395,486,5.1738,203700
36,1921,969,327,4.9191,188700
35,1323,807,247,4.2708,174800
31,3395,1886,737,4.4118,174400
33,4711,2984,931,3.6028,184700
36,1287,779,229,4.8523,175800
35,1288,758,250,4.9205,173900
34,2424,1293,444,3.275,189900
35,802,445,150,5.0077,185000
37,903,444,158,3.75,174400
34,4039,2269,663,5.2305,205100
35,1606,829,273,5.273,187600
34,1478,956,277,5.5238,185300
26,2830,1204,404,6.1273,289600
19,5166,2374,753,5.979,285200
27,3708,1921,721,4.375,210400
24,4534,2547,895,3.9575,215400
27,3700,1793,552,5.3668,219800
27,5805,3106,1144,4.061,222700
16,10621,3836,1480,5.0923,257200
33,2161,1235,383,5.6454,202800
30,1677,1021,332,3.5859,199700
35,1065,574,171,5.0384,200800
34,1932,1053,316,5.1377,213300
35,1758,972,338,4.3831,209800
35,1942,1127,325,4.5144,206300
26,2968,1655,628,4.6094,201000
34,1653,1003,310,4.6,203400
33,2046,1018,320,4.2292,212800
35,1011,578,171,3.9861,188700
36,2417,1276,426,5.5601,205200
34,2678,1540,497,4.4954,202900
36,1589,804,272,4.6354,202900
36,1375,670,221,5.0839,198200
34,2169,1169,406,3.2222,218700
32,2722,2541,462,4.2305,221400
36,1382,685,255,5.125,211700
35,2182,1248,399,5.4236,216700
34,1636,977,357,3.5938,209900
35,1434,744,252,3.7308,202400
35,1337,692,235,5.1155,213700
34,2518,1309,421,4.7861,210700
32,4040,2526,798,3.2143,160100
35,2323,1741,398,4.2437,164100
36,1143,826,188,5.3184,171100
36,15,15,6,0.4999,162500
27,3797,2043,614,5.5,276800
28,1984,1099,343,4.5526,250200
33,4853,2855,1006,3.2622,208600
33,1143,508,174,4.9107,279900
17,9559,5279,1844,5.1515,318900
25,2655,1466,525,3.0529,265800
20,2595,1751,479,5.6112,308000
29,2077,2087,543,2.66,189200
23,1724,1336,542,1.3365,183300
42,1436,1005,298,3.4297,195800
37,1022,653,238,3.0625,189400
40,1727,932,313,3.95,210200
43,1539,1122,377,2.4605,196000
36,1595,1105,359,2.4286,205600
32,1789,1429,517,1.8906,224500
31,4267,3176,1071,3.0212,208200
38,1243,788,286,2.5852,185100
40,2988,2144,667,2.3359,189300
41,734,565,191,2.2813,192000
43,396,261,73,2.9044,172900
45,1307,967,254,2.75,178300
44,2003,1291,392,4.0625,201100
42,2203,1470,488,2.8385,192200
45,1569,1203,359,2.4612,180500
43,2172,2386,597,2.8239,150600
43,2006,1687,463,1.7991,158800
41,1377,1142,272,3.1724,141600
44,603,588,218,2.0536,186400
42,1481,1206,394,2.6806,189300
39,1099,787,269,3.7794,194600
44,647,457,143,3.6875,162500
45,332,302,60,3.1895,156300
22,2991,2486,754,1.5078,181900
38,1076,1535,323,2.7026,145000
11,852,806,202,1.3971,134400
31,1014,1064,247,2.4167,125500
38,385,402,95,1.625,129700
46,705,655,149,3.5938,141100
36,871,2862,181,2.1845,123800
35,1256,2990,302,3.1528,121800
41,389,455,107,2.7031,109200
44,1856,1853,452,2.5033,131900
43,464,416,120,2.475,142600
33,278,266,56,0.8941,98200
37,1715,2052,440,2.3125,116100
45,934,893,192,2.53,140300
52,1070,925,220,1.825,133000
42,1291,1535,332,1.9083,119200
35,1296,1423,276,2.7432,135200
47,1273,1193,260,2.4375,122900
38,3272,3299,726,2.8295,126500
41,762,817,176,3.75,123100
41,616,814,180,3.3333,115100
36,1807,2118,669,1.55,129000
44,1079,1249,249,3.0417,141700
34,1011,1164,262,2.8542,146900
39,1074,1613,308,2.3015,131700
29,855,785,169,2.6964,122200
44,691,613,142,1.9667,133900
39,563,682,137,2.75,150000
39,609,690,134,2.9167,145800
43,908,1005,224,1.75,134000
45,911,1005,229,2.8167,114000
39,962,999,221,3.375,126000
45,733,715,165,2.5962,124100
42,1670,1997,452,2.788,150500
26,859,835,232,1.1929,143800
27,1346,1177,295,1.7995,153400
40,1279,1438,329,2.1774,157600
43,1682,1706,409,2.1029,153300
31,525,627,145,2.6964,125000
37,2115,2842,572,2.239,121300
42,2250,2588,609,1.9719,134200
40,2631,2920,677,2.0764,145600
45,1535,1820,419,1.7801,142800
36,1138,1484,320,2.2813,150700
37,2631,3228,701,2.15,132200
40,474,546,121,2.3438,137500
35,661,720,143,2.8977,142500
34,1478,1735,348,1.8875,136700
33,832,987,220,3.0972,125000
43,887,965,217,2.625,133900
42,1845,2191,492,2.3462,127300
41,2099,2325,528,2.1979,140800
43,1636,1855,502,2.2902,152400
42,882,1248,281,2.761,120000
44,1629,1893,387,2.2991,137500
41,676,851,199,2.3077,140600
34,760,968,202,1.7813,145000
39,759,883,226,2.125,143800
33,346,488,107,1.8681,112500
45,894,925,222,2.6042,145000
40,2201,2682,595,2.359,143400
35,1734,2053,508,2.1442,149200
41,1256,1511,381,1.7981,166000
47,1055,1303,302,2.6964,138800
42,946,1191,261,2.45,132000
34,1474,1962,501,1.8715,139600
42,2729,3004,722,2.3438,154300
37,2344,2195,610,2.7022,151900
42,814,773,208,2.5313,156900
37,690,952,255,1.6354,158900
40,1552,1919,427,2.2596,137500
44,1218,1175,342,1.9688,173900
44,1715,1740,423,2.7019,153300
40,1912,2077,500,2.6,180600
36,984,1024,284,2.125,153500
42,1007,1060,268,3.0179,153700
42,1384,1825,455,1.4178,145500
46,1746,1296,392,2.3929,156800
42,1973,1841,502,2.5326,156500
45,1179,736,252,2.7083,161800
40,2412,2119,600,2.075,151100
43,782,827,223,3.1538,154300
41,815,775,231,2.2847,190000
31,3281,2385,733,2.7308,173800
40,1417,1068,331,2.4259,164600
33,1956,1472,464,1.9867,166300
32,2122,1929,539,2.7311,169300
24,2403,2103,547,2.7292,193800
38,2573,1568,459,3.0208,193700
33,2886,2650,728,2.625,178700
22,1141,1189,321,2.2042,162500
27,2316,2012,544,2.8155,176800
26,2296,1777,507,2.5395,191000
44,932,717,180,3.6875,178100
24,1705,2037,459,2.4219,137500
36,702,834,216,2.25,162500
17,3361,3264,914,2.2813,145600
32,3218,2368,730,3.1406,175300
37,1341,1233,306,3.6583,150500
30,1228,1603,323,3.0225,130800
36,931,732,235,1.7679,142800
36,1657,1689,418,2.7799,149300
39,322,319,90,2.6364,148800
39,47,51,23,3.2188,112500
35,167,267,55,1.5227,350000
37,378,714,156,2.1912,112500
24,1402,1976,466,2.6964,163200
6,1499,1754,447,4.3164,143200
4,1849,1529,418,2.7708,186300
34,2283,3032,832,2.4387,175000
27,1095,1300,318,2.6548,123200
15,1011,899,219,2.7045,190600
25,986,1439,251,2.39,183300
5,706,839,199,4.5208,165000
30,2562,3909,955,1.9929,150600
28,312,498,87,2.4107,96400
30,861,1062,231,1.75,115400
33,885,1270,282,2.1615,118800
41,2215,2054,480,1.5272,100300
41,1486,2312,541,1.3963,92900
47,617,754,144,2.2969,116700
44,1087,1441,310,1.6667,112500
40,1867,2223,609,1.7207,105100
37,1045,1666,337,1.7929,97200
39,1553,2271,437,1.7378,121900
37,1503,1886,401,2.5637,125000
37,1196,1622,327,2.125,108900
45,972,1288,261,2.2054,125000
45,173,230,57,3.0724,110700
30,1971,2650,605,2.0357,169900
42,626,625,156,3.125,166300
32,2643,2784,711,2.5352,184400
36,1514,1496,448,2.1044,148200
18,1781,1913,702,1.2059,255000
34,2225,2980,736,1.6685,128800
35,1366,2160,497,2.2059,150000
38,867,950,235,1.8929,163100
35,1863,2274,510,2.1005,171300
39,1315,1257,298,3.2788,169000
37,788,883,221,2.6818,164600
35,1705,2212,539,2.325,161500
35,1705,2252,508,2.3421,154200
33,1134,1615,354,2.1468,141700
38,1212,1129,263,2.6673,142300
40,1547,1930,427,3.3869,157300
40,973,1257,258,2.8214,158000
42,1429,1537,389,3.0114,157500
37,2073,2544,598,2.9054,156300
35,1608,2140,488,3.1979,154700
30,1474,1844,464,2.551,160000
35,1172,1741,408,2.4596,154700
34,1022,1058,275,2.6042,156700
36,1273,1398,353,2.4516,147800
31,1186,2087,409,1.9132,154600
43,1091,1418,316,2.1522,159400
33,151,380,83,1.4224,189600
30,1790,1827,520,1.7562,181300
34,2700,2815,767,2.4196,178400
36,4179,4582,1196,2.0087,172100
32,1403,1506,375,2,172700
30,2369,3259,770,2.1964,158500
30,1911,2055,534,2.3917,154600
36,988,1508,351,2.4375,154800
38,1010,1157,301,1.6341,161800
27,1871,2542,581,2.8427,164400
24,1880,2646,605,2.1836,162000
30,1735,2237,545,2.3444,156100
35,1230,1512,364,2.152,170800
41,428,585,139,3.1786,132100
31,3388,3558,957,2.4049,159000
33,2410,2106,593,2.2422,168200
36,627,834,175,2.9844,163600
41,756,873,212,2.7321,156000
36,903,1068,251,3.0398,165400
30,2887,2806,830,2.2122,169400
34,3214,3086,808,2.0057,189400
40,1698,1280,405,2.625,206300
38,1477,1514,408,2.5703,178600
37,1184,1320,276,2.3,165600
32,1174,1758,361,2.4263,158100
33,1903,1882,435,2.4071,170500
23,1516,1977,435,2.3068,157800
30,2419,3208,719,2.1743,176000
29,1846,2576,528,2.63,156000
31,1161,1175,282,3.0114,177000
38,590,620,132,2.1731,143800
32,927,970,248,2.1591,181500
31,2064,2461,573,2.0524,160800
36,1407,1763,350,2.6364,150000
33,1196,1448,320,2.9375,162500
39,1444,1890,416,2.1181,176600
32,1347,1756,438,1.9464,190600
31,1363,1897,364,2.3929,191100
13,221,286,64,1.9063,175000
31,1236,1486,337,3.0938,155400
33,1201,1482,334,2.4821,150000
33,1471,2272,482,2.5385,160900
25,2249,2621,628,2.3,164200
24,1635,2480,481,2.4432,187500
25,3297,5027,1041,2.2817,164200
29,2913,3803,740,2.5556,146500
20,427,402,105,1.4167,137500
28,3507,3740,970,2.0162,142000
26,6895,8551,1808,2.3175,154500
27,2911,3559,945,1.9485,146300
28,2474,2830,694,2.754,166200
43,825,820,184,1.8897,174300
44,3114,2959,776,3.1875,171700
38,2090,1871,504,2.4688,169000
49,1409,1268,317,3.9408,170600
43,1751,1558,379,3.0313,166100
52,4220,3731,892,3.1901,167600
43,381,259,60,3.0313,166100
47,1147,1097,307,2.6384,162900
44,2748,2962,703,2.6951,169300
44,3186,3913,842,3.0143,148200
47,1688,1663,381,4.0609,171300
47,1058,1097,274,2.881,183300
47,932,1226,264,1.6065,111400
38,1657,2033,443,2.1429,118500
43,1357,1657,331,2.0819,111800
41,1182,1644,346,2.1473,115100
37,1053,1354,292,2.5833,112500
32,879,1057,230,1.6776,114800
36,1026,1316,268,1.7708,102600
39,1346,1520,356,1.1635,108700
43,1735,2288,524,1.9119,98800
37,1212,1403,279,2.5536,117200
30,859,912,191,1.9041,105100
37,794,814,213,2.2917,112000
43,1876,1571,458,2.0323,112500
38,1231,1217,354,1.8661,106600
34,1724,1876,416,2.1078,100600
48,1052,793,216,1.6585,92900
42,1326,918,258,2.3864,98800
43,2015,1543,399,1.8672,98100
48,1766,1655,420,0.9751,95500
41,1576,1252,302,1.9798,98100
39,405,686,164,1.695,94800
36,1062,1136,273,1.6597,109100
44,1338,1765,388,1.7778,109900
39,643,821,191,2.5729,97300
34,946,1101,239,1.7396,105900
37,1602,1553,342,2.0655,93400
42,705,739,140,0.9166,99000
27,504,789,167,0.9518,91400
39,2050,1959,485,2.1389,168900
39,2265,2323,599,2.1522,155300
32,2232,2361,608,2.5966,170900
36,1542,1711,468,1.9028,164200
35,1437,2113,484,2.6179,158800
42,1380,1290,288,2.8,161800
38,1889,2087,559,1.7778,154000
36,1679,2249,487,2.8167,160400
42,3896,4496,993,3.153,150900
42,1977,2406,557,2.5913,151600
43,1683,2190,494,2.2391,152800
42,1046,1218,289,2.6538,143400
42,1115,1412,325,3.0903,153500
38,788,1155,208,3.3542,153800
41,928,1108,236,3.4323,144600
44,2144,1760,452,2.3221,161600
43,1233,1190,282,2.8371,161300
41,1512,1690,367,3.055,167000
37,2127,2021,480,2.9773,164600
43,1686,1590,474,2.3241,159300
48,284,422,119,1.2826,145500
43,1500,1726,440,1.8641,165100
35,1924,2101,541,2.4267,151500
41,679,788,185,2.1406,165300
32,1116,1265,302,2.295,155200
35,2134,2248,587,2.2988,153400
35,2129,2376,618,2.0372,160800
42,618,680,179,3.3472,154200
45,1818,1705,373,4.0441,157500
40,2227,2244,580,2.4459,143800
41,1807,1628,443,2.84,156100
44,1436,850,269,3.2768,179100
45,1871,1315,382,3.3661,160800
45,1403,1111,311,3.3846,168100
41,1368,1244,312,3.0833,164800
42,1651,1559,436,2.3882,148100
44,1413,1200,307,3.5125,169300
45,1570,1321,300,3.7361,171800
43,1934,1895,493,2.5029,159700
40,979,934,292,2.6354,151800
42,2309,2609,673,2.7206,162100
32,2210,1270,484,4.7708,178600
35,757,474,132,3.7361,179800
44,1337,968,240,3.4688,183600
39,2121,1991,528,2.9094,152200
42,2608,2062,616,3.5341,167500
43,2724,2340,570,2.7,165000
17,1145,499,202,4.6389,165500
23,1991,1380,535,1.9107,181900
36,2447,1532,498,4.3667,171800
43,2099,1276,387,3.1528,166800
44,1368,899,271,3.5938,161300
41,1806,1146,374,2.9643,162200
39,1157,877,305,3.1087,171000
32,2035,2282,480,3.2734,136400
29,749,708,196,2.4583,136900
36,1356,1469,300,2.0785,139800
31,1516,1820,398,2.1641,122900
35,952,949,261,2.4297,147200
40,1334,1226,278,3.4712,144300
42,1829,1614,377,3.1912,146400
40,1929,1780,419,3.4402,149400
44,1613,1227,342,3.1667,145700
43,2339,1732,449,3.0987,139400
42,1411,1432,322,3.0871,138800
38,1626,1280,295,3.5313,146500
34,892,1443,341,2.1903,162500
34,710,1134,233,2.7734,141100
30,2831,3649,883,1.9668,152100
36,2210,2341,553,2.1715,131100
33,2739,3423,741,2.2847,132700
41,857,934,227,2.6339,145700
36,1191,1193,295,2.5185,138800
36,1337,1769,393,2.6953,121000
39,354,184,58,2.7679,108900
39,1921,2286,470,3.0167,130000
40,930,1203,244,2.5938,115400
23,545,610,126,1.4861,95100
30,1147,1219,210,2.0658,93200
30,443,903,189,2.1964,125000
41,619,636,145,2.5083,118100
37,1705,1839,410,2.5833,132700
35,1669,1870,412,3.0417,117300
28,2949,4551,930,1.9026,131900
43,1195,1251,262,3.4539,125000
37,239,308,52,1.4028,105400
35,1149,909,214,1.7411,96700
32,2698,1953,613,1.2222,107200
19,325,354,87,2.75,90600
42,328,605,87,2.4464,97400
44,1079,601,182,2.2411,106400
38,180,246,56,2.85,90000
27,581,647,131,3.2917,83100
42,763,754,174,2.0486,101800
46,723,411,165,2.0893,96500
44,1737,1184,343,2.5363,95900
44,1137,747,225,2,92600
42,3320,2105,632,1.9809,104600
44,892,440,159,2.8859,120800
34,1178,1166,244,1.9185,93300
35,1818,1444,372,2.745,106800
39,1472,1036,318,3,110000
37,742,729,144,3.055,105400
42,1786,1318,373,2.625,101100
37,3018,1720,512,2.7269,124100
32,2238,1292,467,1.1705,110600
32,1969,1349,370,4.4659,138100
21,6108,3244,1113,4.2768,181400
42,1386,1163,319,2.4271,89500
38,1566,981,318,4.0234,111900
22,894,754,222,2.0096,110700
36,949,502,163,4.1042,124400
36,1950,1125,374,3.1111,119300
36,1135,614,227,2.5521,113100
35,1479,963,292,3.4917,109500
39,935,711,193,2.4375,101900
33,954,655,218,2.5882,92800
39,967,903,256,1.9038,93100
40,972,761,225,1.4688,88200
38,745,721,160,1.875,102900
36,1446,1286,314,2.7083,103600
37,1607,1526,375,1.7158,94300
40,1772,1122,324,3.2768,96100
32,1735,1699,386,1.1793,103800
34,661,742,143,2.1734,88200
33,677,984,174,2.5893,88900
34,789,1041,191,3.119,90300
27,1694,1890,373,3.0341,89100
32,1263,1789,346,1.9957,89300
31,571,841,158,2.6154,89200
34,1060,1215,250,2.0804,84700
24,1555,1665,361,1.6437,98800
23,926,1856,408,2.1366,100000
24,1545,1807,388,2.6429,105300
26,2422,2601,583,1.7824,110200
38,796,679,167,3.6607,110400
28,1847,2263,473,1.5161,103200
26,1000,1178,263,2.12,105000
35,2420,2010,540,2.0817,104600
41,941,973,253,1.9583,102300
35,1649,1786,388,1.4091,105600
30,1007,1112,238,1.7262,115600
36,414,477,130,3.6719,130400
45,1283,1025,248,3.2798,141200
39,1050,895,207,3.1538,155600
37,1073,1197,250,2.7109,133000
41,1722,1432,326,3.2976,151200
36,602,645,145,3.1964,115400
41,1260,1535,322,3.0134,128100
36,1138,878,224,2.0625,134400
43,1531,1509,376,2.6354,128100
33,915,826,212,2.7708,117400
35,915,1153,252,3.305,115800
35,2695,2935,706,2.0134,132400
43,1381,1494,298,3.5878,118400
33,1435,1298,299,2.7813,105100
36,2283,1836,462,2.8793,118100
36,1073,1385,288,2.3214,104800
32,2762,2677,632,2.5719,105600
36,2326,2073,494,1.9952,112900
31,886,1154,247,2.1071,99500
32,1696,1639,376,2.0357,107300
37,2394,2499,551,2.5321,105100
34,1552,2093,413,2.2125,103200
38,4018,3702,927,2.9293,113600
40,2538,2170,541,2.7212,107900
42,1254,929,235,4.3646,116200
39,1565,1389,360,2.7443,113900
42,1739,1104,297,2.2125,120700
43,1810,1335,358,3.1189,118800
45,1211,1128,261,3.4792,110700
38,929,686,183,3.4485,119400
29,1976,1254,371,2.1782,126800
26,266,252,59,2.1211,138100
41,990,776,207,2.125,120200
37,797,485,166,2.7434,95200
36,873,1086,217,2.25,126600
16,5003,4145,1159,2.1389,133400
34,1479,1166,322,2.6165,100900
27,500,732,162,2.7426,103100
22,312,583,119,1.9423,98400
40,1802,2096,468,2.3542,97900
31,2143,2276,519,1.8095,100800
34,2462,2334,502,1.641,96800
28,1108,1498,289,2.4706,88800
45,1285,840,211,3.4107,112500
38,2055,1518,425,2.3382,103000
35,1079,1055,243,2.375,93600
39,642,475,123,1.2083,92600
37,2119,1372,406,1.9605,106200
40,1308,901,257,2.8269,98000
38,1201,733,206,3.3804,105800
35,1582,1957,404,2.4537,91500
32,1132,1211,279,2.1838,98300
41,1476,1086,278,2.4632,111700
36,406,268,77,3.9,115800
34,1367,1183,286,2.6812,104100
36,2230,1395,381,2.8493,109600
36,923,603,191,3.5687,120700
37,1843,1207,351,2.4821,111000
37,1027,1042,254,2.2121,98600
37,1042,699,196,2.9643,103200
36,1527,1154,279,3.3095,105500
39,1756,1055,322,3.2375,105200
40,519,330,95,3.0972,108500
36,1212,775,224,5.5591,136500
37,1149,1016,250,2.125,101900
35,998,1335,311,1.6574,102500
35,1255,1782,343,2.1949,95100
35,842,763,189,2.6719,109800
41,1941,1204,323,3.0417,113700
36,2598,1872,514,3.1667,117700
16,8732,3944,1493,5.1948,203500
25,9594,5237,1496,5.9684,193300
25,1106,888,216,5.3307,207000
22,7368,4721,1342,4.8438,213100
19,1731,1032,364,3.8125,208100
18,6812,3704,1216,4.25,169200
26,3022,1852,452,6.0531,186400
25,2324,1087,328,5.293,207000
24,9071,4558,1327,5.542,197500
33,1685,1484,318,4.3527,167000
29,2587,2115,475,3.7466,168600
26,1097,701,188,6.5799,196600
27,489,403,97,5.144,180800
27,2326,1697,546,3.8633,187900
18,5923,3887,1322,3.4712,194400
11,2274,1897,622,3.5094,162900
33,896,843,200,3.5,183000
34,2617,1396,515,5.061,218000
23,3626,2321,731,4.7393,237900
24,4092,2819,893,4.1378,216500
26,4586,3680,1027,4.174,205100
21,4383,2689,913,3.4375,218800
19,7023,3993,1412,5.0532,218200
21,9944,4185,1582,4.526,329400
30,3615,2813,752,5.3849,217700
29,2755,2046,488,5.2034,212400
36,1593,1427,320,4.4015,166900
33,1596,1650,329,4.3687,173500
37,943,803,216,5.2287,191100
10,1881,1769,553,3.9286,114000
42,865,811,218,3.8621,165300
38,1607,1130,334,4.4821,190700
39,1357,763,229,4.25,200300
28,4698,3287,881,4.8508,215900
24,6303,3728,1252,3.9227,208600
28,880,717,142,4.5469,175700
28,2152,1623,429,4.35,200500
34,1124,717,242,3.1667,186900
24,3059,2064,629,3.5518,184600
28,1642,1575,420,4.1292,201900
28,5091,4753,1033,3.6477,117400
28,4112,3211,841,4.4539,192200
28,822,627,192,3.4583,166300
35,1131,1007,269,4.0219,168300
38,1928,1358,399,4.0687,160300
42,1370,1018,328,4.4474,160200
44,1792,1115,358,3.9091,174400
43,1426,871,276,3.7083,175200
38,793,601,187,2.8837,176100
5,906,1453,158,4.125,171900
39,859,673,172,3.7143,158200
39,1478,1127,320,3.525,158000
38,1335,1011,269,3.6908,157500
39,1631,1034,328,4.5382,165700
36,1560,1348,314,3.622,174000
34,2118,1414,442,3.7238,166800
33,2263,1626,457,3.5556,172800
34,1558,1179,337,3.2188,165100
36,2381,1669,444,4.6976,171100
36,847,713,194,4.8542,167400
36,1226,711,219,4.5699,170800
33,879,547,169,5.3146,168600
31,1983,1157,390,3.5455,168300
37,1950,1183,338,4.1449,175300
35,2017,1388,386,4.0774,171600
36,1124,707,234,4.375,174500
33,1474,1205,335,3.1397,166800
32,1016,729,177,4.3,151300
34,1414,983,264,4.1767,156600
33,639,460,118,3.1607,189000
35,1622,845,284,4.5769,186100
34,3635,2171,720,3.7308,196900
27,1666,995,354,4.5694,204300
36,2049,1105,363,4.8036,261300
34,1947,841,277,6.1814,453600
34,2319,941,356,6.4319,452300
34,1723,617,252,6.7501,400000
33,3099,2025,750,3.183,191100
38,1301,877,275,4.625,191300
29,2784,1278,550,4.3882,261600
35,1604,802,280,5.752,291000
34,2863,1243,466,6.0723,297200
38,2105,956,350,4.4125,246000
36,1426,698,240,4.8523,267300
35,708,471,153,3.2,197400
36,1759,837,267,4.6992,251900
36,1933,958,335,4.4732,266000
38,1040,557,228,4,254700
34,2744,1333,503,4.0536,277200
35,1500,706,250,4.5625,253500
34,1736,823,292,5.4042,241600
37,1709,778,344,3.9036,326600
44,1812,822,314,6.7744,294100
42,1413,630,219,6.8564,300000
37,1462,600,236,5.2015,302000
36,1942,891,348,3.6635,282100
33,2418,1397,477,3.1083,285500
31,1053,686,211,4,263200
36,2752,1211,452,5.0526,269800
35,1813,825,316,5.2485,323800
33,2394,1166,548,2.7317,264700
34,522,373,139,3.5481,265000
24,6662,3792,1735,3.1104,230000
35,2670,1196,488,3.8427,283500
37,1434,786,256,4.4375,244900
32,2098,1036,385,5.0258,255400
31,2210,1047,472,3.3292,271300
33,2206,973,364,4.675,283000
36,1949,909,325,5.1587,296600
17,1205,736,342,3.2011,162500
27,6336,4673,1505,2.5893,183700
27,580,466,133,3.0909,187500
28,3069,1932,835,2.4925,177200
38,2040,1775,445,3.5227,202400
36,984,615,206,4.1786,201500
31,3731,2313,801,3.2237,218200
31,3205,1647,664,3.3681,223900
32,2065,1075,442,4.4279,226400
30,3096,1676,587,4.6583,207300
34,2122,1578,488,3.1496,191900
19,1793,1222,452,2.6862,195800
31,2841,1612,708,2.9205,196600
35,2987,1561,606,4.0039,226500
36,1948,992,363,4.2594,242400
37,1594,1003,323,3.3289,199700
35,2753,1592,614,2.7875,209000
25,3341,1685,751,3.6936,238300
25,1948,1128,429,3.7614,255900
25,5675,3317,1119,3.9352,232900
42,1839,1034,339,4.9808,212300
34,1745,1084,410,3.3411,220500
36,2062,1134,358,4.4881,218900
35,2378,1799,546,3.9327,190500
36,1890,1232,386,4.375,184200
40,1335,804,282,4.3194,198400
28,1038,912,245,2.5875,161200
30,915,646,211,2.5208,182800
19,3056,1561,740,3.1369,196900
34,682,491,144,4.6389,173800
35,620,381,124,3.7917,183900
35,1518,857,251,3.6917,197500
35,561,261,105,4.9375,183800
34,916,552,164,4.9107,222000
36,1096,569,201,4.475,182300
34,2011,1087,423,3.0465,187800
40,513,399,99,4.875,167600
36,1080,719,201,4.2679,175800
36,726,490,130,3.6389,167600
35,1151,809,246,4.7813,160000
29,889,597,163,4.9609,186700
22,1981,1231,457,4.0878,153700
29,505,411,113,2.6397,164400
14,2369,1546,464,3.7969,159400
34,1582,1356,324,3.4211,141100
36,1442,990,268,4.0517,162200
35,1994,1491,428,3.7383,166200
35,1592,1238,320,4.9732,165000
36,1551,1100,322,5.1187,168100
30,1366,920,410,0.9946,159900
36,1215,862,285,3.7604,158700
37,1112,771,224,4.2132,164600
35,1653,1072,301,3.2708,159700
30,3259,2744,895,2.8608,165600
29,2387,1978,548,3.1957,159200
18,1573,1200,365,2.895,146900
24,4880,4516,1050,4.1387,157700
21,2863,1489,621,3.2031,180700
36,1360,909,275,4.6731,173300
35,2228,1558,427,4.023,157700
41,550,642,125,1.875,119900
36,1047,975,239,3.1897,155000
37,1161,882,236,4.4167,158000
26,2483,1538,449,5.1104,220500
29,1138,964,222,4.537,185300
17,2223,2008,512,3.0777,160800
35,1145,1651,265,3.125,120300
28,1035,1545,269,3.0357,123400
35,1071,1412,274,3.1917,114900
37,1152,981,225,3.2857,153600
39,2502,1849,518,3.8846,164100
42,1007,776,228,3.8672,162700
45,1776,1180,337,4.6406,169200
44,1167,733,237,4.2083,168300
42,1768,1155,368,3.558,161100
37,1147,742,242,4.0461,153500
33,3326,2533,689,3.1441,176300
43,1237,776,246,4.325,166000
40,1880,1229,378,4.4167,174600
41,834,603,179,3.7321,167500
42,1150,708,204,3.6875,171500
42,991,717,219,4.0926,164400
27,3399,2465,811,3.099,166600
34,2242,1483,443,4.4934,185600
37,1061,768,206,4.75,161900
37,796,740,183,3.6,156400
36,769,498,137,4.7159,182100
35,994,602,185,3.5865,178000
35,2604,1465,470,4.4896,184600
26,4173,2471,863,3.5052,196000
35,1139,772,233,4.375,204700
35,1623,868,272,3.5893,276000
34,2508,1549,545,3.2069,236500
35,1323,1084,240,5.0753,178000
36,1347,748,278,5.1423,183100
36,1088,617,211,3.8824,193100
36,1432,749,261,3.5772,207400
36,2053,1023,394,3,216600
38,1475,827,265,4.7663,191600
36,1967,910,306,4.4948,190600
37,932,578,175,4.375,177600
26,2145,1150,429,3.5972,225800
34,1766,974,404,3.0703,180800
32,1981,1371,431,3.1204,204200
35,1590,1299,335,4.0313,163200
38,901,760,208,2.9643,147400
20,2850,1855,662,2.809,144600
28,2410,2399,594,2.7339,156700
28,2922,3013,673,2.9531,127100
35,1403,1415,367,3.0967,144000
35,574,610,147,3.3182,133300
25,2053,1721,507,2.3456,146100
6,3445,2467,712,3.1507,144000
12,3653,3215,854,2.8681,114200
42,856,748,195,3.8,145800
37,1499,1237,344,3.9333,162300
25,1709,1177,410,2.4333,155000
32,1452,1888,366,3.5461,146400
32,778,933,209,2.7292,143800
31,2536,2625,576,3.0909,150900
34,1248,1960,338,3.1012,140400
38,483,389,108,2.1859,143800
6,1655,1201,487,1.7344,145800
52,63,47,8,7.2423,350000
11,3605,3637,873,2.6328,160700
25,5896,4149,1362,2.6742,131900
30,4426,4196,921,3.274,148300
24,4232,2688,1035,2.52,146000
33,2848,2319,647,3.407,190800
46,940,599,214,3.2813,190900
30,1694,1181,383,2.9779,169500
36,1814,886,347,3.4868,208400
33,3668,2368,845,2.8906,204900
33,2867,1774,705,2.9292,183400
36,599,361,139,5.0395,225800
36,1477,788,291,3.625,195800
39,1379,883,291,3.3375,180100
35,1458,686,236,3.9038,202700
35,3478,1885,673,2.9375,206500
22,6876,5162,1879,2.9293,170800
29,2666,2030,781,2.5432,180900
38,1222,756,256,4.125,173900
25,1768,983,488,2.6184,243800
40,2344,1305,544,3.1923,191900
32,3088,1981,956,2.2027,192700
29,2823,1723,678,2.7121,165500
37,1159,740,243,4.9107,179600
39,1744,1048,330,4.5735,195500
30,2596,1662,539,4.0507,179500
33,1250,866,268,4.1708,175000
41,1531,1119,341,4.3646,161400
24,3305,2085,881,2.6641,168200
29,2690,1747,617,3.3713,198200
19,3203,1761,667,4.0911,239700
33,1379,795,297,4.6713,231800
15,3254,1772,618,5.0417,240800
21,3764,1919,977,2.5057,156300
36,1083,557,210,3.0795,218400
32,1788,1131,461,3.5278,166100
20,3638,2326,822,3.3304,194600
21,6618,4396,1649,3.0989,171400
17,4807,3059,853,5.7619,297300
17,2358,1387,364,6.299,285800
17,7187,3844,1068,6.5901,337400
18,4928,2952,754,5.8855,313800
16,4934,2668,810,5.748,284200
17,2407,1422,524,4.2619,139700
18,2436,1303,386,6.1968,344700
18,3405,1945,509,5.7652,299100
17,2259,1378,386,5.8733,287000
19,4261,2621,661,6.2427,288700
17,3666,2104,579,5.6818,338900
16,3771,2196,564,7.0113,319700
16,5603,3045,893,5.0778,293700
16,2851,1985,603,5.4089,265600
16,2306,1368,387,5.93,277600
18,4626,2794,763,5.6917,275100
21,2870,1671,470,7.2628,322700
16,2676,1377,395,6.5513,350400
16,4851,2527,704,6.0142,437400
18,8046,4276,1228,6.5515,319600
21,3052,1588,568,4.3397,268100
19,8120,5026,1345,6.3093,286500
19,993,572,175,5.7039,277600
27,3065,1840,719,3.6417,208100
27,3119,1887,567,3.8654,195300
32,1819,1679,360,3.5562,146000
33,2131,2045,426,4,145700
27,923,1014,204,3.825,159500
30,1901,2685,496,3.2639,120100
26,1507,931,275,5.1645,244900
23,2536,2012,556,4.1406,200800
28,2399,1613,429,3.6339,220100
31,3498,2098,697,3.9837,246000
31,2943,1703,472,3.7091,225900
28,1789,1347,330,3.425,189700
26,778,539,186,3.2679,236500
29,3260,1969,737,3.5268,215500
29,1018,684,248,3.3333,198800
31,2377,2042,593,3.625,170400
31,2906,1806,553,4.8448,194600
23,4412,2380,825,4.54,213100
27,1594,1061,320,4.7917,217700
22,1055,682,216,6,191300
28,4216,2997,896,3.7961,162700
25,3696,2827,860,3.3438,153300
26,6960,4367,1437,4.7953,210900
20,5643,3841,1195,4.0542,168400
27,3481,1660,560,5.7965,228200
26,4259,1644,581,6.2519,345700
30,2188,2727,525,2.7759,136800
30,2636,3412,649,2.8095,118300
17,4822,3868,1117,2.5978,142900
33,2389,1229,393,5.3889,234900
35,1255,685,279,4.2,226900
44,2663,1277,462,4.3194,199500
43,1633,837,350,3.0405,188000
45,1606,735,295,4.6765,198400
45,1320,645,256,4.4,209500
45,1866,919,344,3.5833,200200
44,1661,985,319,4.3942,219500
43,2104,1071,396,5,208900
44,1436,745,233,4.625,213400
44,1276,538,213,4.8667,218300
44,1607,799,283,5.084,214100
36,1578,827,311,4.8942,194100
34,2403,1385,386,4.4934,213800
33,2180,1634,467,3.0114,167000
33,2373,1673,571,3.0685,181800
32,1854,1363,478,2.6406,156700
18,2287,1804,537,1.9903,170300
29,815,590,183,3.0052,166700
42,1645,1161,351,3.0893,162700
47,882,536,174,4.625,163000
44,1308,783,237,4.7361,167700
42,2326,1832,501,3.1713,161000
27,4701,2571,1216,2.5417,184100
35,1769,1166,386,2.875,178300
42,1999,1060,399,3.7031,167100
46,1824,1200,451,3.4375,156700
38,2009,1449,451,2.7045,155400
35,1133,774,271,2.2381,137500
36,2013,1659,522,3.1215,153600
27,2732,1690,794,2.6465,160200
42,1213,628,229,3.6987,152100
40,1699,1188,329,4.2083,147300
40,2945,2858,690,3.2368,136900
31,1332,1405,363,2.0125,143000
32,1507,1082,350,3.225,138200
26,703,757,212,2.525,155500
42,1482,1052,317,3.9469,158200
36,1554,974,264,4.2135,161400
40,2462,1821,536,3.5646,162600
44,1701,1091,384,3.025,162300
49,1937,1339,440,3.0319,162800
48,2258,1395,492,3.765,164800
45,2110,1404,454,2.9803,165900
44,2137,1126,439,3.4408,172900
44,1832,1056,405,4.0658,175100
38,2664,1627,604,3.7527,161900
26,6607,4066,1558,2.5068,156300
10,1664,1369,493,2.9886,175000
39,2247,1670,525,3.07,173000
38,3596,2416,832,3.6897,169800
43,2752,1674,614,3.6719,161300
39,2925,1702,642,2.375,160800
40,1301,954,336,2.3804,158000
37,1404,652,258,4.2062,195400
30,4071,2144,970,2.7268,218100
36,1435,606,234,4.1439,212600
36,1491,699,266,4.0781,217300
32,2630,1069,491,2.4659,209000
36,2668,1315,478,4.0714,215600
36,1979,952,339,4.0815,216200
37,2259,1183,413,5.1805,201600
36,2110,1128,403,4.6019,208400
36,1885,1049,405,3.55,212800
36,1774,934,333,4.8571,203300
36,1703,845,308,5.0106,210800
28,2825,1352,469,5.2639,242000
36,1473,713,257,5.9493,228000
36,956,416,157,4.6429,223700
36,887,482,157,4.125,219500
36,2418,1138,387,4.8393,216300
36,2750,1386,458,4.9904,221700
34,2116,972,396,4.8516,213600
37,2584,1333,481,4.3661,219900
37,2386,1101,399,4.6908,218200
35,1790,924,263,5.296,226200
36,1915,850,319,4.7222,225800
37,2059,825,334,4.0603,225200
36,1726,820,288,5.5767,218100
36,1557,697,251,4.5417,219600
36,2572,1318,434,5.1836,219700
36,690,316,104,3.7813,209100
37,1588,692,245,4.8594,220300
36,1756,798,287,5.5581,218300
37,2143,1047,377,4.4423,216000
37,2706,1331,476,5.0719,220000
36,1074,496,196,4.625,217400
36,1523,717,278,4.875,218900
36,1784,964,299,4.2703,220900
44,1712,691,293,4.3594,221300
37,1242,565,213,4.1094,215800
36,1463,722,260,4.8438,226300
35,3008,1584,671,3.5465,213200
46,2439,944,374,4.2841,312400
44,1710,786,344,4.2917,314700
43,2107,876,429,3.2024,339400
48,1895,881,293,6.3364,307400
45,1908,890,342,4.575,336000
44,3043,1316,607,4.4286,254900
36,3002,1322,471,4.933,228900
29,2448,894,349,7.6526,481300
36,2987,1360,497,4.8013,224100
37,1508,635,241,3.75,221300
36,2444,1199,424,4.1538,218800
36,1348,643,221,3.6447,211000
36,2831,1462,569,3.8646,214600
36,2220,1002,351,5.0719,219500
37,3714,1956,694,4.2218,200500
45,1533,791,335,3.4605,186600
29,4716,2515,1272,2.726,208700
45,1853,945,320,5.0787,219200
45,2019,880,339,4.1023,217300
40,2597,1285,559,3.975,213800
35,1415,591,291,2.9798,315600
44,2731,1396,555,4.1771,219100
24,1228,537,273,2.25,192000
30,2548,2086,700,0.7007,134400
44,1890,1378,430,3.8819,143200
30,3533,2678,1033,2.2417,151900
49,1073,725,272,3.8026,149700
45,1167,773,287,3.2798,150300
33,2557,2286,700,2.3041,149100
46,1854,1360,429,2.4844,158200
35,3405,1953,671,2.7813,159200
35,3737,1305,583,7.2096,490300
43,2641,1011,444,6.4468,444200
42,1773,815,299,4.9,406300
45,1808,800,302,4.8693,277700
46,1362,531,222,4.3125,290500
44,1497,542,274,5.0052,321800
45,1535,591,276,4.2411,371700
39,3622,1330,648,3.3125,425500
43,2561,1063,537,3.835,418600
50,3587,1513,651,5.5106,252200
52,2539,1152,488,4.1354,268200
52,2569,1030,451,4.1301,268400
52,2618,943,440,3.7895,254000
43,284,167,68,4.25,207500
30,2246,1032,548,3.5871,347100
19,2953,1914,855,3.5521,290000
21,2251,913,420,4.6042,272200
43,1758,954,312,5.2606,198900
11,872,422,221,4.6364,156300
21,1835,1038,384,4.4559,198500
43,3013,1525,529,4.95,194000
34,2807,2217,744,2.4286,204800
23,954,804,373,2.5833,181300
45,944,533,193,3.4808,206900
46,1388,742,241,4.6458,212100
47,2347,1219,420,5.3096,209900
34,1719,1444,372,2.8438,139300
43,905,764,204,3.3214,162200
40,1815,1807,413,3.0882,160700
33,1278,1157,320,3.5054,146800
30,1680,1779,429,3.6086,146300
45,455,394,89,4.9562,165700
43,1005,723,191,4.3424,162500
17,5357,3030,1266,1.9311,138100
45,1693,1255,333,3.6923,159700
45,1816,1524,388,3.8586,157900
38,1486,1345,326,3.3988,147800
41,726,602,183,3.7885,156900
45,1160,1095,269,2.7308,139000
41,1251,1053,278,3.2778,150800
36,1285,1291,337,3.7708,157100
33,1984,1764,440,3.875,165100
28,3008,2537,596,2.3,137500
39,1598,1691,399,2.3605,141800
32,2020,2557,562,2.1397,145300
44,1387,984,302,4.25,143100
38,2010,1535,525,1.9848,160400
29,3497,2994,919,1.8109,137500
47,767,569,195,2.9514,185200
48,2105,1807,539,2.7183,190400
47,2549,1388,606,3.0135,192700
52,1786,1090,430,2.8988,194900
41,2125,1604,555,2.9943,190600
42,4577,2749,1094,2.5012,197500
45,2456,1300,450,3.9792,210200
52,1009,614,231,4.0074,200800
42,2301,2114,561,2.0579,132700
36,2326,2635,657,2.1985,141800
42,1571,1631,417,1.6384,128000
41,2114,2357,529,1.7938,142600
43,1823,2339,560,1.6792,130600
30,2734,2951,691,1.7689,117600
36,948,1042,301,1.55,100000
43,2210,1042,418,3.5,216700
27,471,315,96,1.75,154200
9,3564,1530,807,5.1806,175000
25,5463,3010,1179,3.233,199100
26,1589,883,366,3.5313,187500
15,2407,1591,506,3.0513,148100
45,1579,687,285,5.0424,225900
45,1734,797,293,4.8917,222800
43,1544,701,298,4.1375,226000
42,1493,671,267,3.2794,224500
44,1619,815,284,5.5449,232200
44,1785,779,291,4.3056,228600
45,3087,1474,567,5.5196,227600
36,1408,702,251,4.875,222500
36,1462,664,220,5.1171,225300
36,1999,887,379,3.8162,221900
36,1742,857,341,4.6875,218200
37,1249,517,189,4.4196,223100
36,1820,899,295,4.918,225200
36,2734,1308,441,5.9265,227300
36,2422,1193,421,4.8462,225700
36,1930,915,328,5.2713,244400
36,2000,956,352,5.3735,234400
20,6295,2292,874,7.6084,402500
36,2219,1042,396,5.2299,239800
36,1878,846,325,7.1937,254400
36,1111,444,177,3.7031,245300
36,856,451,164,5.1993,246000
36,1252,558,214,3.9722,235600
37,1987,1095,357,4.3203,232800
36,1946,871,336,5.2155,254800
37,1756,836,335,4.375,218200
36,2565,1155,443,4.6087,224600
37,1798,860,340,4.2143,228500
37,1013,493,183,4.7845,231400
37,1228,572,242,4.325,223900
37,1530,711,283,5.1795,225400
36,665,273,112,3.7321,223700
34,1903,928,349,5.395,241900
36,1749,855,319,4.6473,227100
36,1026,505,176,4.3438,233600
36,1496,743,265,4.4312,226000
41,1509,821,314,4.0893,223000
44,1886,1167,372,3.1042,219800
36,1774,784,298,5.0447,249200
36,1665,721,294,4.6875,250700
35,1835,774,418,2.7092,256300
36,1257,530,211,5.3701,251400
36,1837,810,305,4.3897,235000
36,1993,884,337,5.587,244900
36,2223,1039,370,5.7942,257000
36,1371,666,257,5.0795,243300
36,1724,838,328,4.4831,253900
36,1680,744,280,4.66,244800
35,1034,444,177,5.4602,231600
37,1694,776,271,6.2187,257900
36,1962,786,315,5.62,239600
37,1814,850,328,5.0574,240800
36,4210,1911,631,5.8491,247300
35,4466,2134,743,5.7389,251800
35,2370,996,380,5.7368,287200
36,3359,1522,565,5.1805,249400
16,3985,1327,564,7.9767,500001
29,2937,1132,528,4.6133,500001
31,3039,1199,697,3.7232,500001
36,1245,508,221,5.3441,480600
43,1471,767,311,4.3317,232400
41,1762,738,300,4.1687,240700
44,2153,947,364,5.0072,236200
45,2317,1057,428,4.375,234800
45,1519,681,267,4.6452,212500
20,6678,3625,1599,3.7716,242900
43,2506,1230,543,3.4211,203900
5,3700,1657,848,3.7826,196300
23,2573,1478,604,3.4833,209400
44,2388,1461,592,3.1711,215400
44,2101,1038,500,3.108,217900
25,4013,2297,969,3.0453,185900
17,1584,904,406,2.0875,181300
14,1709,1939,520,1.9808,139100
33,2048,2074,597,2.0156,152700
25,3742,3916,1063,2.4,153700
26,3061,2135,769,2.875,164000
32,2171,3002,648,2.375,139700
30,1349,2646,552,1.9318,115900
36,1697,1379,434,1.2746,129700
27,1580,1896,448,2.0186,130000
28,1219,1816,348,1.7589,118300
20,1255,1201,318,1.2206,162500
29,1170,1398,373,2.2543,156300
37,1834,1967,476,2.137,126600
30,3107,3543,850,1.9387,141700
24,225,439,71,2.8533,137500
25,2851,3744,906,2.0675,116700
33,32,96,36,4.5938,112500
44,121,153,30,2.1964,150000
48,143,222,50,1.7,104200
21,49,29,16,5,87500
21,2741,2924,969,1.3274,218800
35,1511,914,539,0.9318,187500
46,1889,1545,587,1.7064,175000
48,1766,1908,466,1.9872,168800
52,2662,3018,763,2.3305,162500
35,1574,820,514,1.2321,137500
40,2034,1257,797,1.2864,131300
24,2404,1566,753,1.5076,145800
22,1118,1190,399,1.9797,143800
52,1375,1089,317,2.2344,200000
41,1158,1209,336,2.7813,129200
42,517,995,212,2.225,106300
45,1434,735,518,1.5,162500
25,1442,632,385,4.6629,162500
52,1562,692,512,1.4048,200000
39,1645,1339,499,1.5536,155000
36,1833,1128,620,1.1483,112500
21,2103,1064,603,1.6178,137500
31,1711,1092,568,1.0714,150000
20,1852,1712,556,1.4565,152500
17,1419,1300,360,2.0769,100000
52,1180,1046,332,1.5603,162500
31,1648,898,457,1.5844,162500
8,992,694,331,2.5544,162500
29,1013,1083,316,1.8438,162500
42,1021,533,187,1.8036,175000
29,2920,3580,772,1.7393,140200
23,3768,3940,1098,1.9647,186200
26,3042,4812,1141,1.7701,146200
44,2364,3184,672,1.918,147500
36,2933,2077,838,2.2538,181300
45,2508,1340,720,2.6786,191100
38,2239,984,684,2.346,165600
39,2953,1379,785,2.1378,180400
12,4409,3068,1262,2.2808,154700
29,1776,1391,488,1.1295,137500
30,1418,720,417,2.6371,159400
37,1127,492,331,2.675,241700
30,5915,2136,1503,4.0968,310000
45,2151,1047,579,3.1149,218800
45,2143,1004,594,3.0153,220000
37,2653,1087,698,2.3523,325000
41,2048,852,533,2.5726,193800
49,2297,1105,629,1.8388,175000
49,3382,1314,756,3.8125,382100
36,2006,807,426,3.7838,500001
30,4439,1749,1011,3.8984,306300
39,2428,1312,612,2.7212,266300
30,2800,1292,742,2.7614,272200
38,3235,1284,752,2.9384,304100
29,3078,1460,736,2.875,232500
25,4405,2178,1090,3.0503,225000
15,4798,3087,1212,2.127,163300
39,4075,2470,1025,2.3317,222500
52,3248,1819,815,3.1739,222900
29,3684,3891,1143,1.6955,179700
13,3056,1600,824,3.3003,207800
12,4436,2176,1002,3.5812,198600
35,2768,1277,651,3.6193,250000
42,1898,940,483,3.4107,233300
45,1016,361,163,7.5,434500
49,2792,1301,648,3.2917,307400
51,2812,1171,566,3.875,342900
52,2204,899,445,4.1765,393900
41,3448,1621,838,4.5,339800
27,3043,1398,747,3.5528,271100
37,3242,1080,629,3.901,432500
29,2743,1059,651,3.625,500000
36,2916,1183,749,3.5985,500001
36,4366,1912,1172,3.5292,361800
52,2216,940,530,4.5469,381000
44,1543,652,406,4.25,439300
39,1995,867,567,4.0795,400000
52,2677,1144,624,4.3889,378000
50,2960,1179,718,3.5214,398100
44,1633,741,513,3.385,408300
52,2208,791,408,5.8408,500000
50,914,322,165,4.7361,418800
46,2834,1175,670,4.7875,363800
44,2532,961,550,3.9352,406900
43,3070,1240,646,3.7813,461500
47,3330,1220,557,7.3672,500001
45,3035,1127,527,7.0796,500001
41,2072,742,414,3.9934,500001
36,2484,792,446,5.1815,500001
15,4690,1879,974,5.6051,267400
15,9103,3333,1712,5.1508,367300
20,4534,1941,892,6.0362,463500
10,7264,2528,1057,10.2233,500001
52,3697,1436,671,4.6852,395200
37,4365,1661,868,5.3046,360700
27,1675,744,331,2.1579,450000
52,2359,1100,431,2.8333,414700
52,2127,733,288,3.3906,300000
52,996,341,160,2.7361,450000
29,716,422,173,2.6042,287500
32,3508,2794,839,1.554,100000
36,1786,1367,393,1.5078,99600
31,2839,2390,729,2,109800
41,2057,1805,506,1.2455,100800
27,1774,1622,402,2.2031,96900
35,1182,977,283,1.5898,94000
38,2407,1774,562,1.5615,108600
36,3504,2521,836,2.5679,114900
36,2041,1390,464,2.0114,99300
32,2701,1880,590,1.6716,123800
32,1815,1715,475,1.7244,111200
35,1300,1216,326,1.2,99200
36,2196,2017,583,1.3962,124300
40,2434,1646,453,3.2024,128000
37,1282,852,249,4.2917,127900
44,1854,976,335,3.6583,126700
40,1917,1021,383,2.2448,175000
40,1323,684,229,3.2206,145800
40,1550,798,270,3.775,153800
42,1173,602,186,5.5787,142000
43,1834,997,295,4.9464,150300
37,2740,1468,479,4.5368,168800
37,2379,1327,445,4.25,172100
37,1831,925,338,4.4091,148400
38,694,412,119,6.0718,156000
35,1213,742,253,4.0625,159900
37,1487,863,291,3.1563,186200
38,1067,499,169,4.6389,183800
36,1722,830,261,4.0536,189000
36,1153,639,226,4,192000
31,3757,3288,964,1.9309,137500
47,1453,721,276,5.5176,191000
43,3819,1505,712,3.1719,183500
24,6513,2636,1271,4.2099,189800
44,2023,992,326,4.6667,175600
44,2131,1040,330,5.0912,169800
33,1923,1412,361,5.4359,194100
52,1590,844,295,2.7139,164900
47,1885,954,357,3.8512,171300
47,1297,704,264,3.3214,166500
46,1504,814,306,4.3919,157100
45,2230,949,344,5.5,188200
42,1686,737,319,2.3,189200
42,2084,1062,451,2.0057,198200
33,1495,1272,447,2.0694,143500
25,1864,1710,575,2.2303,159400
26,1725,1130,404,3.2708,128100
26,3832,2340,904,2.6734,143400
33,1884,1518,449,3.1194,152800
42,3081,1785,609,3.745,170800
47,2649,2374,607,2.3882,137700
40,2108,1922,544,3.163,137800
45,1298,1064,268,3.7067,136600
30,1548,757,349,3.8056,323800
21,2714,1549,853,1.2094,157500
26,2773,1560,631,3.1354,164300
28,4770,3201,1196,2.681,147700
25,3762,4015,1178,2.1587,143800
30,2661,2324,724,3.0519,137500
42,1779,1507,380,2.8892,159800
45,1076,781,238,3.95,164000
42,1116,1082,299,3.7237,170800
21,1802,1286,557,2.7284,146900
25,1849,1498,451,2.8378,170000
26,3543,2742,951,2.5504,151300
26,3231,3193,1020,2.6535,177200
45,1559,891,341,4.4038,259400
46,1425,782,273,5.057,246300
39,813,344,154,3.5833,218800
26,6672,3333,1557,2.9646,179800
18,1284,990,289,4.0179,195800
21,3616,2515,945,2.7464,153100
29,2861,1715,775,2.7712,160900
19,4651,2917,1121,2.6823,142500
17,3431,2365,810,3.0393,129200
37,2146,2009,592,3.6583,177300
26,138,100,20,4.875,175000
35,924,1376,358,2.2297,262500
42,1139,1283,306,4.1635,163900
42,2532,2038,591,2.875,177500
32,1067,1053,277,2.8438,181700
52,836,747,166,4.125,174000
39,1390,1666,371,3.3056,156800
38,2169,3036,639,2.3125,148500
29,2265,3425,781,2.3675,149400
30,1132,1433,341,2.68,170000
40,1625,2036,476,2.6298,156500
33,939,1309,250,3.4063,152300
36,1528,1824,470,2.2679,153900
35,1050,918,236,1.7344,146900
34,617,810,180,1.9766,162500
33,2040,2649,561,2.3375,170600
35,1451,1888,420,2.8462,149100
38,1794,2188,454,2.6654,142200
36,2225,2755,610,2.5547,150400
42,1028,1369,261,3.3125,144600
37,3107,3456,734,2.182,147500
36,2796,4033,944,2.4886,160700
37,4916,3533,1035,3.2862,152300
33,4294,4512,1189,2.8304,143700
32,1254,1281,386,2.2976,155700
37,1638,1341,369,3.0677,167700
26,3156,2394,787,3.01,191900
31,2746,1973,598,3.5139,192800
25,2260,1603,673,2.11,223300
27,4445,3340,1113,3.1656,204500
29,1475,965,370,3.3558,199600
24,2728,2023,773,2.75,239700
29,736,584,231,3.6167,200000
26,3695,2308,1009,2.6667,229300
46,1231,793,256,4.1023,226800
19,2807,1546,815,2.6375,233800
19,3103,2033,738,2.6961,212500
10,199,61,56,2.8958,245800
44,938,502,171,4.4722,218300
36,1075,509,197,4.9688,238900
40,928,521,185,5.5255,242700
39,1073,556,204,4.8611,245600
46,1130,503,196,4.4861,246300
46,442,255,94,4.4474,246900
44,520,392,106,3.0132,202500
41,2048,1191,429,3.8,222500
42,1949,1184,423,4.3333,225600
42,1935,1136,379,4.74,230000
40,1271,725,234,5.0452,231900
41,1869,1334,435,3.9355,227800
35,1742,812,282,5.6704,303700
35,1651,707,252,5.6482,294800
32,332,177,102,3.3409,256300
36,2904,1463,534,5.8374,289600
19,1949,1282,498,2.7813,231300
31,2583,1675,612,3.5234,265000
28,2108,1485,536,4.0775,241400
26,2159,1331,520,3.87,264500
25,1884,1337,549,2.8512,272800
25,3309,2299,837,3.0417,237000
32,1660,928,398,4.3187,269700
29,2461,1236,482,4.8409,244000
34,2055,1134,408,3.825,235400
36,2064,1366,421,4.1,243100
32,1056,565,231,3.9485,230000
39,1166,640,206,3.5313,230400
23,969,670,251,3.267,185400
39,1224,1106,333,3.3491,181800
17,3724,2536,971,3.2649,202100
35,1092,962,297,3.5903,183300
8,3937,2691,1142,2.4741,185700
6,1047,740,248,3.425,193800
12,9975,7429,3405,2.6689,192300
8,10731,7211,3028,2.455,192700
31,1415,874,289,3.8173,177900
36,961,625,179,4.2596,181100
33,1729,1073,344,4.2083,180500
35,940,640,215,4.2,181300
35,881,605,170,3.6654,184500
34,3041,1920,640,4.5304,181300
34,1068,757,231,5.7528,180500
35,3189,1882,651,3.6625,188000
35,1307,672,219,4.8456,146400
35,1580,926,282,5.0653,158000
34,1536,804,287,4.9615,157800
35,1281,710,184,4.8304,152800
31,3894,3590,962,2.0437,137200
34,1799,1293,355,3.692,145200
34,1374,906,248,5.3292,155500
34,2053,1258,380,3.0139,154700
29,2228,1140,352,3.7969,169400
30,1842,1491,420,3.0147,155100
34,1617,1530,500,2.6182,172600
28,1576,891,378,2.6312,171300
28,1501,1028,418,2.3043,177500
27,1013,1067,400,1.7714,159400
29,2617,1868,647,3.6,208800
27,3267,2099,647,3.4,224100
13,2455,1975,618,2.9559,173600
19,2421,1726,660,3.287,181400
30,2756,1806,787,3.0329,207800
37,2132,1369,565,3.285,218100
38,1400,1131,405,3.5417,198400
33,2138,1072,528,2.7428,208900
32,2355,1605,571,4.2171,218200
36,1751,1175,419,3.0739,218600
21,4946,3186,1167,3.3281,237000
27,3144,1510,680,3.1597,214700
31,1398,823,263,5.0641,234900
26,1221,807,330,4.0536,253600
29,850,563,204,3.7375,247700
30,1348,885,322,3.2574,195300
35,3227,1881,696,2.8445,242100
32,2421,1491,587,3.5644,242300
35,1939,1036,400,3.5556,238000
21,1490,686,400,2.3812,237500
30,2407,1724,531,3.4792,194700
37,2278,1257,498,3.7639,220600
35,2144,1192,417,4.1458,231500
36,1520,831,291,4.0473,212100
36,1741,1245,423,4.1344,210300
37,1664,1316,409,3.0526,216400
45,1928,1323,458,4.2813,210100
44,1300,695,249,5.1669,220600
34,2675,1270,492,4.5053,242000
21,6603,5546,1745,2.6091,163900
23,2395,1309,493,4.9779,224600
37,542,355,118,5.5133,227300
36,1158,628,253,4.7426,242700
36,1342,706,261,4.1776,236600
39,1880,982,357,4.1953,226900
42,1816,897,306,5.1874,230800
36,2392,1346,445,6.0088,245900
36,2274,1232,423,5.373,244500
13,2887,2197,800,2.8777,207900
31,1547,956,287,3.4698,225000
31,981,734,239,4.875,232400
29,2940,2175,684,3.6486,229000
34,1740,1249,375,4.1552,233900
41,1355,655,329,2.9551,205000
22,1127,697,241,3.3971,220300
30,1143,776,273,4.2829,240000
37,1719,1266,424,3.375,228000
34,760,723,198,5.3169,227600
18,3380,2276,854,4.0727,214000
27,2837,2141,648,3.1325,215000
33,2408,1644,523,4.2454,236800
28,1313,827,308,2.65,260800
25,2845,1611,628,3.2049,267400
22,1388,930,287,2.7981,275000
26,1375,829,278,3.9844,230700
25,1769,1371,414,3.0833,232700
36,1583,1097,350,4.0737,238200
42,725,493,172,3.2589,233300
44,822,480,177,4.4,225800
36,1567,1054,386,3.2594,233900
25,1459,1150,354,3.35,237500
40,1896,950,383,2.425,255000
28,1065,887,217,3.9375,270500
41,80,61,23,5.25,247200
25,1453,695,283,5.9499,345800
32,2828,1313,534,4.5987,363800
35,2217,1000,450,4.7319,376100
38,3328,1455,619,5.0596,363900
32,2590,1132,555,4.2333,358000
22,2340,1141,554,4.5729,337500
22,2514,1225,568,4.1818,339700
38,1437,590,250,5.2338,358000
29,1436,674,343,3.6389,275000
25,3521,1524,764,3.8086,361300
41,1621,756,277,5.0594,346000
39,2988,1466,610,4.9286,341400
28,4603,2191,943,4.5743,382200
29,1929,686,455,5.5347,500001
27,1536,553,326,5.4088,500001
34,2674,1087,431,7.3151,492200
37,2458,920,375,7.8924,500001
39,2311,1044,380,8.468,472100
39,2040,926,351,7.5552,500001
35,2020,724,399,6.6494,500001
37,1576,662,340,5.308,500001
43,1394,552,296,5.9596,500001
31,1428,677,331,7.2316,500001
35,1194,507,295,9.0812,500001
38,4166,1600,770,6.3861,500001
34,2959,1143,593,6.348,500001
31,702,236,144,5.0497,500001
38,2868,1098,438,7.9059,477100
36,2334,1033,407,6.6321,481500
31,2926,1149,476,7.9611,500001
36,2127,807,306,8.1596,500001
7,4314,1699,718,8.2037,500001
35,1778,732,312,6.5745,379300
30,2532,1056,419,6.3434,460400
38,1851,750,314,7.3356,422700
40,826,389,147,7.1845,438100
40,756,371,130,5.0299,329200
44,1362,709,247,4.4271,336200
44,1325,669,253,4.4211,324000
21,966,417,158,5.5335,342600
33,1313,561,217,5.2999,359400
21,2696,1142,473,5.6091,356800
20,2439,1219,497,5.9619,335900
31,2518,1107,508,4.7404,295800
19,2512,1275,544,4.9375,293000
19,757,361,141,6.02,304200
27,1688,811,327,4.5357,334200
27,2287,1101,466,4.675,316900
27,3039,1421,564,5.5771,345500
26,2620,1282,525,4.4828,340700
17,1082,598,281,3.9868,281900
22,2114,1300,538,3.4208,290000
18,2516,1128,433,5.0114,338600
13,2907,1573,694,3.5048,294000
35,2126,1044,433,5.5456,297400
37,1768,802,290,5.0784,295900
34,1865,963,302,5.543,305900
28,2685,1243,529,4.119,324000
23,1829,891,356,6.5755,359900
21,4151,2054,925,4.9821,292900
17,2791,1467,583,5.7415,321900
23,2387,1008,415,5.8518,337900
19,3303,1329,569,7.521,340400
12,4235,1798,683,6.4242,365500
29,2787,1182,444,6.7613,352700
24,3124,1312,542,6.3021,333800
15,1778,908,330,7.674,329300
33,1993,918,361,6.9021,337600
39,1489,743,270,4.8611,456100
34,1830,822,307,5.0602,453700
33,2496,1098,404,7.6685,474300
34,1973,843,345,6.077,472700
33,2543,1098,416,5.9683,495500
31,1448,607,259,8.1513,500001
35,1267,521,191,6.0441,470000
36,2501,1031,422,4.75,442100
36,3022,1278,494,7.2651,500001
36,1543,474,187,9.3399,500001
35,1753,615,275,7.5,500001
34,540,213,104,6.3403,500001
35,1060,444,196,8.0015,500001
43,2492,1033,437,7.9614,500001
40,925,371,227,5.2533,500001
34,1471,498,264,7.0842,500001
41,847,344,170,6.822,500001
26,6712,2803,1394,5.2276,434500
34,2395,1087,438,5.9683,394600
34,358,162,84,7.1264,500001
42,1516,634,327,6.2356,472700
40,1679,719,385,6.435,479500
38,2398,911,392,5.2319,500001
45,2093,842,472,6.3231,500001
34,3145,1352,727,5.0976,469800
45,2181,965,471,5.3816,500001
34,2361,915,437,5.687,392400
28,3619,1735,789,6.1404,368400
24,2386,1152,568,4.8971,400700
18,5152,2286,1243,5.1677,380800
29,2085,919,489,5.6017,430000
41,2237,938,523,4.7105,500001
43,1584,799,433,5.0322,435000
28,4430,2131,885,4.9384,378100
31,3533,1647,679,5.5843,384600
24,4373,1830,824,5.7128,366200
16,6123,2853,1789,4.425,336400
17,1610,670,341,4.3594,349000
25,5775,2637,1117,5.4968,379800
20,2270,1070,521,4.4615,384800
40,3070,1264,506,5.1626,432700
26,2869,1157,538,6.0382,355300
16,2472,965,529,5.137,348600
19,6206,2455,1472,5.145,420200
32,2075,954,519,5.637,500001
30,3433,1526,828,4.5817,500001
34,2112,946,574,4.6048,500001
32,2815,1338,609,4.5687,381200
35,3053,1311,589,5.1589,439200
38,1318,547,225,6.0308,416700
35,2152,902,414,4.5179,427200
33,2147,1371,498,2.4219,260700
28,3763,1967,724,5.3244,271900
35,1818,828,319,4.3036,282100
34,1803,947,333,5.5538,280300
37,1402,722,251,6.4781,269000
30,1856,899,435,3.1505,270000
36,1271,811,345,3.2417,283300
44,724,373,133,3.9167,265600
28,4605,2558,1093,3.6988,266600
31,3122,1885,715,3.8657,298400
27,3348,1545,625,4.7543,296300
29,2243,1051,352,6.6632,325200
32,3485,1715,649,4.6563,291700
35,2380,1212,422,5.6254,283800
34,1069,601,212,4.6406,255900
36,2219,1219,403,4.2614,267100
35,743,385,137,6.4891,278100
34,495,269,93,6.4391,252300
38,914,519,174,6.0335,255400
36,854,473,150,6.3992,259600
38,1059,561,205,4,248600
36,2223,1162,376,5.259,279400
35,1936,1008,346,5.4791,285900
28,2948,1445,524,5.3743,286500
37,1420,886,290,4.5833,261300
34,2823,1429,483,5.5,279600
28,2319,1369,564,3.6169,257000
28,2075,1216,446,3.9732,281500
24,2139,971,418,4.3859,271300
36,1561,740,253,6.2778,309700
36,1364,668,245,5.3131,314100
36,1407,676,231,5.269,331900
34,1761,965,329,5.399,358500
35,1818,853,321,5.8972,350900
37,1249,583,214,5.7422,330700
34,1770,916,289,5,354200
35,1248,551,185,5.6426,348200
36,1390,683,219,4.8906,334400
36,681,360,128,5.2799,332600
34,2415,1278,414,6.1599,341200
34,1086,509,158,6.1133,349300
25,5622,2537,1009,5.785,395300
22,13133,7180,3522,3.5414,354700
22,11016,6664,2838,3.703,361300
29,3662,1626,611,6.3974,410000
27,3245,1572,556,5.3773,379000
36,1102,522,172,6.1187,342000
36,1660,943,300,5.1984,353600
35,1577,743,274,5.7654,343000
35,1792,978,326,4.9583,342800
35,1378,645,217,5.9143,343400
35,2828,1439,490,5.6013,350200
35,1207,601,213,4.7308,353400
32,1751,819,323,6.7105,339000
5,13038,5272,2523,5.5023,286400
42,3146,1859,740,3.5073,234800
52,1819,1068,424,3.625,270700
51,2399,1160,514,3.8456,318900
42,1486,897,377,1.6228,376100
50,696,382,234,2.775,225000
45,2929,1635,652,2.9375,273000
35,3462,1902,700,3.402,279900
19,3792,2105,834,5.2363,310000
39,2198,1160,436,4.1406,323700
26,2345,1195,377,5.4925,361700
23,3942,1679,711,4.1169,362600
30,1773,905,352,4.3056,336000
25,2587,1219,509,4.4271,382100
22,2508,1254,395,7.0935,379500
28,2142,1140,422,4.8438,346200
27,2113,1109,360,4.7062,357000
26,5591,2824,939,6.5861,417800
25,4177,2123,789,5.0814,446800
28,7591,3420,1635,4.0708,328900
36,1784,901,293,6.2247,339000
39,2794,1319,441,5.878,387800
36,2463,1125,424,6.0176,352700
36,2416,1115,386,6.256,366900
36,1083,522,187,5.7765,339500
26,5166,2738,1239,3.3565,360800
28,67,49,11,6.1359,330000
25,9042,4458,1944,4.5592,378800
26,1575,881,309,5.1778,359900
36,2031,817,337,5.1271,458300
33,2349,954,373,6.4956,483600
20,1975,703,292,8.5491,410300
33,3994,1647,931,5.0106,500001
34,1822,750,366,5.9907,500001
34,2211,1113,488,4.7026,356800
33,5057,2021,748,6.8553,482200
36,1283,563,209,6.9296,500001
41,1889,802,278,6.015,488500
39,2400,877,372,5.7361,500001
35,1008,391,167,3.7778,487500
36,1018,329,169,10.5045,500001
29,4389,2069,901,4.1071,365600
36,716,388,124,5.0254,350000
34,1730,1008,393,3.9408,327700
33,2194,987,397,5.0951,318900
32,1434,672,285,4.875,311700
19,6224,3152,1076,5.9541,500001
29,2795,1469,557,3.7167,308900
29,3254,1593,680,4.0536,285800
35,2290,1374,530,3.2472,254700
31,4464,2420,947,4.0425,277900
39,1415,729,278,3.1648,244800
35,2924,1675,602,3.8287,279900
32,2381,1264,488,4.1477,315100
29,4317,2102,959,3.1275,286400
38,1601,711,304,3.3958,250000
30,4573,2411,819,3.5804,383800
21,6638,3240,1568,3.6797,271100
25,11016,4168,1584,8.1782,500001
34,5166,2071,668,8.3609,500001
36,1596,654,223,8.2064,500001
38,2553,1042,393,6.9742,500001
34,2629,966,375,10.1241,500001
36,4421,1433,624,8.0838,500001
31,4803,1490,577,11.9993,500001
30,4402,1582,551,10.898,500001
24,4787,1653,548,12.9758,500001
27,2141,635,240,11.6648,500001
22,7554,2808,946,10.06,500001
28,3065,1101,391,10.5536,500001
36,2093,802,300,8.0957,500001
26,6339,2540,880,10.1447,500001
21,11353,4649,1504,9.821,500001
17,10950,4713,2043,6.3064,418300
32,10445,4474,1576,7.7042,500001
26,5005,2357,790,8.5421,500001
22,17591,6897,2492,8.2831,500001
34,5586,1871,636,15.0001,500001
25,8272,3392,1132,10.0973,500001
23,8277,3176,1159,7.6986,500001
18,1193,475,228,7.5594,500001
4,311,128,46,9.8091,500001
20,5776,2757,936,6.6447,416800
26,4486,1873,719,6.5704,414700
36,2715,1303,457,4.6042,357300
34,2338,1031,373,6.287,396400
33,4244,1534,557,9.8214,500001
33,2996,1048,387,9.267,500001
37,1080,366,142,11.6677,500001
24,6097,2248,806,10.1357,500001
37,627,259,106,6.887,500001
37,1442,998,503,2.4432,200000
35,1989,1108,593,1.6081,288900
35,2705,1526,793,3.0349,266700
35,2234,1334,662,2.5444,236100
34,2832,1594,843,1.7558,312500
36,1616,773,429,2.6,313600
33,3463,1845,1134,2.0205,243800
30,2353,1365,718,2.0702,283300
37,7097,2913,1939,2.875,300000
36,1390,874,468,2.5812,200000
28,1111,526,294,2.6136,383300
38,1349,547,309,3.2159,383300
38,4408,1690,1229,3.0156,300000
33,3180,1347,841,4.0651,500001
31,6348,2559,1755,3.2818,225000
22,4247,1766,1170,3.1517,341700
24,630,257,147,5.5224,400000
28,4376,1847,1128,2.6713,312500
52,1479,652,346,2.945,431400
30,4524,1910,1243,2.8889,335300
52,1244,444,282,3.5114,430800
48,1226,370,264,3.9375,450000
24,8264,3148,2274,3.5659,281300
28,4001,1799,1220,2.5784,272900
27,4312,1634,1097,3.6207,362500
28,2347,785,548,4.4167,425000
28,833,349,210,3.067,375000
27,3979,1351,520,15.0001,500001
45,2686,857,259,15.0001,500001
52,3759,1407,422,15.0001,500001
52,3815,1266,413,15.0001,500001
37,2716,809,291,15.0001,500001
40,3552,1024,370,15.0001,500001
48,2413,770,248,15.0001,500001
52,3562,1163,361,15.0001,500001
52,1202,408,138,15.0001,500001
48,2799,1235,561,4.4896,500001
33,5301,2243,1159,4.2386,500001
45,3143,1153,564,5.7762,500001
27,6605,2665,1520,3.8088,500001
22,2170,850,520,2.9107,500001
36,1661,690,365,3.3438,500001
50,1509,690,259,6.2344,500001
52,1213,503,194,8.0095,500001
52,1311,578,205,7.6771,500001
43,1879,873,382,3.8158,500001
37,2975,1291,654,5.3316,500001
39,3299,1649,759,3.3295,500001
37,3781,1725,838,4.1455,500001
47,3652,1438,887,3.6964,500001
52,1871,646,284,8.2961,500001
52,2501,748,349,6.6343,500001
43,2665,1015,506,4.1411,500001
43,4994,1830,969,5.5321,500001
47,2979,1076,571,3.9904,500001
52,204,1154,28,9.337,500001
52,2416,810,270,13.8556,500001
50,2597,964,339,13.3036,500001
48,2381,859,306,8.0257,500001
52,3000,1143,375,15.0001,500001
52,2233,769,277,8.3839,500001
31,4066,1532,868,4.8125,500001
30,4061,1487,865,4.1827,435100
40,1382,483,178,11.7045,500001
52,1506,547,186,7.8705,500001
52,1711,671,242,7.7572,500001
44,2146,851,355,6.48,500001
37,4072,1468,923,3.8571,500001
24,7418,2713,1577,5.0867,500001
31,4949,1985,1244,4.252,436700
32,6365,2767,1698,3.6451,383300
28,5109,2313,1451,3.3266,483300
24,2924,1492,943,2.775,291700
35,2914,1334,870,2.9934,350000
25,2757,1014,633,3.1433,500001
32,3851,1456,836,4.5208,442100
31,3155,1208,745,3.6769,450000
27,4725,1945,1177,4.1365,470800
32,1793,1143,448,2.8981,353600
28,2545,1548,679,2.9125,475000
29,2709,1238,793,3.1563,330000
47,1956,724,277,8.9616,500001
49,3780,1435,690,4.3158,500001
40,1395,610,262,3.9659,500001
36,2539,979,500,3.6667,500001
32,2909,1310,706,4.516,350000
32,3024,1323,740,3.3889,347900
39,1530,1074,375,3.5076,381800
29,3287,1523,823,3.7381,290600
31,2642,1303,625,3.5987,340500
19,902,414,272,1.3333,310000
22,1249,1106,481,2.5261,375000
29,1585,1019,487,2.7072,375000
30,2075,1026,592,3.1635,366700
27,1965,1042,596,2.75,327300
39,1244,886,284,3.125,325000
52,523,317,130,2.2794,337500
29,2329,1953,800,2.6639,233300
38,2163,1759,584,2.3382,297500
11,72,150,20,2.625,250000
35,3057,2223,732,2.0745,332500
30,2027,1425,562,2.2917,330800
25,1583,983,422,2.7019,293800
28,1394,716,543,1.5132,450000
28,651,333,174,1.9722,500001
52,1241,679,459,2.3098,500001
31,2851,1410,782,4.0893,381500
41,2584,1058,668,3.2061,370000
30,3078,1561,901,3.4852,425000
32,3407,1463,986,3.0369,500001
31,1829,719,392,4.4,353800
28,1259,668,280,4.2813,384400
42,1271,574,312,3.1304,340500
25,4149,1749,1000,3.9722,450000
29,1727,741,431,3.6121,500000
52,1359,521,368,2.6736,500001
22,3484,1268,952,3.2609,500001
41,2136,986,557,2.7254,444400
44,2175,1019,448,4.793,470800
41,2704,1047,478,4.4211,462900
40,2198,1023,567,3.755,398300
41,752,482,207,2.5417,418200
48,1640,664,301,4,500001
46,1379,688,269,6.8901,500001
44,2017,958,382,6.1014,480100
43,1160,393,250,2.9167,461100
27,1782,837,422,3.7727,413000
41,2956,1212,645,3.4583,421900
45,1230,565,219,6.3521,493400
45,3803,1690,871,3.0476,456200
46,2571,1225,501,6.0436,473000
39,3599,1569,763,5.2571,405400
39,213,138,52,2.125,196400
44,1913,1295,432,3.9537,266400
45,2098,1343,481,3.9615,268600
38,2447,1312,574,3.5909,279400
45,1577,1042,375,3.4375,314500
18,9528,3922,1920,4.7612,304100
25,1101,543,294,2.3571,340600
38,2521,1091,597,4.1296,322900
35,4424,2101,888,3.9688,355100
44,1494,618,266,5.4035,356300
40,593,371,132,4.6932,332800
40,1565,826,268,5.2035,485700
32,2612,1030,402,6.603,369200
43,612,402,142,5.1322,314900
35,1465,1104,345,4.056,339100
34,1816,872,339,4.85,329400
37,1534,751,259,5.444,336000
36,1280,704,217,5.9632,328100
36,1225,591,227,5.4663,326700
44,2122,1012,367,4.6687,344300
48,1427,693,268,5.7405,351600
44,2010,961,365,4.5982,333500
37,1426,689,261,5.5284,331000
26,2503,1218,426,5.3683,500001
43,2000,1290,514,4.7031,302500
33,3306,2475,924,2.8797,285300
42,1700,997,436,2.9213,305000
38,324,268,73,2.55,271400
45,1807,883,371,5.0357,329800
46,105,69,19,3.9643,275000
33,1139,734,257,3.2708,325000
37,1340,1008,340,3.7614,314300
45,2092,1190,429,3.8021,323000
44,305,156,70,5.9641,275000
21,18132,7431,4930,5.3359,500001
21,11308,5127,2839,4.6277,228300
32,4018,1400,568,8.6718,439100
35,3702,1449,614,5.3194,313700
36,3228,1305,520,5.1695,397000
25,7105,2519,1004,6.8112,500001
30,1879,740,266,6.431,492500
46,3402,1389,504,5.3462,270400
48,2741,1115,459,5.0514,269100
43,2657,1145,524,4.1375,287100
45,2005,909,364,4.6406,268900
45,1764,679,334,3.2021,222100
44,3183,1183,473,5.0407,314900
49,2863,1108,406,5.8993,313300
52,1114,486,176,4.2917,247600
49,2465,1018,359,4,296800
47,1107,437,178,3.7344,179400
48,1172,497,190,3.825,183000
40,2894,1063,409,6.939,372000
20,14291,5452,1875,9.1232,472000
42,718,324,131,6.4018,500001
35,2396,1054,457,6.4504,407000
43,2228,960,395,7.6091,438500
40,866,399,176,6.91,380000
16,319,149,64,4.625,433300
23,204,117,41,9.7646,500001
12,2560,907,366,10.076,500001
35,3795,1521,653,5.8735,448100
17,16544,6214,2118,9.1228,500001
18,102,55,21,3.9934,500001
9,11251,3029,1227,6.7273,500001
10,4355,2030,674,6.5571,500001
34,2255,857,317,4.5333,377300
7,23866,9873,4012,5.4032,318500
9,30405,12873,3931,8.0137,399200
9,1143,647,180,6.8474,356700
16,2950,1228,379,5.3749,346100
12,7508,2484,965,5.8788,500001
22,11668,4054,1671,6.9935,385500
7,3003,1143,466,5.8548,500001
19,3487,2782,584,7.9184,500001
16,1409,970,172,8.0144,500001
19,15990,5175,2173,7.7848,500001
21,3837,1509,509,8.4476,500001
28,1343,487,199,6.83,500001
25,4440,1560,636,8.8666,500001
36,2043,606,326,8.4331,500001
25,3546,1530,601,7.4001,500001
23,8798,2750,1208,8.7364,500001
15,2981,1694,540,2.9541,106700
5,6739,4614,1266,4.002,115100
6,10263,6163,1781,3.8803,120000
32,3511,1733,510,3.46,123900
34,1218,797,248,2.4348,104800
14,2606,1228,512,2.5764,150000
4,23386,10493,3671,4.0211,144000
6,7430,3489,1115,5.3267,140100
17,2479,1219,363,4.6417,125700
12,5319,2439,779,4.6629,131500
34,2156,1269,388,2.75,96800
28,718,347,121,4.025,102600
33,873,425,142,2.67,187500
5,5807,2602,1007,2.4012,159400
5,10356,4562,1427,4.9806,141100
6,4558,1543,563,2.8548,138500
16,3914,1524,795,2.415,137500
26,4230,2789,793,2.5179,104000
46,40,14,7,1.125,225000
7,4915,2833,874,4.3229,130000
34,1943,1078,446,1.1296,93800
32,3670,1986,673,3.682,108800
27,3019,1580,523,3.7804,113500
31,2666,1337,602,2.4432,101100
35,2118,1108,360,3.4327,100300
33,2815,1447,489,4.2679,119600
25,1703,775,309,4.5455,126500
17,2994,1571,695,2.5902,85400
32,1300,712,249,3.25,107500
9,4303,2240,861,3.7807,110900
5,12317,6291,2654,3.5732,146900
20,1257,551,186,4.6591,247200
15,2181,1057,300,4.625,118100
27,6007,2680,882,4.1719,117200
36,1338,709,250,3.5625,101400
33,2347,1482,374,2.8194,93000
32,1164,588,270,1.1917,86900
35,1503,842,300,2.5278,97700
36,1205,678,290,2.0182,98400
12,1984,1071,574,1.2532,102100
36,2696,1192,452,3.9615,116300
33,2918,1365,478,4.8787,127700
35,3114,1974,545,3.9028,126800
34,1439,708,298,3.2699,100000
48,1379,696,304,2.1167,94900
19,3430,1817,571,4.7875,163600
16,2035,704,330,2.1979,146400
5,9076,7694,1278,4.875,163400
12,4881,2188,724,4.1667,171900
13,5341,2288,724,6.6772,185600
8,11275,5731,1692,5.0285,167900
5,8352,3723,1389,4.5659,140300
33,1781,913,314,3.9963,126800
9,1561,731,233,5.7049,173200
28,2357,1162,384,4.3636,179700
25,2627,1059,338,3.6382,138200
17,3810,1867,586,4.9,152400
17,4001,2313,756,3.0441,140100
17,1827,766,335,3.5673,136300
19,552,314,106,3.2125,185400
18,6893,2837,1221,3.3173,218400
31,1398,884,299,4.8409,264900
18,1859,913,372,4.3456,148900
25,3080,1558,510,5.0839,156700
10,4122,2164,710,4.2941,151600
34,81,53,14,1.4091,137500
7,681,485,104,2.7396,125600
5,5613,3569,999,3.1946,132700
8,3484,2169,619,3.9766,135800
10,2907,1681,531,3.8594,141000
13,2815,1492,491,4.0945,135700
31,1537,1239,397,1.9722,99200
38,248,261,53,2.1413,96900
19,3562,1677,578,4.1573,228100
7,2465,978,332,7.1381,292200
2,11008,4098,1367,6.4865,204400
33,2189,1459,443,2.3958,94500
33,2111,1067,397,3.7344,111400
5,7294,3123,930,4.9904,154100
12,2472,1048,380,4.7097,262100
4,14348,5839,1806,5.3799,222400
16,2573,1273,426,5.9508,181100
13,2614,1949,537,2.0547,102600
29,2370,1746,483,3.7464,113500
6,9882,4892,1621,3.7636,167600
5,6446,3427,1104,3.9936,148500
32,1489,774,267,3.275,103500
29,2843,1517,573,2.6658,106900
7,20377,11973,3933,3.3086,138100
4,9761,4970,1535,4.5266,142900
5,1113,631,168,4.1719,146600
34,3416,1929,567,4.0147,107400
36,1493,899,260,3.86,109300
12,3851,2169,811,3.0101,116300
5,10264,5871,1790,4.2329,145500
14,5144,2846,824,4.5615,137200
4,9849,4546,1598,4.0729,154300
4,10655,5391,1529,5.083,151300
2,2701,1368,430,4.071,137400
5,16181,8152,2651,4.5237,141800
14,2798,1236,404,4.8667,239900
11,17339,8721,2803,5.9507,225200
22,4443,1573,496,10.0285,500001
14,3490,1710,580,5.9171,333300
7,4524,2298,717,6.5538,311600
6,5813,2275,790,4.7778,340400
10,2184,1119,370,4.7437,294000
10,2726,1773,459,4.8295,319100
12,3449,1502,540,3.7043,150800
32,1896,806,299,4.5769,159400
18,2986,1355,472,3.2765,165000
12,25957,10475,4490,4.542,195300
25,1290,689,216,6.0097,220200
3,6577,3032,1004,5.9263,251800
36,84,29,17,3.375,187500
17,10267,4956,1483,5.5061,239400
26,934,519,162,5.3209,185000
19,3013,1356,484,5.1163,233200
26,828,508,158,5.2374,185500
19,1285,650,193,6.0398,217800
5,15341,7270,2320,6.1281,236200
10,5509,3002,959,5.5981,220100
15,8510,3733,1233,6.1082,253700
25,2988,1884,513,4.7007,169500
5,1514,1355,215,8.1344,359000
16,13406,7030,2440,4.6861,187900
15,8244,4453,1357,5.4829,199600
23,4166,2082,743,4.4107,213400
21,1375,728,258,5.0166,229000
17,913,530,201,3.038,238500
25,3223,1763,508,5.2887,183000
13,3600,1799,576,6.2971,218300
5,21113,9842,3886,4.2037,194600
14,15348,7087,2169,6.3277,237700
2,966,233,169,1.9667,450000
5,4028,2062,826,4.0579,167100
5,14275,7158,2311,5.4284,236300
9,2356,1556,386,3.775,155000
5,538,8733,105,4.2391,154600
4,1949,868,398,5.0151,285200
21,5477,3384,1222,3.6625,228100
18,2288,2305,597,3.227,136100
18,2096,1044,328,6.8299,262100
5,7748,4768,1393,5.305,311200
8,3839,1342,593,3.9118,333700
27,2051,917,287,7.6059,323700
5,4222,2024,646,5.8703,500001
21,7010,3331,1038,6.776,278100
23,3927,1984,707,4.8536,202600
8,21086,9936,3790,5.8602,265100
24,6246,2803,999,6.3002,282900
4,17313,6902,2707,5.6798,320900
16,8726,3789,1279,6.8419,323300
2,5989,1787,613,6.6916,329500
52,803,628,225,4.1932,14999
52,433,147,53,3.9583,162500
52,102,54,32,1.9875,191700
39,1622,903,314,4.1125,183000
34,503,275,68,4.5491,375000
26,4047,571,199,2.3482,179500
14,362,88,39,3.5893,214300
14,2391,798,308,3.0924,114600
17,3538,1603,629,2.9449,95600
17,1280,707,267,3.55,106300
19,3273,1164,481,3.5446,106500
10,2106,1003,397,2.7813,124100
13,2307,925,347,3.1326,119800
16,2131,989,369,2.6071,103700
11,2161,820,405,2.3565,122300
15,2654,1267,489,2.8393,104400
13,1722,712,269,2.625,137500
7,3389,1268,474,3.0224,147800
17,2171,1042,375,3.625,94400
8,828,413,146,3.375,80700
10,3113,1508,512,2.8167,96100
8,5212,2383,857,4.1099,113600
13,5087,2284,913,2.7413,123100
38,1696,985,278,2.4054,112500
37,1495,858,275,2.9306,46300
21,1724,1006,290,3.2868,91700
29,1995,1261,354,1.9073,79200
18,1277,674,238,2.6694,75900
20,2062,1285,456,1.5319,50500
33,1097,627,253,1.2794,50700
42,1142,597,210,1.7279,52300
36,1219,639,245,1.9464,57000
17,3328,1580,619,2.9861,81500
33,1239,648,227,2.0278,58800
16,1027,673,193,2.9688,63800
34,1391,943,281,2.4219,83900
24,646,454,149,2.125,61900
19,901,700,190,2.2375,64300
11,3606,2074,644,2.6941,63300
18,2287,1339,505,2.2527,65200
21,1667,861,276,2.6012,92200
18,508,393,114,3,156300
17,3344,1624,536,3.8952,95300
18,402,213,71,1.9063,95800
11,3761,2374,673,3.4598,74600
13,6301,3840,1033,3.5258,84900
14,1636,766,225,3.125,88500
9,1608,1057,295,3.7143,81600
18,1996,1327,356,2.6087,96000
25,2115,1976,474,1.8431,53900
11,2513,1360,415,4.277,98500
13,2872,1607,481,4.475,102400
12,3174,1590,488,4.5347,101200
13,1429,702,205,4.3625,111800
12,1790,1399,397,2.5388,59600
12,2710,1724,516,1.4712,60400
16,3705,2463,697,2.5288,61800
20,2029,983,401,1.8444,47100
38,1542,1220,334,1.625,52800
28,1563,1564,408,1.5662,48000
34,1457,557,226,3.6181,96500
13,3356,1458,601,3.8257,94200
20,2100,910,274,4.8187,90900
16,3222,1425,503,4.1544,119400
36,2074,954,363,3.1136,73800
41,1164,476,171,2.4196,70700
27,968,587,231,1.6071,55000
35,1859,1208,399,1.4044,61700
37,1000,1092,233,1.4267,52300
31,696,913,248,1.4,52500
44,1288,723,287,1.6534,61400
42,963,471,211,2.2898,66100
32,1268,549,273,1.4511,65200
20,2129,1845,522,1.8973,51600
23,2126,2091,491,1.3713,51800
36,1528,1334,304,1.3594,48300
26,1284,820,254,2.5833,62300
14,4795,2047,640,4.665,121300
31,2366,1933,433,3.0234,65000
32,2089,1765,427,2.234,61700
43,1226,491,205,4.9286,307000
16,4431,1659,630,7.5412,392100
26,5188,2341,906,5.0029,255600
14,2259,1127,346,6.4092,334900
20,1589,601,224,5.3755,290900
9,1302,682,190,7.5,423200
24,2863,1583,682,3.1981,215300
32,3521,1706,723,3.4705,228600
25,7784,3445,1166,6.0132,287900
13,5027,1912,770,4.9286,309500
19,1752,873,336,3.8068,201600
23,8642,3594,1253,5.3962,301500
21,3891,1968,632,5.5524,279200
18,6205,2311,756,6.9081,368700
22,11872,5600,2200,4.6463,276300
27,10839,4406,1623,5.615,285600
5,1495,555,201,6.7232,345000
17,9614,4684,2060,4.1705,209800
19,15622,6109,2615,5.0965,295300
38,3392,1894,713,3.0573,350800
20,4536,1812,701,6.0433,435900
24,9493,5162,1880,3.0742,118800
16,1495,472,284,3.4432,67500
13,4284,2146,937,4.1289,179200
36,4501,2196,800,4.3182,252700
27,3121,1318,489,5.4781,310900
17,2449,1157,543,3.9519,274200
26,48,19,8,7.7197,400000
29,7174,3063,1172,6.0902,293200
24,2330,911,320,6.5253,387700
34,1887,815,283,6.5249,324800
25,3412,1238,406,8.3646,397300
33,9531,3798,1409,5.6512,314000
21,2144,840,398,4.6,239500
27,4985,1928,742,6.4978,361500
27,3966,1657,611,6.3314,342200
28,3416,1694,800,3.18,277000
18,3119,1395,722,3.9265,301100
32,2236,818,330,7.3521,444000
31,6555,2962,1464,2.8903,324200
52,1758,607,264,5.5083,371900
34,3306,1398,585,4.8993,319900
32,2390,810,354,8.5759,500001
31,3807,1581,795,3.293,337500
32,4138,1541,626,5.5791,433300
37,4801,1830,679,6.0762,487800
37,4296,2100,1025,3.2462,329400
22,7274,2468,957,7.494,439200
10,1325,427,162,12.0933,500001
27,5470,1916,764,6.994,420800
34,1256,460,174,6.4271,451700
52,205,228,132,1.9063,200000
52,1560,700,419,2.5125,270800
44,3595,1831,910,2.6036,287500
39,4193,1833,737,5.6263,352100
33,563,265,169,2.75,231300
39,3302,1574,653,3.6863,263800
35,2012,818,352,5.2818,331000
37,1340,621,314,3.5588,268800
37,350,179,69,6.2862,500001
35,908,413,197,3.9917,290800
16,3769,1986,815,3.9712,187500
16,100,45,25,6.1359,212500
25,6526,5917,1812,2.7273,187500
36,1336,678,249,5.5789,292000
36,1199,551,229,3.7321,266700
41,1865,825,369,4.2011,255400
42,1410,624,292,4.1379,309100
40,1428,708,255,5.0766,305400
46,4036,1872,833,4.5625,275200
40,7737,3108,1349,4.4375,289600
52,370,150,56,7.7006,316700
36,4869,1899,827,4.1659,302000
21,2198,1100,449,4.1098,246600
35,8814,3450,1258,6.1724,414300
45,2404,926,400,4.9674,320100
38,5587,2466,1027,4.1711,336900
49,2860,1178,522,4.625,355000
52,3675,1553,639,4.6905,316300
52,1180,467,197,4.9615,292200
36,2649,1111,557,4.8056,345700
52,1833,735,306,4.6944,398900
47,5416,2177,1027,3.5055,382100
52,2232,731,253,7.1155,500001
52,3458,1449,471,9.1834,500001
34,2677,933,410,6.1444,500001
36,2023,653,241,10.6272,500001
29,377,151,67,9.5551,500001
44,1552,596,208,10.129,500001
33,2534,996,449,4.3083,500001
38,2310,971,386,5.697,435700
33,4448,1675,628,7.8904,468800
22,7446,2980,1888,3.5838,271300
36,4385,1549,626,8.3935,470500
42,2171,887,347,6.6125,393200
43,2998,970,430,5.5385,431800
39,3670,1519,788,4.4081,435200
26,3990,1550,792,5.1834,405500
18,1804,600,241,5.9582,500001
18,878,384,247,4.7344,200000
34,2782,1219,507,5.0779,333900
32,2622,1022,464,3.7647,375000
24,421,163,75,14.5833,500001
42,1741,723,306,5.5379,410500
37,1722,648,337,4.125,310300
45,1530,608,328,3.875,390800
47,793,334,151,5.8509,317800
32,2639,1013,408,6.1632,349200
30,2270,974,351,5.5926,300900
26,2170,849,318,6.2953,386200
2,647,203,118,6.641,310000
16,2947,1385,743,3.6731,318000
35,2492,812,373,8.8386,500001
36,4471,1315,582,11.5706,500001
27,2682,935,369,10.0791,500001
31,7001,2755,1267,5.4851,441100
23,1650,541,336,6.0238,500001
23,10774,3895,1683,7.2905,500001
30,3763,1292,632,8.4888,500001
28,5448,2100,1023,4.7475,474600
27,2674,1233,547,3.4485,458300
37,2524,999,417,7.9892,500001
44,2846,1232,537,3.8839,327200
48,2491,937,455,4.4375,370000
48,2924,1159,505,5.6302,489000
52,2303,859,359,6.1085,500001
30,4174,1818,705,5.5951,402900
17,4363,1640,989,3.9531,417600
16,1704,689,348,4.4239,267100
41,3170,1091,528,3.7813,389200
34,1431,503,220,7.9606,453400
48,1550,641,276,8.634,463500
52,1972,755,345,7.1924,500001
37,1926,721,298,8.9248,500001
48,1283,567,255,3.2794,460000
25,4921,1913,834,6.8742,413100
30,4382,1775,745,6.7809,414400
20,1814,658,253,7.9977,400000
36,2688,1064,449,4.4583,308600
36,1760,562,246,6.7546,402400
33,4971,1907,795,6.1275,424400
35,4127,1596,707,5.9073,400400
24,221,75,38,5.1292,362500
21,3904,1949,919,2.862,258400
19,1926,881,546,2.9145,140400
17,4333,1650,919,6.3066,346100
35,2729,969,528,6.7669,500001
52,2175,809,503,4.5398,442000
52,3914,1177,670,6.2113,500001
42,6297,2096,1205,6.4752,500001
38,240,63,34,12.2547,500001
52,176,88,46,3.8068,275000
30,833,358,143,6.8198,493800
38,1183,628,205,3.75,478600
42,1505,553,277,4.1792,350000
21,2845,599,250,4.3125,495800
43,1730,629,279,4.3194,238700
23,1250,437,188,3.115,242600
44,2602,691,343,4.3125,261500
31,1858,701,297,3.8269,270700
28,1284,628,219,3.5469,200000
26,1445,510,207,5.6305,430000
52,1275,627,185,2.3482,163500
20,1982,308,132,3.1429,240900
19,1615,815,337,3.4609,238800
36,2378,957,362,3.625,253100
25,1470,706,283,1.7614,71300
17,2116,909,319,2.7188,113100
14,2878,1011,509,1.398,103800
32,1312,600,265,1.5,91500
12,2776,1236,489,2.5551,105000
16,1667,762,283,1.75,87500
11,2403,890,344,3,120800
13,866,369,165,2.875,70200
17,2806,990,410,2.3818,88100
24,172,79,30,3.8333,93800
13,1713,643,241,2.662,92400
13,2230,920,361,3,112000
17,2582,1087,423,2.5,104200
15,989,406,151,3.1771,121900
13,1999,750,308,2.875,96000
14,2744,1153,474,2.753,111100
30,2165,1500,414,3.5391,55900
30,2857,291,135,2.6838,164600
23,608,281,108,2.9306,70000
25,1435,746,259,1.7788,57900
25,2075,991,377,1.2281,60300
18,2130,863,346,2.3571,79200
42,1518,656,303,1.4952,69800
19,1461,515,227,1.5278,145800
15,1839,887,332,2.2429,100000
22,2124,1122,446,2.1793,71500
21,3359,1908,642,3.0433,140700
24,1421,588,274,2.325,157300
28,2492,1202,460,2.7857,150300
32,790,380,142,2.7,165000
47,1150,552,201,2.5192,110400
35,1718,698,299,2.9243,131600
52,1533,754,340,1.9213,95000
49,2290,1201,479,3.5,113300
33,2024,1019,422,1.9208,93600
36,1330,761,286,2.7813,105800
16,2017,1177,414,3.2171,116200
11,1804,895,451,1.7574,150000
15,2342,1064,433,1.8967,96600
10,4086,2111,758,3.2156,104400
22,2085,1133,402,2.3906,92600
18,3946,1899,730,2.6424,124600
18,1619,904,295,2.1625,77200
32,2780,1281,479,3.588,96000
46,1748,808,330,2.9183,76900
27,1321,779,327,1.85,71800
21,1081,715,275,1.5625,71500
18,2821,1636,615,2.3333,84000
19,1056,611,226,1.746,105000
20,804,448,140,3.9632,147100
19,1026,424,152,2.8833,154200
20,2745,1421,430,3.3431,137500
25,3066,1558,535,3.788,134200
16,5569,3148,1088,3.1455,142900
17,1087,522,202,2.5875,144500
18,243,115,54,2.125,175000
17,3145,1560,647,2.2926,149300
22,1542,821,285,3.5917,118800
26,786,494,161,2.3583,105400
16,1377,830,279,3.25,151400
23,4671,2095,857,3.184,140500
17,1981,773,325,3.1563,277000
18,1652,711,292,3.1071,213200
23,2754,887,432,3.3654,225000
20,4620,1745,794,2.375,158800
38,1706,506,211,2.5625,165600
17,2206,1140,428,2.1985,95300
17,5202,1742,803,3.1201,176100
18,2251,1032,369,2.2946,101000
28,1416,812,258,3.4063,109400
35,1551,857,288,2.7232,115400
17,2772,1501,584,2.6275,142100
24,5372,3002,992,3.0652,131100
17,1890,877,312,3.7833,159800
45,1348,639,270,3.3667,115200
32,1149,499,208,3.6587,154600
33,1176,529,217,3.8958,144000
36,1166,504,203,3.5938,122100
52,1370,617,228,2.55,112900
39,1419,661,278,3,114600
27,1531,822,234,4.0469,127400
14,1908,1195,467,1.7929,82300
29,6121,3595,1189,2.631,109600
27,990,592,225,2.0074,96200
16,2577,1232,488,2.6012,125600
31,2685,1367,626,1.6571,108900
17,1620,878,399,1.8042,109200
26,1474,1065,401,1.375,84400
15,2235,1376,516,1.9032,100000
32,1143,454,188,3.8333,116100
14,2240,1030,308,5.9585,214900
30,1904,816,325,4.425,161900
33,1320,1048,303,1.7813,94700
31,418,327,81,2.775,120800
38,267,196,60,2.3125,70000
22,2163,1048,358,2.7171,95800
36,1211,697,251,2.5761,94900
22,2704,1432,399,2.9,83100
33,1028,658,197,2.3043,66300
27,2295,1252,350,3.6182,123200
18,2003,1333,411,2.7562,90500
27,949,888,241,2.3333,72800
17,2534,1764,502,2.8519,80700
35,2436,1730,469,2.2071,85900
11,1479,1476,327,3.2721,73800
40,680,785,175,2.6058,72700
46,860,496,147,3.5167,137500
30,2390,1409,428,2.1484,81300
32,1656,1037,286,2.4964,88800
37,653,827,176,1.9236,64400
22,1311,1455,340,2.2813,67300
23,1451,1052,265,2.8698,72900
14,1979,1756,382,2.6923,71400
7,2773,1374,505,2.6214,103800
17,3511,1904,617,3.1111,113900
32,2892,1580,484,3.7784,164500
32,1175,774,222,3,109400
24,1294,684,221,2.6908,103100
27,2692,1518,447,2.0417,94200
21,3157,2268,620,2.567,70400
19,2256,1469,435,2.5129,84600
25,1731,810,266,4.1058,107600
16,4717,3589,1017,2.1061,72800
27,2083,1462,479,2.6439,69100
39,2235,1268,402,2.6758,74600
10,3075,1368,487,4.6667,130100
27,2521,1307,456,3.0911,86900
16,1605,866,284,4.0694,110200
18,874,572,190,1.6833,71000
15,3455,2014,659,3.2656,83500
8,2608,1530,435,3.968,102100
11,3946,2814,953,2.0179,87300
34,1722,904,315,2.4653,66100
34,1900,1009,385,2.2222,75000
20,1457,1000,346,1.4615,69200
18,5009,2497,805,4.25,146300
34,1830,1304,415,2.1182,68900
16,638,380,132,1.9135,87500
18,704,520,154,3.003,101300
19,3874,2441,707,3.2955,88600
15,3249,1569,595,3.5393,88000
33,3564,2603,696,2.2179,67500
16,2236,1361,393,2.0066,125000
21,1410,590,205,3.3194,141400
28,2159,1283,378,1.8939,83000
18,8606,5303,1644,2.4012,79700
21,1684,1052,312,2.0809,95800
13,2109,1108,466,2.3099,89600
10,1275,620,240,3.0263,118300
13,1936,1158,367,2.75,83200
13,3474,2149,821,1.9528,85300
13,3641,1737,788,2.1418,130600
15,3952,2024,1026,2.558,121600
16,1245,956,219,3.4559,108000
8,6146,2821,987,4.67,127600
9,2934,1227,501,3.6742,117200
16,1170,566,181,5.2522,125300
21,1318,618,197,4.8214,117800
19,3136,1631,484,3.6471,101400
4,786,368,109,6.3215,138200
17,6111,2950,1104,3.2852,98800
16,3369,1770,574,5.2662,126200
20,4379,2055,716,3.7652,133500
26,3170,1524,565,3.48,95300
42,2361,1684,511,2.355,75600
36,2162,1048,451,2.6797,81800
45,1834,1405,407,2.0521,72400
49,2919,1956,679,1.5427,88500
39,1015,875,313,1.5,67000
50,985,621,250,1.3125,60900
21,6911,3967,1297,3.0515,95200
35,2042,953,356,2.7344,87800
40,3693,2102,742,2.1838,75000
36,3346,2151,713,2.3095,68300
20,4927,4205,1009,1.7679,79800
29,1572,1697,429,1.76,63200
35,1313,1350,343,1.75,57600
17,2414,2487,582,1.0955,62700
16,749,1277,224,1.2054,60900
17,2266,3200,664,1.5635,60400
19,1548,1227,309,1.7756,73300
11,1721,1708,373,1.9535,57100
12,2855,1658,586,2.3929,81100
18,1260,576,263,1.7222,101500
30,2972,1940,590,2.3594,72300
15,1613,673,213,5.9378,212200
28,1401,967,257,1.5917,89400
33,993,556,175,2.4286,103600
38,576,478,112,2.3382,59600
40,1542,1283,341,1.6929,55900
36,969,732,175,1.5938,57600
9,695,810,190,1.6172,56300
34,1656,1110,332,2.1845,59900
31,2447,1313,352,3.3929,93800
17,605,416,83,2,87500
31,1923,806,349,3.1738,97600
45,1750,847,354,1.7062,77400
21,1937,1002,373,2.6087,96200
16,2216,1135,424,2.7316,97500
30,2603,1491,473,3.0909,123400
25,3301,994,306,3.2262,97200
17,1118,560,244,2.0216,112500
33,1541,880,272,2.5074,117700
28,1689,1057,267,3.125,156300
43,1116,801,207,2.875,97200
3,3425,1588,459,4.1779,147800
16,1795,1642,340,2.5363,86300
24,1520,882,306,2.2019,100000
14,1506,1096,352,1.1301,78500
31,2609,1796,629,1.5479,82000
26,2036,1343,414,3.6331,88600
29,4176,2092,741,2.595,104200
32,2893,1198,466,3.1719,140600
8,1944,814,276,5.3988,165500
9,97,91,22,2.9063,55000
16,3736,1942,730,2.5598,120200
15,1385,775,255,1.933,140600
22,886,595,161,2.4398,150000
34,1841,1019,356,1.7841,67500
32,320,222,78,2.9271,87500
26,1787,1548,362,1.7188,49500
20,2380,1581,505,2.0595,61300
23,2363,1168,410,2.2794,75700
32,2455,1344,492,1.9732,69400
18,164,104,32,1.6607,87500
42,2918,1182,440,2.1434,44000
22,2124,829,313,2.4519,57500
21,1091,660,188,2.2321,34600
16,2843,892,386,2.5074,69100
20,1367,429,181,2.0227,47500
34,1355,434,178,2.0903,56100
33,2820,976,403,2.6062,52600
22,9047,4276,1622,2.0802,47900
14,1250,721,234,2.35,95700
20,1963,682,273,1.5817,97800
19,3325,750,286,2.9509,114800
15,991,419,170,3.5469,82500
12,1736,330,123,3.5294,160700
17,1631,285,128,2.7656,130000
15,2199,899,347,2.35,107800
20,3301,1085,448,3.7315,159300
11,3934,901,345,4.2381,242700
14,5919,265,112,3.2431,221400
18,1795,483,208,4.5375,169800
20,2474,338,141,5.01,195500
17,3769,1160,453,3.05,188900
13,1907,575,234,3.0685,162500
14,2284,342,137,3.0921,87500
14,1847,238,98,3.6042,137500
10,7744,483,224,3.2917,231800
17,4203,2900,827,4.1742,159900
19,5015,3251,940,3.9818,152900
24,4195,2200,647,4.3451,177800
30,1337,838,247,5.0374,165400
32,4089,2927,713,4.1675,142500
29,4964,2773,1036,3.0827,148100
27,4131,2002,815,3.2929,157500
33,3252,2010,641,3.4222,158100
21,7884,4907,1919,2.7367,160300
16,6568,6012,1565,2.3463,156100
24,2591,3243,702,2.1766,108500
37,3149,3456,788,2.8542,127600
43,2534,2448,603,2.4884,130500
19,9899,11272,2528,2.0244,118500
39,3260,3130,793,2.5224,119200
45,1827,1507,410,2.8942,129000
31,2697,2220,665,2.5329,135200
34,2486,2443,557,2.5263,130400
28,256,214,60,3.0197,137500
44,309,315,80,1.6071,112500
24,3174,1466,535,5.2285,248100
30,3745,1762,748,3.2355,214200
42,4261,2013,801,3.5288,221000
52,2351,1169,439,2.8924,169600
28,1926,1717,535,1.9385,123200
10,913,508,251,0.9914,147500
40,2878,1444,564,3.1439,192300
40,2497,1275,508,3.1071,193100
19,9371,4259,1882,3.6875,189700
24,3071,1477,560,3.9219,222500
26,5745,2780,996,5,202300
38,5561,3523,1253,2.8289,168300
6,10613,7249,2375,3.7912,168900
28,1049,705,208,2.7321,150000
37,424,266,64,3.3472,293800
23,2392,3074,718,2.5195,136900
16,1680,1103,275,4.6125,253800
13,833,405,127,5.2729,322900
15,2608,1531,457,5.5148,253500
28,1445,1017,284,3.6693,211000
28,827,703,144,4.4271,175700
19,2528,2332,492,3.7766,177000
22,1304,887,227,3.6607,206300
19,2511,1551,450,4.9107,231900
20,2606,1361,426,4.5787,245100
19,2164,1309,426,3.338,185300
16,3841,1799,611,4.3814,245300
18,1984,1078,359,3.2969,229900
18,2837,1454,458,4.5272,221000
17,3921,1895,641,5.0092,238700
18,1819,919,295,4.1696,222500
21,1141,671,195,3.8424,155700
21,2294,1306,430,3.0347,227200
27,1608,2031,498,2.3384,121000
25,1851,1678,390,3.2937,135300
32,1740,1563,389,2.7694,132400
30,2628,1372,432,4.1696,175000
18,5915,2975,975,4.5812,255200
18,1575,751,219,5.2203,286500
15,2191,1150,330,4.7969,227500
12,19234,12153,4372,3.2652,152800
37,641,458,142,3.3456,252600
52,1437,836,257,3.6286,165500
12,6758,3918,1100,3.525,201700
11,4712,5982,1105,2.5986,135700
12,512,767,149,2.2667,72900
19,1907,681,270,6.0332,244900
19,3562,1607,505,5.0162,283100
11,5892,2327,812,6.1551,291800
34,737,362,138,5.1788,270000
21,3905,1528,586,7.6245,336600
15,4037,1596,557,8.0922,390100
14,1835,1867,461,2.3879,129800
31,1636,1468,339,3.2219,114700
29,1045,1245,273,1.775,112500
13,2685,2474,573,2.8775,134100
28,1006,738,193,1.9722,210700
33,2952,1264,517,4.4209,274600
27,3184,1121,493,5.6383,377000
28,1973,970,349,4.25,279100
19,2150,1052,428,3.5039,288400
20,1335,717,243,4.7891,230600
9,1580,465,208,6.1668,405800
21,2740,2630,564,2.6629,102700
20,1054,1219,273,3.0437,76600
22,2927,2546,618,2.7153,114300
40,622,902,196,2.625,109100
39,2288,1449,410,3.3289,190600
23,2095,1858,457,3.0543,92400
12,4776,4601,1066,2.9184,100500
30,146,164,40,2.3,206300
13,1642,1534,388,3.1222,125500
33,1691,792,262,2.6648,164600
16,1720,1427,291,2.1107,76200
27,1476,1156,358,3.1929,137900
30,1484,1200,351,1.7548,95800
34,2504,1810,547,3.4821,113700
16,1868,1323,436,2.9559,163200
12,2198,1971,502,2.6801,100000
12,3738,2337,664,3.9647,135000
28,1057,288,130,3.0526,146900
31,372,479,67,3.5547,200000
16,3077,1479,536,3.3724,114600
29,1916,1019,314,2.4881,87500
39,768,264,118,5.3245,250000
14,1078,382,171,3.7083,210000
20,958,590,189,2.6094,362500
25,726,411,214,3.2375,450000
20,10053,3083,1621,5.1506,387500
22,1746,886,364,5.5469,378800
18,2321,803,341,10.1854,426000
18,3165,1312,434,6.5234,357400
28,2830,898,370,5.8142,500001
42,3944,1374,598,4.174,394400
39,5468,1782,712,5.7248,398800
33,5323,1670,740,3.9792,468000
40,2124,643,341,5.5164,369100
30,2722,628,384,3.4048,487100
39,2144,749,419,2.7039,364000
37,2190,490,300,3.7852,465800
44,3494,693,415,3.6,452800
52,2616,582,313,3.275,500001
31,1736,497,170,6.3835,407800
25,2201,622,295,5.0621,386500
32,3152,793,426,7.1198,469900
22,3553,1108,441,5.8505,417100
23,4911,1480,606,6.777,500000
28,3153,569,271,14.4113,500001
33,3455,1704,663,4.0154,225700
29,3735,1873,757,3.1543,253800
34,2351,1063,428,3.725,278000
27,3044,1229,618,3.1359,268000
39,869,406,165,4.0313,253800
52,974,403,181,4.3281,236500
52,1001,425,184,3.7614,241700
47,1811,948,375,3.0379,249300
52,1431,657,293,3.2865,240100
52,867,391,187,2.6713,234600
52,1410,578,285,2.5625,235400
52,728,313,142,3.4327,254500
40,1292,504,230,2.475,258300
30,724,325,155,3.3333,247900
19,2371,944,332,5.9175,240200
52,2584,790,444,2.5263,286400
52,541,240,145,3.5865,290000
52,1220,488,265,3.7454,243800
42,817,391,193,2.1776,279200
28,3983,1582,778,3.5147,313900
33,1740,638,329,3.1912,319800
40,1076,406,180,3.4943,311100
41,1049,428,183,4.3571,287500
36,877,349,168,3.4167,339100
20,1834,971,514,3.0383,217300
29,3412,1574,759,2.9309,217100
30,2755,1519,554,3.2952,234600
27,1619,831,344,4.3,226400
21,1242,834,362,2.4922,243800
39,1629,804,386,2.4663,236500
33,2461,1234,601,2.8727,225000
45,2249,944,429,3.0625,260300
42,2689,1023,459,4.6182,301000
31,1431,704,393,3.1977,289300
31,2034,966,322,4.6964,291300
35,2605,1110,406,5.5519,329500
17,5039,1678,710,6.2323,339100
40,626,337,150,2.7917,225000
19,656,248,173,1.2656,500000
30,1671,760,375,2.5164,178100
30,1822,932,496,2.6894,179500
18,2700,1042,744,3.1364,150000
32,784,262,114,6.918,500001
29,4910,3438,904,4.0432,450000
20,6332,2668,955,5.7578,347700
13,3030,1027,363,6.9615,500001
21,1616,688,384,4.2109,278800
31,1044,762,301,3.038,195300
21,3634,1985,917,2.9085,156300
33,1409,633,290,3.5568,191200
21,2381,1264,659,2.5372,218000
42,891,525,212,3.3156,186300
34,3852,1661,696,4.3269,221300
27,5665,3612,1191,3.0542,142100
30,2748,1491,535,4.3472,185000
26,2902,2258,719,2.5663,128900
30,2958,1616,666,3.4643,191800
21,2876,2487,795,2.2007,112800
15,2190,1570,510,1.875,122300
24,2437,1430,444,3.8015,169100
26,3723,2563,747,3.4531,133100
27,2248,1644,453,3.2545,131200
33,2938,1516,568,3.5,162400
33,1771,1037,388,2.7708,161800
41,3138,1890,642,2.4864,140400
38,238,191,67,1.3897,125000
37,338,231,100,2.5313,108300
26,32,27,10,2.225,150000
11,32627,28566,6082,2.3087,118800
18,8581,6071,1889,3,162200
22,6912,3794,1455,3.0608,168300
14,2493,1296,418,5.4508,190000
12,3877,2274,858,3.4239,194800
18,6601,3562,1299,3.512,174800
52,144,89,48,1.0096,162500
52,935,315,207,1.8287,146900
21,1108,524,274,2.7619,154600
52,1128,450,197,3.3542,154600
52,1219,847,283,1.6691,183300
23,1398,1112,406,2.2366,140200
52,3217,1670,671,2.4398,163100
48,2278,1219,453,2.9643,154000
40,1739,744,312,2.6518,156100
38,2308,1272,406,3.6083,134200
10,969,482,180,6.5799,218100
36,1446,678,295,2.8409,153000
23,526,245,130,2.0134,142500
19,531,139,80,1.9875,325000
20,3870,2088,774,3.3021,152700
24,2831,1462,503,4.5,158300
37,1170,766,302,2.6618,136200
33,4518,1776,669,5.2444,281100
31,1267,545,297,1.9946,206800
44,3030,1373,582,2.9054,155200
12,4609,2293,960,3.4543,194500
23,4312,2317,934,2.7667,153200
20,2063,1045,460,2.5035,153200
34,1797,1162,407,3.455,137500
25,4927,2756,998,2.7325,162900
52,58,48,22,1.76,166700
45,3075,1635,723,2.2721,139800
44,3690,1922,736,2.6346,139800
19,4187,1827,605,4.5293,210400
21,1922,1051,342,3.6042,183300
15,4741,2043,856,4.1862,183600
26,2155,956,365,4.0132,174700
33,2463,1235,465,3.7045,161500
17,851,370,123,5.0877,209300
15,3193,1303,426,5.3017,202600
19,2922,1221,442,5.8002,238700
22,2483,1478,492,4.0878,164400
35,3997,2074,703,3.285,138100
26,2710,1439,484,5,175200
14,6778,2768,1014,6.1953,258900
25,3883,1641,676,3.9,187300
32,2577,1172,447,3.8796,175500
45,3023,1789,657,3.6039,126000
21,1607,834,352,2.3787,177900
14,3541,1577,459,5.3351,269900
20,1789,1113,398,2.4728,139700
25,1701,1021,399,3.0404,142100
31,1633,944,300,3.3977,158700
34,1748,783,303,4.3585,194400
4,1051,455,248,3.6389,130200
18,3548,1476,699,3.7188,163400
35,1273,555,181,4.4861,269300
33,213,91,33,4.9167,187500
42,106,40,25,7.5197,275000
13,7065,3864,1221,4.7472,148600
34,778,406,136,4.2955,121300
45,350,225,72,1.8942,216700
17,4459,1812,888,2.9375,106700
23,2840,1586,466,4.0337,130400
33,1066,403,163,6.8,240800
29,1868,764,284,4.825,195100
18,3735,1504,521,5.6304,243100
33,2017,949,342,4.625,228600
33,1408,520,212,3.5781,242500
28,1020,504,164,4.5694,287500
20,4867,1725,1015,2.5685,267600
20,3494,1673,541,5.5718,185200
18,1808,968,370,3.7067,175000
16,2716,898,500,2.2536,201200
24,407,175,61,6.0266,216700
12,4270,1624,598,5.5266,331300
28,2024,844,309,4.7833,361100
36,831,272,109,6.3427,304800
44,1066,416,174,3.6389,304000
25,1821,349,179,6.9931,398800
34,2048,780,267,5.815,339200
31,3440,1538,537,5.5368,325900
38,1938,823,285,6.1089,280800
35,1227,548,207,4.875,336700
29,2278,765,322,4.6379,348200
33,2542,1099,420,4.635,248500
18,2487,980,503,3.5506,187500
25,928,413,184,3.4904,196900
49,1977,741,339,3.1312,247600
37,3049,1287,439,4.3125,276500
23,2191,959,361,4.1993,214500
18,1297,610,312,1.9441,184400
24,1741,564,231,3.6118,248400
26,2101,2171,360,3.6429,159700
34,2517,1324,464,3.0938,189400
20,1036,589,194,5.3698,303300
37,1898,973,340,4.2096,256600
32,1735,785,309,3.6641,275800
18,742,343,119,3.1563,98400
22,509,139,73,2.1979,152800
22,678,336,103,4.4,142500
15,1743,655,264,3.3393,146900
35,1705,708,253,3.4539,300000
43,2088,721,293,4.65,245000
18,2083,926,487,1.9925,225000
33,1239,539,246,3.5208,195800
32,2723,1549,556,2.3942,183100
18,3753,1454,668,3.7585,185700
15,6828,3002,1318,2.4726,143400
17,1878,892,299,2.8864,143100
13,1110,602,209,2.5887,144400
16,1000,508,190,2.3062,138800
17,838,388,142,3.6563,163500
10,3063,1168,507,4.4375,185100
10,3138,1275,511,4.0775,164500
8,4839,1977,762,4.0848,155900
7,2767,1143,382,3.6333,170200
8,2870,1307,451,3.463,201700
7,439,246,80,3.0781,162500
13,1839,752,270,4.2031,209600
10,1813,827,287,3.6087,182100
9,2374,884,333,4.5042,206400
12,1875,806,283,3.9185,195200
14,1651,633,261,4.2802,194800
15,1999,585,246,5.5161,361900
11,1887,775,283,3.8417,187200
14,1405,660,228,3.0804,156800
14,1131,520,178,3.9,180400
13,1085,629,214,5.0389,171500
9,1431,681,221,3.045,170400
10,680,354,140,4.0333,161500
19,2323,963,379,3.7426,162700
14,811,352,121,3.5938,140300
9,3415,1208,479,4.3646,185900
5,906,376,141,4.3523,188200
8,2112,782,344,3.7125,175000
7,4194,1355,566,4.3702,226100
9,2802,955,418,5.2359,213300
16,1528,729,319,2.4688,138800
14,1006,462,185,3.1042,152000
9,999,411,176,2.125,151800
16,1039,554,184,2.9688,128300
13,3883,1816,682,2.8102,144400
14,983,399,161,2.2917,145100
11,1265,573,205,3.3603,162500
39,2099,929,423,1.9886,113800
48,1188,471,219,2.3125,125700
20,1634,1053,390,1.5313,154900
10,2229,982,512,2.186,132700
52,1749,837,391,2.325,109700
35,2637,1181,480,2.7813,109200
52,2432,928,435,2.425,121100
30,2188,1033,437,2.1419,105200
17,3033,1319,583,2.4811,111800
25,2200,1045,419,2.6042,116700
45,204,133,51,1,90600
16,1427,642,333,1.4241,125000
14,1889,853,399,2.25,112500
28,2843,1310,525,3.2337,123100
48,1759,716,350,2.3125,108300
52,1452,637,299,2.2083,103900
43,1264,611,260,2.535,117100
12,1321,661,232,4.0062,153800
14,3338,1373,562,3.67,160100
15,2809,1267,408,4.0426,191700
16,1497,737,243,2.8942,182500
15,2993,1296,518,3.3009,156800
13,2331,1110,419,3.6563,164900
14,770,285,116,3.6434,155400
23,2550,1016,405,3.6607,153000
10,1170,537,194,3.2813,163200
17,856,518,170,3.5859,144300
17,2277,1149,476,3.2303,149500
52,3720,1424,609,3.2,155000
49,3739,1422,606,2.4283,143100
14,810,302,138,3.1094,136100
52,1549,604,249,2.2278,155400
14,1864,894,332,3.4028,171800
14,3120,1569,556,3.5385,157400
17,3127,1390,520,3.9537,172800
17,2282,974,371,3.5417,155100
16,2616,1090,425,3.7917,179200
16,352,226,82,1.6094,79500
15,1337,1172,306,2.6341,85000
17,3442,1693,619,2.8102,128900
18,453,152,77,1.3523,85700
17,1076,171,64,2.125,83900
18,1046,486,179,4.119,110900
26,1988,905,321,3.7841,109500
16,1536,646,208,2.3594,155700
14,2421,1000,354,3.5652,119800
10,614,195,95,0.9283,116300
10,2325,1016,373,4.5208,117300
9,2738,1193,412,4.3958,124800
9,2254,694,243,5.6856,138100
24,6012,780,358,3.0043,122100
29,1986,337,100,4.0278,95800
11,2520,397,165,4.665,145600
9,2739,294,110,3.1842,162500
8,4195,291,115,3.4792,180800
7,2045,245,92,4.0481,152300
8,1872,203,71,4.5882,198400
7,914,85,34,4.7917,187500
7,2611,482,159,5.0622,174100
28,2851,1287,496,5.0782,264100
34,2228,1159,378,4.8906,228900
36,1870,947,324,4.1205,217000
34,1632,690,268,5.5608,255800
35,1928,1056,366,4.0893,215700
31,1975,918,347,4.4107,202000
33,1700,981,362,4.5461,194000
31,1471,841,330,3.46,232800
29,2316,1275,501,3.776,192600
31,2397,1407,476,2.6641,185200
33,1770,1346,366,4.0833,162500
34,1475,698,293,3.8194,186000
14,999,1037,244,2.7125,166100
25,3445,2400,750,3.4702,161900
37,2633,1904,630,2.6123,161300
15,2014,839,390,4.7446,175400
32,2620,1296,429,5.7796,241300
35,1887,989,351,4.1321,198100
24,2017,900,436,3,251400
18,3744,1654,912,3.2158,215000
18,2825,1590,643,3.6106,153600
28,639,1062,169,3.0588,145200
32,1661,1201,302,4,178200
11,3127,1594,694,4.3426,141300
32,1053,1038,222,4.6696,165500
13,2312,2038,559,3.1378,137000
25,3250,1452,501,5.1084,303800
30,1596,845,309,4.5096,241100
31,2237,1135,434,4.45,267900
26,1962,1236,520,2.2156,145000
30,2658,1135,392,6.0516,245000
28,3664,1820,657,4.225,224700
25,2431,1702,523,3.7933,184400
27,4566,2045,664,5.583,267700
30,2506,1255,421,4.7813,198200
34,2271,1393,433,4.2443,174400
37,1128,931,234,2.8,137500
33,1626,1062,356,2.1944,139600
12,4415,1532,854,3.75,166300
21,2578,1207,350,6.2452,291700
15,5799,2314,787,6.3433,350500
20,3349,1822,675,4.7216,227000
17,6100,2771,866,7.6486,306700
12,4325,1897,1080,3.3173,247400
17,2936,1381,535,5.4617,190300
27,698,391,126,5.9177,267600
21,380,398,70,4.7222,208300
27,2181,1555,488,3.6106,196400
34,1763,894,297,5.0096,221700
32,1530,666,276,4.125,230200
24,2249,1015,385,4.9766,267100
34,1473,1025,315,3.8333,170400
33,1264,527,227,3.7321,216500
36,1376,687,221,3.5403,195400
8,2120,1281,470,3.4954,159500
14,1562,609,328,2.3935,125000
16,1426,652,226,6.5284,288700
23,1533,693,230,7.898,258200
19,2176,1002,402,4.9743,193500
26,2885,1227,439,4.9524,226600
33,4181,2049,834,4.3103,201600
19,2181,1272,337,5.1952,302100
33,2868,1204,412,6.1825,336900
27,2558,891,316,9.5561,411800
27,829,383,133,9.3125,293500
18,2895,1116,429,5.4716,400000
13,1814,1010,313,6.3489,337900
24,1698,676,273,5.2017,364600
18,3821,1430,568,6.9399,349600
28,2696,947,356,9.0055,375400
17,1671,678,206,13.1107,467600
12,1859,622,316,5.0258,161800
19,8096,3853,1313,6.0076,269500
9,1899,1070,293,7.2532,381500
15,3057,1679,498,6.8429,372600
10,2423,1213,347,6.5635,346900
6,1537,506,280,4.8264,146800
25,3578,1588,466,6.2556,341300
17,1665,755,254,6.5764,349000
24,1332,625,230,4.4375,334100
18,8836,3946,1451,5.6441,313000
30,2629,956,319,9.9071,500001
30,2577,1076,374,6.7528,459600
35,2159,833,335,5.3738,365100
27,2029,711,254,9.7956,500001
25,2037,1435,496,3.3199,188800
29,1310,937,294,3.8068,158700
25,1025,726,183,3.875,137500
26,1240,781,315,4.1287,205800
28,1784,1255,433,3.7054,169200
34,2138,1682,463,3.6006,161700
35,1691,1265,378,3.5855,174300
12,1370,1022,296,3.6471,141700
35,2146,1230,429,3.7813,184900
35,2181,1249,358,4.2937,183200
35,1972,1152,356,3.7222,187500
35,2375,1343,424,4.53,193500
35,2478,1333,427,5.2099,191400
32,2366,1283,477,3.3516,190000
46,1747,770,296,5.4217,256000
34,1599,938,307,4.285,184900
35,1854,1115,381,4.4784,185200
22,1432,746,296,2.0227,55000
27,890,416,200,3.141,167500
37,1785,1155,403,4.7984,175800
34,1939,817,314,3.6705,275000
36,2824,1394,507,4.6477,194700
33,1013,706,266,2.1432,197500
36,2038,1066,346,5.197,195700
36,1672,1173,337,4.5774,182100
35,1216,893,228,4.0288,184000
35,1235,875,220,4.6964,183100
35,2127,1247,378,4.75,185600
52,2157,1001,373,5.1237,240000
10,1277,730,417,1.4803,137500
46,2066,1275,448,3.9375,187000
35,1694,679,282,4.3333,239300
44,308,301,100,2.1991,191100
36,1125,966,257,2.8438,162500
52,950,429,185,2.315,182100
45,1306,585,260,4.0812,241700
32,2458,967,409,7.2893,293500
52,1270,609,211,3.75,232500
34,1851,784,290,5.2336,235600
32,1683,719,263,5.3649,243600
32,1632,575,235,5.3986,318700
30,1631,523,216,7.875,351900
35,2062,991,357,5.2897,230400
34,1396,661,261,4.675,215400
28,2315,1360,504,2.9861,218600
34,1411,1040,299,3.4338,195200
29,1121,762,276,2.5,143800
52,2031,1191,463,2.9076,177300
18,1616,866,496,3.6435,119100
16,959,353,185,4.5,173300
15,957,615,370,3.0263,162500
15,1655,1549,582,1.9127,175000
33,1582,771,240,5.3836,229600
27,2091,1037,332,5.7519,243400
25,1492,755,389,3.0893,188200
32,1133,693,228,3.3594,202100
35,1919,1302,345,5.6409,190900
32,1569,835,386,3.0465,148900
45,1006,1237,237,3.3472,168000
36,931,778,303,2.6563,155000
17,1627,1216,369,3.3438,186600
35,931,516,174,5.5867,182500
29,1221,1822,326,1.7935,162500
28,1395,1220,362,3.3008,193800
26,2296,1415,527,2.4732,165800
26,745,247,151,3.6375,133900
33,1597,1888,423,3.055,157800
16,2434,1017,476,4.2188,176300
21,3180,1413,391,6.5945,277300
15,1705,759,479,3.5333,114400
19,3583,2300,871,3.0214,218400
17,3218,1701,824,3.6946,265500
25,1142,486,150,7.1472,270100
16,2889,1227,401,6.4514,270800
17,1452,630,194,6.9113,285200
25,3205,1291,408,7.2478,299200
21,3181,1416,469,6.8268,280300
22,4386,1915,592,6.6897,289800
24,2002,820,241,6.9612,274500
19,1674,786,234,6.4218,275000
19,1621,871,322,3.7361,201400
17,1441,769,456,2.425,171700
22,2340,1382,546,3.343,184600
25,1808,1342,454,3.025,156900
24,2655,1519,708,3.3036,183900
28,3333,2026,722,3.5667,190700
28,2612,1682,563,3.6417,204300
12,1600,685,256,5.1784,254000
33,45,34,10,5.2949,350000
18,329,209,71,4.6806,187500
22,4020,1486,635,5.9639,262300
14,4753,2138,678,7.3658,288500
20,3977,1886,541,6.5843,272200
15,5078,2569,759,5.6549,301900
20,4026,1997,650,5.5918,260500
25,1548,811,263,5.2037,242200
24,3935,1912,593,5.7951,226900
24,3326,1616,494,5.7457,240600
21,1519,1203,366,3.2083,145300
19,2232,1149,417,3.1534,324400
7,2663,1367,677,4.6563,162400
15,1898,1766,455,2.4929,158500
16,1332,1534,295,3.0227,297100
19,1591,891,237,5.6573,216000
18,2705,2726,674,2.7759,200000
28,2292,2197,509,3.4856,142800
22,1105,971,249,3.1667,113900
13,3252,1546,557,5.8243,297900
18,1982,1027,324,7.0526,327500
24,2168,1050,397,4.6172,238300
19,2968,1430,459,5.3339,371700
21,3079,1431,480,4.0714,278900
16,3471,1769,691,4.1064,246100
16,3973,1971,575,6.4265,263700
23,2446,1196,359,6.5755,272800
24,1723,707,219,7.0352,299600
25,1737,840,265,4.625,245700
23,2365,1209,347,6.0132,259400
19,3544,1787,560,6.7837,264300
18,2112,1048,315,6.9308,231700
15,5392,2531,827,6.2185,280300
5,6971,3521,1423,5.2131,243900
19,2265,904,279,9.2327,461300
19,4491,2457,702,6.0591,233500
16,5954,3107,1209,4.2566,206100
18,133,95,23,3.5625,235000
14,4039,1905,670,6.3303,303000
13,3292,1565,698,5.457,308800
11,3331,1460,416,8.0287,371800
17,4575,2054,737,6.0571,272400
14,1956,671,269,6.5841,306400
16,5819,2306,914,4.6315,277500
25,3121,1278,389,7.0217,357900
17,8562,3822,1316,6.0829,252600
16,5609,2624,934,5.3307,169600
16,1800,871,234,6.6678,301900
14,6239,2923,904,6.5437,268200
25,1137,524,164,7.5744,259300
22,3760,1485,461,7.8537,354900
4,37937,16122,5189,7.4947,366300
9,4838,2090,695,6.6536,307800
8,4874,2070,619,8.1117,410200
7,9729,4160,1214,8.9088,415300
23,3038,1568,438,5.6403,233000
21,2603,1350,390,6.057,235900
18,1810,1189,326,5.2227,213500
16,4151,1558,604,5.806,304900
25,1788,676,217,10.1299,454300
17,4343,1605,484,10.5981,460100
9,10484,4005,1419,8.3931,365300
16,3781,1665,499,7.2554,335600
16,4390,2146,633,6.1504,266000
16,3182,1663,428,7.0592,288200
23,1986,826,260,7.7752,380000
16,3973,1373,452,9.8074,417000
13,2021,1081,341,4.3269,231400
11,10535,4409,1622,6.67,283200
13,5415,2061,714,7.3681,353100
15,3764,1448,468,8.7124,410500
16,3491,1496,509,6.6207,270500
15,3086,1262,436,6.4415,300700
5,4380,1913,741,6.7274,266400
14,3666,1400,433,10.1316,500001
14,2452,954,275,8.2375,388300
4,5416,1753,583,6.9544,314000
12,6208,2443,739,9.1808,413700
2,582,199,64,7.1193,500001
25,2765,1666,474,6.0531,230700
25,5950,4528,1064,4.2564,204600
14,1206,572,149,8.847,388700
18,3548,1506,449,6.925,290300
17,4138,2442,780,4.7804,242000
5,3178,1467,581,5.2541,237100
16,2022,789,270,8.4112,286900
16,4065,1962,636,6.2177,256600
24,3859,1972,624,5.7871,227400
17,3464,1713,530,6.0471,248400
21,1932,860,286,7.1497,274000
24,1684,781,230,6.8667,279600
25,3745,1648,496,7.5488,278100
23,3588,1695,569,6.1401,243200
16,5218,2701,1125,3.929,143100
13,5830,2897,891,6.2403,257400
9,5774,3086,1265,4.4063,202200
43,1911,930,433,4.6369,186400
36,1317,531,214,5.6346,272500
25,3164,1517,453,6.7921,266000
18,4552,1918,671,7.5791,288100
20,1213,565,170,7.2592,314800
16,3016,1172,382,7.5196,315600
18,1614,692,209,7.9294,280300
16,4277,1642,549,8.0082,286600
16,9653,4732,1922,3.7361,197200
18,4265,2025,544,6.4598,282700
19,2962,1295,440,6.0689,248000
16,3010,1649,538,4.0221,236200
19,3913,1646,454,7.2147,303900
16,1538,835,259,5.5779,234800
17,3173,1555,520,6.7079,250800
11,2722,1565,508,5.1645,164100
13,8527,4597,1393,6.2242,237900
15,3485,1740,485,6.7543,251900
16,3388,1395,427,8.4471,351300
15,4713,2197,673,7.5426,294800
16,3299,1967,604,5.5085,223300
10,3580,1688,467,7.7814,288700
2,7826,2985,790,10.1531,484100
10,4814,1808,588,8.798,436600
11,2422,810,395,6.1935,293200
4,6842,3256,1439,5.4132,216600
9,4257,1293,745,3.7139,196700
6,3068,985,536,4.2009,238000
15,2708,1140,389,6.2899,275000
16,3970,1202,734,3.4115,184800
16,5175,2717,813,6.1493,257800
15,5736,2529,762,6.4114,278700
14,5232,3041,839,5.826,247900
13,2319,1004,380,5.133,316100
4,3274,1312,390,8.1611,348000
6,4186,1794,541,9.6986,357600
5,1998,1185,446,4.3542,195600
2,2411,703,217,7.8061,331400
16,2483,1357,400,5.5545,214200
8,2649,1238,354,8.0409,337900
16,2102,1003,328,4.7981,170800
15,2423,1366,423,4.8906,181800
6,3157,1695,710,3.7609,222300
4,3289,1345,632,4.6863,184400
15,1743,943,274,5.9339,286000
14,1343,650,184,7.2648,363200
15,426,133,45,5.136,447400
3,2993,991,390,10.0765,378200
5,5348,1862,555,11.0567,495400
3,8874,3191,1027,6.8588,302000
29,1223,633,204,6.5143,279800
6,454,213,43,10.9704,483300
3,1206,563,287,5.1589,167800
4,3305,1693,597,5.2497,215000
4,2000,833,386,5.7709,190300
4,1318,673,225,6.0722,260800
2,4860,2332,1073,4.5022,151900
4,3134,1599,485,6.2464,233900
3,4541,1600,583,6.8004,284900
6,5221,2597,1119,4.6076,204000
4,1793,897,386,4.2463,182800
4,1606,815,426,3.375,500001
2,4678,1970,712,6.1078,219000
7,6814,2175,681,10.49,500001
23,2656,998,435,4.0294,500001
12,5744,2104,847,5.1482,500001
35,2556,946,399,6.1557,402900
31,3959,1919,775,4.0313,282000
29,2193,922,387,4.5476,309200
4,1812,661,211,6.487,294200
5,3549,1571,534,5.3705,363500
4,1969,805,271,7.6012,310800
6,950,426,186,4.7237,220700
7,7684,2812,1057,6.3401,387300
26,1528,607,218,6.2871,325500
25,2174,603,352,3.3967,249400
27,334,130,46,4.875,284100
27,1835,1221,377,3.2232,247100
27,3858,2321,873,3.3155,231000
24,1296,850,367,2.7545,231300
17,2737,910,492,3.5729,370800
23,4052,1950,859,4.0647,240600
33,1150,604,317,2.3545,187500
27,1005,460,243,3.1029,190600
27,1444,597,311,3.1395,310000
4,2369,996,435,5.4031,243800
3,5813,2363,1041,4.3897,341300
22,3167,1797,642,4.0076,252100
17,2248,878,423,5.1298,246000
23,2482,1048,425,4.665,280600
24,2303,851,379,3.9875,346500
21,3951,1392,543,5.1439,414000
17,2036,713,265,6.5954,346200
14,3223,1230,488,6.5964,358800
22,2728,1081,566,1.6393,500001
24,3571,1409,543,4.6518,277800
25,2994,903,410,6.6852,500001
18,1679,783,257,5.3999,300000
26,2073,952,340,5.0877,288100
28,1261,609,242,5.1024,312700
22,809,334,157,2.3846,500001
16,2223,628,382,4.3603,248800
3,2516,781,337,5.6197,271600
10,3484,1469,556,5.4188,402200
6,1638,572,174,13.0502,500001
12,3619,1506,492,7.2013,353600
4,2320,1408,477,6.3369,256000
19,7034,2824,1068,6.0873,277300
12,2007,1033,373,5.6754,275900
15,7468,3033,1217,5.49,239300
31,5112,1530,648,10.3983,500001
38,3832,1332,636,5.0044,381200
29,1720,612,258,7.8239,500001
3,6388,2129,819,7.8915,420600
13,4866,1909,733,4.9821,244800
14,1672,704,293,5.1129,251300
17,3617,1176,571,5.133,324000
4,3623,1129,530,5.7281,500001
17,2168,654,279,9.8321,500001
5,4549,1238,632,6.1785,295900
19,3562,1584,470,6.4211,288100
24,1956,969,256,6.8154,265900
17,2150,1194,335,5.4622,227000
16,2092,877,392,3.0461,216900
16,2205,1333,402,3.475,279500
12,3258,1464,435,6.5413,332000
13,3320,1432,431,7.9283,348100
12,3473,1569,450,8.8636,314000
5,6678,2877,982,7.5177,330000
8,2327,899,236,14.9009,500001
8,2887,1176,351,10.3953,500001
7,4458,1731,704,6.126,285600
15,1786,727,293,5.0527,231400
17,2232,1072,385,4.245,214500
16,3084,2557,690,2.8357,106300
15,2782,983,525,2.1935,183300
10,366,128,61,8.163,250000
19,2930,1481,430,6.323,480800
18,4173,1649,634,6.3568,294300
25,3240,1462,497,6.1815,288500
13,2020,679,290,5.756,305600
18,2626,1302,522,4.0167,189600
16,1956,862,326,4.4732,186300
17,2112,1893,433,4.0388,120400
18,1645,1490,355,3.4792,126400
19,1258,545,227,2.9762,184400
23,3499,1480,634,3.86,300000
20,1577,764,333,4.1563,320800
21,2208,1423,482,3.5915,305600
19,2595,1728,571,3.668,243800
21,1857,881,380,3.8403,350000
5,1889,616,246,3.8992,500001
5,2262,1016,402,6.065,315500
5,2840,1363,403,7.618,341400
5,3621,1546,567,5.753,322800
9,3856,1646,576,6.8007,318300
20,1767,801,284,6.5394,272000
17,5041,2396,801,6.0868,282900
4,2142,1176,483,3.4455,325000
2,5261,1460,599,6.8279,279000
3,7374,3214,1279,4.538,278200
5,6698,2834,1139,5.9088,288500
17,2486,876,361,6.1007,340900
11,2198,883,281,13.1477,487000
12,4676,1543,598,6.379,500001
2,10008,3550,1139,10.1122,500001
4,1764,705,224,8.3275,384200
3,1618,710,246,6.0743,274300
4,4956,1802,625,7.9338,354700
12,2459,1054,391,7.1736,262100
2,2112,703,261,6.9343,298500
3,2443,1033,548,4.1379,183300
4,3283,1512,782,3.3125,138500
7,4907,1883,556,10.4415,453800
15,2460,962,320,7.3878,318300
2,2530,1066,510,4.6336,187500
9,1204,469,293,3.6196,119900
4,3289,1285,651,4.045,226000
6,3673,1846,768,4.877,144300
4,2428,959,386,6.2661,268500
4,1223,505,244,4.6607,173000
4,2351,834,397,5.5677,245400
5,1680,617,231,8.583,397700
4,7474,2969,1007,8.7591,434700
10,3458,1156,470,6.3579,336700
6,16590,6223,2357,6.3088,340300
14,3894,1490,629,6.5206,368500
9,6564,1720,904,4.89,454100
17,2681,830,410,5.5507,345700
29,5650,3985,1056,2.8192,162500
14,4321,2025,578,8.3634,355100
15,2849,878,520,3.2841,158300
12,4025,2042,588,7.9125,344900
15,2102,1060,303,7.3141,337100
3,3636,1486,696,5.5464,207500
4,2446,1315,560,3.7147,137500
16,5805,2356,795,6.1062,274600
16,3774,1587,430,8.6088,307400
16,3388,1249,463,6.1863,355600
14,2945,1293,335,8.111,308900
16,1565,950,280,5.8399,220600
16,2497,1357,456,4.5909,241800
16,1641,945,318,3.4261,219700
16,4428,1525,682,5.2325,286800
16,1230,380,246,2.2969,67500
19,2957,1639,495,5.0686,225600
23,3038,1501,436,5.5584,241700
22,2520,1338,391,5.8898,242800
11,4508,1993,573,10.4498,386100
14,3011,1359,371,7.9739,368700
10,2464,1241,366,8.7603,362500
15,941,366,248,4.3636,148400
15,1010,470,342,3.2229,108300
18,328,391,60,4.1167,87500
11,2630,1256,352,8.2953,350500
5,4246,1933,722,6.9501,225700
5,10534,4656,1863,5.7797,309200
4,10175,4762,1929,4.7341,237400
6,10395,4783,1811,5.928,239900
4,5687,2677,938,6.5069,243400
6,211,125,44,1.9659,500001
15,5394,2383,706,7.5619,302000
15,5743,2380,773,8.1926,326600
23,1444,792,253,4.9079,273800
18,3783,1843,623,5.7559,215800
16,2592,1279,383,6.9741,262000
9,5206,4660,978,2.885,162500
24,3260,1383,442,6.5987,272800
17,1063,363,183,2.1719,261300
16,2617,1317,511,4.821,201400
16,2666,1227,347,7.3769,302400
24,3477,1593,484,6.8634,276500
15,1392,681,263,5.4248,187200
14,1413,744,338,3.7988,184100
15,500,261,116,5.0631,154000
16,1666,479,336,2.1406,55000
16,4702,2529,814,5.1299,238900
19,2500,1027,327,6.115,315600
16,3400,1575,488,6.0961,295500
16,2745,1429,411,6.8219,325500
16,1532,679,248,5.7115,313900
16,1998,818,299,6.8722,326100
14,2635,1150,499,4.4391,306700
14,1800,874,373,4.2083,251000
15,2099,873,307,7.9887,328000
5,623,396,136,3.631,225000
8,2032,862,340,6.9133,274100
8,2098,908,329,7.7589,342900
8,2440,1113,483,4.6019,242500
9,1567,675,294,5.2124,199600
9,2435,1194,385,7.2025,275000
9,3279,1447,510,7.4581,296600
8,1964,913,406,5.1583,192200
15,1834,841,309,6.0634,234300
14,1750,852,300,4.6793,236800
13,2636,1137,404,7.2118,311500
11,1994,849,411,4.0187,235600
9,1633,928,297,5.7858,265900
10,2106,1002,332,8.735,375300
5,2638,1179,480,5.7759,240000
5,2487,1147,397,8.284,302500
4,3345,1525,539,6.7962,329100
5,1256,880,288,2.4233,450000
4,1545,788,296,4.5469,500001
4,1346,603,219,8.7974,360600
3,3068,1357,486,7.9187,333600
17,2895,1588,450,6.276,290700
4,3226,1666,800,4.1652,184500
3,7105,3068,1241,6.1395,358000
12,4329,1913,978,4.5094,160200
10,2815,1181,398,6.5743,278700
9,2153,954,324,7.8139,304700
13,1939,928,244,8.1111,379800
5,4050,1986,598,7.5847,375700
4,1646,859,300,5.5631,227800
16,2207,1081,308,7.3518,331200
4,974,428,203,4.6141,195400
3,8240,3318,1270,7.2074,291300
16,1663,597,204,5.409,233900
16,6259,3785,1114,6.3298,247100
16,3114,1641,469,6.2162,283200
16,6339,3132,825,7.1069,313400
6,1593,832,379,4.4286,239500
5,1549,735,355,5.2923,194000
16,1416,636,244,5.1741,227700
15,1875,890,316,6.5783,244800
16,3067,1275,372,8.7385,340000
13,1161,630,296,3.3438,333300
38,1757,821,426,4.1304,433300
36,2057,658,309,7.866,500001
24,6258,1730,752,10.9601,500001
35,2067,724,377,5.8371,500001
33,247,167,70,3.7059,237500
41,2017,783,403,4.1591,500001
29,1421,520,339,2.2969,450000
39,5066,1915,1117,3.821,452100
21,8711,3173,1396,5.0907,378200
29,3590,1070,603,4.4464,500001
28,2024,617,274,6.7861,499100
5,11976,4327,2009,4.8488,194400
16,20,15,5,3.875,450000
15,1010,649,261,2.5197,350000
17,2634,1454,560,3.7976,275000
15,2355,747,450,6.5356,272800
16,1574,515,363,5.3423,291700
24,3930,1831,616,6.3767,269000
16,2542,1022,494,4,223400
16,1414,635,230,10.0757,383900
20,2851,1192,463,5.8752,274200
24,4227,1605,589,6.4238,278400
11,6840,6083,1629,2.4132,198300
25,2267,866,348,7.79,500001
15,3191,930,447,8.6001,500001
27,2278,772,304,10.1275,500001
21,4281,1443,576,9.0519,500001
23,3166,1092,345,7.9367,500001
17,2975,1247,398,10.1989,500001
18,729,316,108,10.3893,500001
14,4340,1505,670,7.5674,500001
13,5192,1865,662,15.0001,500001
17,3095,1175,534,5.3099,500001
28,3404,1134,466,7.2217,500001
28,2250,826,323,6.9257,466400
47,3090,1105,582,4.1699,373700
46,1033,462,224,3.2708,384700
50,1152,519,225,3.053,500001
28,3085,1176,480,7.9794,426100
18,3224,1310,580,8.4614,391900
24,2105,712,332,10.6349,500001
32,3116,1105,543,5.1837,445600
44,1833,515,268,6.6178,500001
15,2874,1382,586,5.5137,161800
16,4134,2103,745,5.6877,231400
9,2499,1111,542,5.5342,182300
21,2322,662,457,3.1679,110000
19,1144,365,279,2.8583,105800
25,3004,891,626,2.395,80300
15,1362,378,202,1.9,162500
19,5777,1711,1225,2.7634,86900
16,590,178,121,4.8611,186800
16,1889,686,537,3.4706,241700
16,2753,857,546,3.7422,229800
17,2116,662,443,3.5625,180800
17,2499,781,522,3.1779,186500
5,4944,1727,948,4.9,255600
16,2270,709,489,3.2845,227600
17,2612,832,564,2.6759,120600
16,2371,1738,686,3.6484,322600
26,2283,634,469,2.3774,74300
8,3329,1312,629,3.5521,229800
25,3011,893,654,2.3387,74800
26,2033,618,450,2.5685,80400
26,2653,774,584,2.49,81100
26,3046,888,663,2.6848,74100
26,2280,669,502,2.3438,72300
25,1949,602,428,2.7601,72500
26,1021,301,208,2.625,80600
25,1321,396,278,3.1131,77100
11,8039,3445,1571,4.1678,190900
5,665,384,171,4.5833,230400
5,1688,857,402,3.7857,231600
4,1649,1030,411,2.2262,225000
4,1011,511,198,7.9217,296200
9,638,426,234,3.7875,187500
8,2149,950,399,4.1103,250400
15,2460,1049,398,6.4967,387500
17,4477,1798,612,8.1093,410400
18,2105,830,286,6.3822,362500
8,32,26,11,4.1944,270800
8,4447,1680,705,8.8693,450400
15,3236,1289,416,11.1121,493000
18,1974,808,278,9.8589,500001
16,2404,868,329,11.0138,442100
4,1741,811,233,12.3411,500001
31,5488,1938,964,8.8742,500001
20,3212,1064,526,6.6155,500001
35,1598,782,411,5.1155,500000
44,2499,910,374,6.6544,500001
33,3120,1155,553,5.2949,500001
30,1891,635,314,6.6265,500001
34,3415,1275,718,4.498,482900
36,1496,441,203,7.8164,500001
41,1521,527,275,4.0764,500001
40,2790,952,424,4.8,500001
37,2088,673,390,5.1048,500001
37,3355,921,366,7.2988,500001
25,2465,906,472,3.6538,500001
23,1808,539,300,3.5682,500001
38,1232,410,171,11.075,500001
37,1244,394,154,10.3682,500001
36,1025,316,126,10.3048,500001
36,3082,771,365,11.216,500001
21,9565,3162,1831,4.7024,345400
24,1016,465,236,3.0625,93800
16,3615,1209,559,8.5574,392200
19,2897,860,367,13.1738,500001
16,2413,656,423,6.3017,350000
41,1790,540,284,6.0247,500001
42,1301,539,249,5,500001
44,2126,745,332,5.1923,500001
40,1639,498,278,5.6336,500001
45,1883,653,328,4.2222,500001
44,1469,507,266,3.4937,500001
26,3521,1336,451,10.2849,500001
4,3618,1326,714,5.4284,500001
9,6163,1912,903,10.8289,500001
15,2209,735,274,15.0001,500001
8,1266,375,183,9.802,500001
24,4879,1777,754,5.9055,477300
26,4486,1598,549,10.1454,500001
20,3442,1427,977,3.1985,106300
32,3556,1381,537,6.1426,450700
26,1632,598,375,3.2125,455000
28,2370,832,347,7.1148,500001
26,6017,2673,1135,3.5426,295400
33,3595,1621,732,4.1372,265200
13,1642,841,368,3.6042,226000
24,4496,1928,855,4.6808,245500
32,2736,1279,534,5.5422,253100
27,3310,1402,563,6.632,441100
28,2466,1081,465,3.9375,339800
28,2043,1108,452,5.2549,261800
30,2196,1131,460,4.4135,272300
24,885,590,254,2.625,217900
30,1634,771,364,3.4125,284100
17,1328,762,344,2.2222,276800
37,1998,1030,436,3.9306,268400
36,2017,850,348,5.0532,310900
29,1652,832,326,4.8098,325400
40,1958,876,364,3.6406,326100
32,1901,946,418,2.7264,311100
34,2479,1131,490,4.9643,317900
30,2071,1081,412,4.9125,335700
25,2224,985,516,3.1305,268800
38,2222,1067,512,2.8553,307600
24,1562,696,347,3.5161,236400
32,1122,557,223,3.5388,407000
37,2038,837,381,5.2416,471300
39,1469,553,225,7.8496,490800
35,1821,727,316,6.5842,458500
27,1797,435,203,5.9196,500001
32,1997,944,426,4.4063,500001
35,2426,937,387,9.2175,500001
18,1538,425,288,5.3369,312500
33,1890,859,329,4.5658,500001
34,2125,1052,468,5.6315,484600
28,1765,832,349,6.5928,439100
29,1496,463,215,6.0516,500001
34,959,384,197,5.2333,471400
27,1806,791,358,3.8125,366700
37,2204,807,410,7.0516,500001
25,1188,569,249,3.6607,500001
20,5476,2327,963,5.6637,222100
35,2133,1473,402,4.4211,215200
31,1291,1252,373,2.7143,185400
18,1867,871,399,2.6221,272000
24,1395,1478,404,2.5301,192900
24,2539,1623,611,3.0708,188700
24,1097,470,333,1.6389,225000
15,1707,1335,434,2.7543,177800
27,2489,1082,443,5.8777,358800
27,891,513,171,6,381500
10,2766,1332,646,4.6161,226300
17,6745,2688,1535,3.9917,271600
19,1589,1118,394,4.1029,213400
5,949,497,244,2.75,225000
15,1309,1330,424,3.4417,182500
29,1253,1198,362,3.5179,225000
24,1494,814,459,2.1074,181300
28,1087,807,425,0.9702,225400
25,1679,1314,473,4.1026,211500
20,1391,856,360,3.184,220000
27,1283,1063,376,2.75,275000
28,3397,1397,560,4.8125,244600
27,3512,1391,481,8.1001,336500
26,2552,925,323,8.1839,367000
16,2095,963,411,5.5,224100
15,2016,1015,419,5.2732,209700
34,2141,1559,429,4.2036,220100
19,2602,1156,424,5.01,263800
26,2822,1258,469,6.4441,261000
25,2017,1024,428,4.4732,245600
33,2664,1197,429,5.069,264200
26,4183,1504,520,7.4056,374200
14,6224,3148,1589,4.2071,430900
18,2043,702,246,9.6062,414700
26,5831,4738,1477,3.1483,213000
30,2704,1289,423,5.2815,229500
16,7961,5014,2116,3.512,218400
25,7060,3903,1139,4.8359,249200
26,2507,1333,392,6.1601,266100
26,2905,1452,491,5.0853,260300
25,639,311,93,6.6833,275900
32,3058,1475,569,4.4625,253500
26,5761,2681,1116,4.0341,243300
14,2598,1584,703,4.0417,180900
21,1708,1099,434,3.225,193800
22,3568,1952,938,3.1667,161000
4,456,623,84,6.6369,192600
13,9947,4071,1582,5.422,316600
4,2337,983,655,3.7174,275000
8,5278,2389,1371,3.3409,181300
20,5330,2734,1000,5.2138,233100
21,1795,2246,400,3.152,152800
36,191,208,37,3.375,157500
16,3397,1924,621,4.9148,155500
13,1087,817,342,3.5326,262500
17,3216,1916,618,4.9153,266400
21,3648,2266,628,5.0956,246000
27,1596,1703,289,4.1,184900
30,1739,1914,369,3.5551,185200
20,1738,1403,411,3.1742,245000
18,2135,1464,405,5.4836,225800
17,5122,2966,1339,3.4835,116700
24,534,249,74,5.3254,240500
16,1505,835,339,3.8029,205400
36,443,577,115,3.6875,137500
32,2436,2839,516,4.5607,182100
33,2613,3150,543,4.3899,180700
31,1171,1690,301,3.2639,155200
25,4343,3872,850,4.65,197800
23,2305,2493,502,3.6618,183500
32,1947,1786,332,4.5726,177500
38,1421,1236,263,3.9844,165300
36,1910,1593,329,3.89,170000
16,4208,2592,662,6.1966,260500
23,1422,1092,263,4.7422,202400
24,4365,2663,753,4.5814,233300
16,1917,1324,351,6.2488,252000
16,1591,926,239,6.2452,266300
15,539,287,66,6.3427,305200
15,3201,1510,622,4.2708,161700
16,3113,1719,715,3.6505,145700
13,1857,838,525,3.2386,129200
12,4695,2153,989,4.6483,190800
15,2289,982,634,4.5757,162500
31,1115,1369,259,3.5694,150500
31,1194,1602,306,2.3333,157700
39,3167,2789,619,3.5902,165900
37,2216,2445,506,3.8421,174000
37,1429,2089,399,3.413,150600
32,1461,1909,346,3.5511,159100
28,1499,3328,595,2.4539,115000
20,2572,1534,669,2.4211,175000
22,6072,4715,1666,3.1353,121400
24,1752,910,427,3.3611,134600
25,1818,1426,532,3.2104,112500
23,1818,958,485,2.6771,131500
5,187,207,51,1.8,154200
31,1761,1810,468,1.9309,173400
6,1565,3157,629,2.9271,123200
15,851,1326,254,2.8289,117500
19,1248,1214,328,2.7059,159800
27,2311,2936,609,2.5651,171400
9,525,1257,165,3.375,165300
32,691,926,148,4.125,175900
26,2589,5756,983,2.1992,170800
23,407,647,96,3.775,177400
30,2651,3249,552,3.7202,182100
26,1702,2776,463,2.6385,180200
31,2338,3289,631,2.6734,158500
45,2264,1970,499,3.4193,177000
52,2411,2165,521,3.415,172500
38,2415,3242,599,3.425,165600
38,2284,2451,504,3.3125,159100
34,2254,2984,625,2.5,162500
33,1308,2175,347,3.0824,177400
32,2930,5116,854,3.7147,164100
30,746,1048,163,4.1,166400
33,2291,3232,589,3.2037,163500
36,2471,2594,475,3.75,170500
31,1205,1476,301,4.0231,139200
32,1562,2145,347,2.9167,158400
34,1759,2083,330,3.2292,160600
28,1346,1575,278,3.425,159500
19,1566,1032,330,2.2105,180400
18,1884,1915,442,2.3783,166700
25,4273,2946,922,2.9926,183200
26,2413,2867,509,4.7639,179900
26,1324,1804,311,3.9659,178500
24,2932,5516,911,2.7535,111000
25,808,1066,189,4.7679,173100
24,1435,3171,504,3.0833,151700
32,660,959,113,3.75,159000
33,619,1217,146,4.6875,154400
32,728,837,135,4.0769,163900
10,1823,2176,548,1.5026,151800
29,720,1045,181,3.1964,151900
16,1444,2329,441,3.1691,159400
31,1120,1718,268,2.8077,140300
16,1243,1925,376,2.7632,158900
19,2261,3545,635,2.5224,148500
25,1799,3416,538,3.0083,163500
6,2992,3800,1130,2.246,183300
14,5526,6799,1796,2.6561,144400
18,697,812,221,2.6635,162500
39,275,554,103,3.5972,158000
13,1632,3356,659,1.5054,137500
12,2782,1968,795,0.971,102500
26,411,448,95,1.7019,350000
37,2988,2354,666,3.4345,235500
17,1768,1079,436,1.7823,205300
50,1344,747,234,4.5125,195400
34,3004,5477,640,2.8342,187200
26,2678,3262,685,3.6953,176800
32,1893,2245,426,3.7143,163000
36,2656,2370,571,3.8056,177200
34,2753,3117,631,3.1713,170100
26,1813,1235,343,3.5972,187500
31,2549,1044,362,6.9737,288800
26,3141,1572,724,3.3472,237400
32,2342,1445,453,4.1951,195000
35,1799,1239,368,3.9219,189600
34,1050,723,201,4.8,192700
52,2512,978,365,8.0784,320300
37,4943,2164,788,4.1071,311300
39,4159,1669,651,4.6111,240300
34,3153,1679,532,4.7083,205300
14,1458,615,365,4.2798,218800
26,2312,1273,437,2.8828,204700
16,238,93,50,5.375,215700
22,378,196,81,3.6806,219400
16,4367,2164,1005,4.0214,139500
33,1866,1053,371,4.5461,213800
14,4412,1656,874,4.3292,206500
23,5928,3570,1150,4.0398,233100
26,3350,1314,550,3.5195,249100
26,2110,1146,407,4.3698,229600
22,6433,2703,1125,4.9957,296400
30,2910,1270,489,4.6161,236500
24,893,342,197,2.8261,146500
25,2720,1559,631,3.0958,137800
34,2660,1475,567,3.4152,210200
23,3498,1574,642,5.021,252200
30,3569,1540,537,5.2998,247200
19,5471,2828,1247,3.5719,252800
24,2696,1908,626,3.3047,216900
19,4022,2334,954,3.0305,140600
23,3056,1508,555,4.7273,234200
23,2542,1720,675,3.8703,137000
24,845,482,190,4.7039,225000
27,1270,809,264,5.0162,223000
23,6114,4088,1521,3.0382,183600
20,5768,4853,1465,3.5387,160400
27,2655,1017,335,6.9014,366800
25,2037,796,249,11.0546,487200
26,2893,983,326,13.466,500001
26,2955,1074,373,9.3845,500001
29,3058,1197,474,5.3903,286600
33,2890,1300,452,6.5616,290200
25,2365,1197,458,3.7031,227800
23,3596,1292,458,8.5403,451300
21,4349,1680,519,6.9014,439000
25,2260,719,254,11.4537,500001
6,9792,3744,1179,10.1714,481500
4,8974,3754,1241,8.2653,374000
19,3532,1200,426,11.0124,500001
32,2308,967,320,7.0565,324600
22,2956,1342,558,4.1151,203200
26,4931,2249,818,4.275,285400
27,3230,1193,448,6.5308,287800
27,2578,976,340,7.1882,359200
33,2774,1229,407,6.2944,265600
32,2053,835,323,5.5654,281800
29,5436,2046,685,8.7496,349500
31,4624,1852,635,7.2392,334600
8,7326,2569,798,10.157,477100
13,3759,1496,499,8.3818,377600
23,2775,1226,510,3.6707,231400
15,3207,1414,595,4.0484,165600
29,1454,724,262,4.8542,218100
26,2641,3657,617,4.1339,222300
30,4713,2271,730,5.8622,221000
31,2016,1095,405,3.8681,196000
37,2733,1378,476,5.3041,235700
25,2070,1078,460,2.9312,220100
34,2590,1658,608,2.378,199600
26,2577,1086,432,4.6125,229200
24,3817,1656,713,4.25,248000
23,3114,2045,577,3.75,211900
25,4977,2061,646,6.58,318500
27,3589,1484,495,5.7934,270500
28,4485,2048,685,5.4562,274700
20,2819,1019,319,12.2092,500001
17,2971,1180,346,11.1228,500001
22,3173,1181,355,8.3637,500001
19,3154,1404,384,8.9257,431800
22,2898,1057,324,10.8111,500001
19,2556,822,260,9.9055,456900
26,3259,1354,459,5.7817,267600
23,1100,940,267,3.6953,150000
24,3550,2828,834,2.8403,225600
25,2662,1247,401,5.4395,244000
28,1972,970,326,5.4298,234200
30,2260,1182,341,6.0705,236700
46,1846,867,336,3.4234,200000
52,2102,898,365,3.6827,236800
31,3523,2660,949,3.1792,146400
52,1963,1197,415,3.8929,211000
23,3187,1977,852,3.3939,212100
25,2635,1710,634,3.125,215000
16,2186,908,466,4.575,225000
40,1251,729,343,2.4688,236400
34,1883,1227,424,3.8929,187500
21,2713,1952,722,2.6959,178800
21,2487,1515,494,4.3039,168500
19,2813,1334,596,4.7208,173500
30,2022,1196,463,3.7454,186000
35,1683,1242,335,3.5172,190400
42,1024,483,187,4.105,194500
25,2546,1543,521,4.192,219900
32,1484,928,295,5.1418,190300
16,6352,5085,1649,2.8835,193800
25,10336,7111,2419,3.3627,197900
26,2095,793,261,6.6719,271700
19,1725,920,400,3.0087,159400
17,2830,1370,459,5.1785,247300
26,1904,945,303,5.6784,232400
23,2377,1101,408,5.3439,227100
23,4388,2526,846,4.5217,219400
34,1793,1722,441,2.8235,153100
26,4186,2447,777,4.9917,248100
32,1766,876,330,4.0417,234500
34,1593,872,255,3.825,216700
40,1461,1322,264,4.3269,194100
26,5574,2607,988,4.0324,244900
35,1490,629,257,4.3661,222100
34,2004,843,328,3.59,230600
9,1682,1015,271,6.6603,230900
24,10281,4926,1629,4.7946,251200
23,6157,2817,1073,5.0629,232600
35,3315,2425,687,3.5521,182800
35,2984,1435,455,5.6276,200800
33,3065,2204,606,3.8456,211800
21,1591,904,297,4.8906,179100
38,51,41,10,6.0224,187500
24,1268,700,224,5.0605,216200
18,3197,1894,726,3.6761,140500
15,3082,1268,531,3.7604,280100
10,3381,1584,636,5.3812,235400
26,1499,755,277,3.5893,238500
31,3301,1532,682,3.7303,223800
27,2287,1140,351,5.6163,231000
22,3522,1706,524,6.4685,241200
25,1785,750,251,6.8407,266700
17,2247,1382,618,3.8631,225000
26,1783,1048,306,6.0488,232000
26,2435,1088,350,5.9397,249400
26,3924,2332,725,3.7772,223900
34,1127,588,181,4.375,224700
34,1410,837,240,6.1168,213900
33,1526,906,245,5.1782,225000
31,3413,2326,728,4.325,187100
35,1756,1026,332,3.6,193500
18,2036,1292,380,3.875,273000
32,1605,986,306,3.3375,186200
13,1583,1672,432,3.2303,201300
31,2043,1524,454,3.5329,187400
33,1587,1159,331,2.8021,195100
25,1234,507,285,2.3173,225000
25,1781,918,378,3.9286,262700
23,1678,912,347,4.5,237300
25,1928,961,385,4.0724,231400
16,1545,730,350,4.5112,139000
17,2395,1224,399,5.1182,249200
17,4678,2427,1020,4.2276,254100
17,1131,622,244,4.9306,158500
38,2082,1592,510,2.3704,166100
45,2019,1549,377,4.6111,223000
44,1231,682,244,3.2344,170100
35,932,1147,267,2.7014,156700
35,1244,1603,322,2.9583,175400
22,1178,865,294,3.025,180000
29,1570,1849,430,2.6563,162500
27,1962,1492,481,1.9621,118100
26,1888,1550,458,3.3393,168600
33,2489,1857,444,2.9474,178400
31,2149,966,302,3.875,183900
25,1026,1646,283,4.2019,163900
36,2147,1011,392,3.2188,196900
37,588,436,104,4.275,186200
23,2870,1680,598,3.2301,189900
13,6963,3892,1375,4.1325,203500
35,1175,568,186,4.125,189200
30,2513,1611,472,4.0061,182900
36,1951,1254,358,4.8438,185700
32,1378,1202,448,3.4028,183700
19,1749,969,391,3.75,173400
34,1229,1035,218,3.5455,180000
25,4016,2166,774,3.1884,135400
28,604,615,212,3.6214,182100
23,2089,1085,362,4.765,181500
33,2291,1187,405,3.9539,191100
35,984,661,199,5.0747,189600
45,818,546,152,5.1057,170700
31,2265,1617,507,3.4583,186300
34,874,549,153,4.8667,186800
35,793,589,137,5.25,190200
25,2471,1539,500,4.2679,191700
18,1063,462,223,2.8348,219000
31,2982,1895,570,4.9115,255500
16,2035,1118,503,3.2546,187500
31,1252,714,226,4.6042,220700
17,3506,2104,893,3.3006,185800
21,2253,1536,500,3.2326,204700
31,1960,1356,356,4.0625,225900
24,4639,3093,1257,2.5577,202300
23,1086,825,250,2.4609,219600
26,1718,1022,368,3.9333,196100
24,2578,1217,529,2.2401,212500
18,2947,1820,551,4.5294,224800
25,3434,1749,657,3.2539,199000
19,1991,1202,460,3.1538,252100
35,1484,916,248,5.2657,191400
33,2342,1367,509,4.1167,215500
17,3419,2460,766,3.2823,228500
34,1038,578,174,4.9219,200000
34,1290,867,241,5.5486,218100
32,1133,523,187,6.213,230800
22,3310,1807,674,4.0185,200900
26,2335,1121,502,2.9891,205200
26,4013,2442,922,3.7655,197700
30,2838,1758,593,3.3831,197400
18,2067,870,541,3.1315,137500
29,1194,474,170,6.1001,298900
18,3418,1961,773,3.65,171400
20,812,494,172,3.25,350000
31,2421,1348,413,4.9394,217800
34,1347,676,201,3.8828,215400
27,1366,878,325,3.4,196900
29,2929,1618,584,3.6875,213200
35,1107,641,210,5.0599,216700
34,982,498,156,6.3214,220800
36,1380,690,234,3.8214,210900
32,1792,1131,381,2.4942,186300
36,2360,1479,386,4.3583,187200
29,1422,1057,390,2.3347,208100
24,4735,2600,868,5.0764,228600
28,2444,1848,567,3.0179,198800
38,1316,671,278,3.2969,220000
6,3136,1894,859,2.5564,171300
30,1561,1104,391,3.375,201900
34,2160,852,305,6.0531,287100
26,2811,1374,566,3.475,282500
26,1156,1880,400,2.2716,350000
23,2459,2720,598,2.8072,164700
9,1160,735,325,1.119,175000
17,382,272,81,1.425,212500
16,919,912,249,1.5903,165400
25,1021,975,258,3.125,168100
47,504,375,109,3.6607,160600
37,1039,719,243,3.0288,161400
36,1072,639,196,5.0275,179300
52,1514,855,293,3.6042,166400
32,1855,2568,504,2.5509,170800
32,1187,1003,275,2.4931,166900
10,1548,1535,424,4.5057,152400
32,2696,2330,626,2.9479,184600
29,1444,1038,271,2.3843,182900
18,1181,781,340,2.5625,153100
32,1408,1331,284,3.7014,179600
18,3291,1640,563,4.8981,166300
34,988,759,184,5.6047,205100
34,3903,2054,716,4.2731,218000
17,1317,679,272,4.6696,159500
21,1342,748,335,2.9231,45000
22,2964,2639,771,2.4833,157500
23,1368,1940,358,3.0789,350000
27,2176,1440,418,4.375,212500
33,1891,932,343,4.2759,238000
25,1731,1127,455,3.256,214300
34,1290,664,204,5.8461,227400
26,1589,735,315,4.5714,243200
28,2914,1500,499,4.9429,254800
24,4602,3003,1014,3.6771,172200
29,1672,891,281,4.8611,231900
35,1068,514,174,4.0735,208700
35,1117,496,168,4.3269,224700
32,2856,1499,601,3.63,183400
32,2726,1513,531,3.7917,197400
30,729,488,139,4.7667,195200
35,1153,884,208,5.2384,177400
34,1416,980,284,4.7772,182500
35,1996,1409,330,4.7738,180000
29,2176,1632,428,3.707,180400
19,1199,730,276,3.6422,209400
33,1724,943,285,5.118,195200
34,1941,1021,339,4.4663,183900
24,2749,1367,460,4.025,240700
33,2970,1869,539,4.3636,201800
22,2642,1702,588,3.5268,174700
25,1831,809,339,4.5179,177100
24,3002,1495,634,3.1087,202800
13,2782,1749,628,4.1276,153800
17,2142,946,412,3.7059,146300
18,383,487,98,3.975,162500
17,1530,883,344,2.8835,196500
21,2281,1510,460,2.8625,189600
23,3284,3257,758,2.4526,182900
42,161,157,50,2.2,153100
46,38,66,14,4.1667,162500
28,3528,2304,764,2.582,181800
18,3751,2281,815,3.7201,183100
35,897,479,161,5.152,215600
26,4022,2457,1001,2.8042,206300
30,2406,1753,456,4.485,180600
25,3179,2526,623,3.3281,180800
33,2064,1384,315,4.5263,169000
29,2470,1589,513,3.1801,190500
35,2301,2272,454,3.9566,167800
35,2114,1077,343,5.4876,227500
35,2356,1659,480,4.1115,179700
32,2161,1503,402,4.3036,191400
35,2985,1614,453,5.4631,225600
33,3268,1704,591,3.6849,211400
18,3679,1820,652,3.6531,143500
15,4273,2300,946,3.5313,213000
21,2695,1888,683,3.2857,213300
31,2825,1908,563,3.9798,187500
34,2456,1289,442,4.1818,224200
19,7399,3554,1593,3.1049,173900
35,3148,2110,587,3.9479,203800
22,4255,2901,920,3.2636,180200
33,1984,1119,387,3.4821,231300
36,2398,1261,402,5.2816,221800
35,1493,811,272,5.244,218000
33,2362,1185,387,4.425,188400
34,2584,1233,405,5.6935,218300
26,4115,2184,825,3.9536,191000
29,1813,1170,482,2.0677,214500
35,1330,658,217,6.37,229200
23,2757,1811,707,2.8,214300
34,2912,1625,501,4.4667,190600
34,1654,905,292,4.6389,214600
32,1219,634,197,5.237,215700
24,4179,1902,733,4.7986,236500
36,2169,1018,370,4.3906,231300
34,2627,1409,450,4.7731,199200
36,2363,1240,391,4.0909,190800
34,3592,2138,605,5.2129,193400
35,1785,1033,297,4.5739,190500
29,3692,2683,881,3.1726,198700
26,2737,1877,606,2.8622,184300
22,4417,2759,983,4.25,170300
33,2729,2223,535,4.0362,177900
28,4380,2187,835,3.9018,182300
28,3614,3282,889,3.522,190300
26,4297,3596,967,3.045,184000
35,1654,1065,354,3.4837,186500
9,3553,2017,986,2.9726,133800
32,714,654,154,4.5052,170800
33,2964,2235,718,3.2591,175900
11,2880,1806,722,3.8056,171100
40,299,163,70,3.0125,166100
36,3157,1842,561,4.5833,190700
26,2136,1528,537,2.4931,236100
32,2296,1376,532,3.7303,188500
33,1520,658,242,4.875,269300
38,1476,1114,309,4.1917,181800
38,989,691,204,3.2632,180900
32,4398,2777,884,4.1321,222800
20,1988,1277,425,2.9414,162200
25,1295,856,342,2.7157,350000
22,2244,1543,533,2.6618,179600
15,2081,1617,561,3.4955,160900
7,2252,1576,550,3.6333,169800
18,1862,1301,369,3.1771,194000
22,3236,2034,662,4.0955,174200
29,1518,1086,317,4.32,196900
28,1386,901,294,4.7464,187500
24,1328,1012,306,4.2813,189500
22,2520,2126,527,3.7734,193900
14,2509,1814,547,2.7986,176100
29,1829,1703,343,4.1295,188000
27,2512,1861,511,4.2386,184200
33,1441,1233,331,3.7232,176200
24,3956,3196,795,4.3512,191400
30,5268,4480,1050,4.015,186700
25,1323,852,229,4.6167,237300
22,2300,1625,542,2.78,196300
19,1983,1098,275,6.6355,276100
24,2027,1405,341,5.1416,231400
27,1712,1036,345,4.0508,183900
26,3361,2709,648,3.9107,190700
32,1564,973,290,3.75,190400
24,3202,3308,714,4.1577,174100
24,1380,1472,304,4.2219,162800
15,2448,1666,575,3.5967,141600
17,3341,3381,825,3.371,161800
21,2884,2613,645,4.05,177900
8,2325,1511,565,3.3629,137500
19,1920,1413,432,4.0313,147500
29,2577,1849,470,4.4732,194800
35,2002,1726,387,3.9613,182300
26,5556,4545,1333,3.0902,190400
22,7531,5254,1523,3.8506,167400
26,784,662,169,2.8438,174300
20,4413,4818,1063,2.8594,215100
23,893,1149,216,2.6442,156300
32,790,1196,201,3.0625,142800
8,2346,3842,674,3.0635,160000
15,1206,677,270,3.9219,142600
30,1654,1843,467,3.1403,153000
5,639,666,197,3.3017,87500
13,4620,3385,1109,3.1773,186500
18,1639,2513,458,2.1838,159700
15,715,1394,244,3.3846,162500
24,5321,4011,1047,4.3882,189300
27,3662,3009,743,3.9816,179500
24,4248,3118,798,4.2222,207200
24,4197,2468,714,5.2563,211400
16,2768,1182,563,3.7162,201200
25,1393,976,245,5.4485,225200
21,3576,1846,538,5.9838,271900
17,1989,1401,453,4.1603,160500
24,2308,1101,407,4.4766,230000
19,1967,1251,404,3.6696,218800
26,1905,1098,368,4.8611,229600
26,1374,731,244,6.0905,224800
23,1722,865,309,4.6452,273800
25,2004,1085,343,4.7656,230700
18,2594,817,485,2.3674,219200
24,6517,3441,1198,4.25,152100
26,3653,1930,585,5.7301,260900
26,1417,817,261,4.875,230400
26,2249,1311,373,5.0287,265000
27,1732,1115,308,5.5312,239200
19,1028,340,159,3.6364,252800
25,1611,554,327,3.0417,137300
25,1799,810,265,8.289,372400
26,1787,639,224,6.8226,329800
22,2785,1086,392,7.3719,337400
22,3335,1500,719,3.7315,197900
18,1027,436,180,4.2159,211300
22,3592,1598,523,6.5501,294900
20,1851,792,363,3.8187,137500
16,1735,784,360,4.2566,139200
18,2814,1439,493,3.599,262000
27,2097,1217,331,5.7121,222500
26,1694,885,279,5.0875,224200
19,1783,1025,383,4.1484,230000
22,3479,1454,488,6.6324,347600
19,4154,2130,589,7.2845,301800
24,2991,1437,453,5.4286,273400
21,3107,1688,503,5.9582,288000
23,3929,1858,538,6.8645,318200
19,4021,1872,545,6.7919,295600
17,4461,2095,580,7.6709,319500
17,1692,934,280,4.4728,205800
14,5147,3171,1126,3.9929,225800
17,3318,1520,498,5.5501,274200
19,4328,2243,808,5.5702,342600
16,6058,3285,1495,3.4133,290900
19,1624,782,228,4.5962,304500
20,2781,1242,408,6.1092,306500
18,3695,1779,572,5.9449,276500
10,2775,1581,633,4.1366,158800
18,4827,2471,716,6.1181,284500
24,4269,1954,597,6.9261,284600
17,5781,2585,915,5.343,231900
22,3957,1774,527,7.0907,350200
21,4112,1886,581,6.799,292000
16,5127,2142,596,7.8195,390500
23,4417,1865,693,5.3428,279300
23,2622,1103,407,4.725,289600
20,3123,1319,432,6.091,290400
17,2500,1242,368,7.7313,316700
24,3451,1736,493,6.3749,278000
24,3430,1601,512,5.6825,264600
26,2553,1337,411,5.3737,252900
25,3273,1645,497,5.8195,286100
25,2017,1063,369,4.0345,229400
17,1997,952,341,4.4148,239200
17,3386,1715,666,3.7479,213000
16,2437,986,422,5.7117,247200
25,3906,1809,622,5.6765,265100
22,3914,1871,607,5.8541,281500
16,5143,2209,637,7.0173,382100
19,5925,2302,729,7.5699,333300
23,5379,1826,555,7.0151,350600
26,2379,988,346,5.3674,339300
25,2482,960,352,6.1572,344000
24,4462,1943,712,5.7395,289800
21,2030,910,311,7.8453,343300
18,3603,1549,756,4.0229,363100
17,2054,836,288,6.8939,383900
18,3698,2046,614,6.2984,269800
18,3833,2192,996,3.4679,219700
24,2826,1738,546,6.0494,240400
28,3109,1891,562,5.2655,243100
7,5664,2493,1101,5.8252,264700
26,3527,1615,542,6.1624,279400
17,4466,2166,666,6.979,330700
14,6090,1974,1248,2.8061,180300
14,3396,1542,472,7.3982,369100
24,4177,1704,606,6.2473,281900
17,2603,1265,382,6.8039,332900
16,4508,2221,623,7.3731,390800
26,1616,700,241,5.5105,232100
13,2902,1125,490,5.888,447700
16,3581,1644,774,5.041,397600
19,4559,1949,910,4.355,429200
25,4041,1689,784,4.2289,442700
38,2548,755,399,2.8352,408300
13,4000,1999,881,4.7245,273600
18,2024,1047,451,3.5848,186900
15,3141,1729,633,4.2165,234600
14,3305,2272,769,3.4899,216700
19,3808,1776,756,4.625,282200
12,2228,1122,488,4.0385,350000
17,1692,903,423,3.5859,262500
16,2809,1260,638,3.2353,252900
29,1330,613,236,4.6591,353100
14,3155,951,575,3.0625,268800
11,3969,1508,754,4.3409,271400
5,7017,2427,867,10.1154,477700
12,5241,2048,943,6.4858,285400
34,3712,1521,632,4.8125,387800
19,4808,2422,971,4.0121,279700
18,1994,3031,577,2.7614,237500
17,1600,1803,432,2.7865,216700
23,5554,2408,936,5.3886,331900
23,5069,2473,769,6.3047,285700
22,8844,4404,1594,4.4453,267800
23,4095,1766,589,6.7418,302500
24,6393,2743,1057,5.1384,336900
24,5203,2465,946,5.163,261000
24,7141,3418,1268,4.6649,237800
24,2104,1181,414,3.8365,250900
26,2236,809,282,6.7395,342800
20,3182,1770,817,3.1912,220800
26,1787,801,270,5.5514,255700
17,2801,1473,535,4.2875,134800
14,2127,1338,475,3.628,188500
18,6565,3079,1248,4.7515,295600
24,3856,1741,588,7.248,302700
3,945,337,123,11.5199,500001
13,4013,1999,859,4.625,248800
16,1476,886,270,5.3259,216400
12,2480,1441,788,1.6705,350000
24,2598,1184,435,5.8623,287800
15,3244,1259,413,7.7854,395300
26,1483,738,235,6,271400
13,5126,2429,718,9.5268,437900
14,4494,2222,963,4.7821,169400
14,2673,1192,656,4.1862,188900
15,1836,942,477,4.0238,182500
13,4770,2261,972,5.883,295100
12,4014,1605,769,6.0102,396900
32,6239,2615,950,6.6188,380000
37,997,531,282,4.7773,400000
15,2569,785,477,5.4011,346400
43,1222,565,309,4.8482,500001
44,1671,871,367,4.6369,422200
24,1608,592,314,5.0926,390500
33,2119,872,465,4.537,495500
31,1310,563,310,4.6528,457100
32,1258,645,334,5.0476,500001
32,2035,934,512,4.2287,500001
24,1240,513,254,4.9044,485000
32,1179,369,209,5.1824,500001
19,1397,491,197,8.7397,500001
17,4573,1619,796,5.7704,500001
25,4150,1424,547,8.8281,461600
22,4311,1426,533,9.8177,500001
13,1822,643,303,9.8346,401700
14,2665,964,319,15.0001,500001
16,4392,1490,578,10.5424,500001
14,2021,696,367,7.1673,340700
25,2472,1301,467,5.0699,266100
17,1875,900,406,5.2589,226100
22,5416,2260,1184,3.8038,174500
26,1388,515,392,1.8015,62000
26,2461,971,544,2.1944,87500
26,2013,664,510,2.2708,67500
26,3083,960,723,1.9074,68500
25,1995,743,597,1.4617,46900
26,1625,533,414,1.808,58500
26,5359,1829,1393,1.7675,61300
26,1967,692,538,1.6111,54300
26,996,366,313,1.2813,46700
27,529,193,155,2.0952,71300
27,2301,847,627,1.7208,67500
26,1876,1499,436,2.925,176000
30,3380,2269,652,4.525,186000
26,1382,1977,368,2.7589,137500
25,2767,1148,372,6.394,316700
27,2905,1781,561,4.25,214800
26,2989,1596,475,5.7157,231200
25,4650,2503,790,5.742,221900
16,2070,878,297,7.0879,338800
16,3757,1291,614,5.2001,235600
26,2532,1274,441,5.3559,235800
26,3842,1961,595,6.128,248200
26,3711,1902,597,5.5599,234100
25,8110,3613,1232,6.0609,264900
24,3865,2670,772,3.8158,180000
37,1264,783,273,3.3438,199600
30,1859,1314,418,3.0909,184400
29,3443,2257,620,4.7404,207500
26,4065,1960,739,4.506,240000
16,4636,2341,825,4.4261,304700
17,5239,2440,985,4.375,248100
22,4232,2408,660,6.6539,284900
29,1312,922,255,3.1902,202400
28,3215,2066,636,4.0194,197400
30,1572,1351,359,3.369,190900
17,2545,1468,699,1.9439,177700
22,3024,2357,743,3.3125,191800
23,1553,1988,474,2.1375,150000
24,1880,967,418,4.4545,192500
27,2343,1537,426,5.1345,210600
34,2115,1253,338,5.1507,207500
33,2683,1520,456,5.0091,211500
25,1759,1404,385,3.6289,195800
33,1387,890,264,5.422,204100
32,1771,995,272,5.8362,217500
35,2072,1249,317,3.9855,191900
26,2141,2038,585,2.2981,177700
24,1324,687,264,3.4327,192800
29,1982,1426,502,3.0263,194200
28,2401,1155,456,3.5139,211700
14,1120,982,307,2.9083,179200
12,1250,1047,334,3.0625,208800
21,3803,1511,829,3,221200
7,586,232,107,5.2077,181300
27,2000,880,294,5.635,218900
24,3810,1818,590,5.8053,255900
32,2980,1370,481,5.0866,223500
25,4061,1623,527,7.1572,294900
26,5321,2932,896,5.8914,237600
32,3191,1718,611,4.1548,216600
30,2460,1277,395,5.4372,223200
28,3375,1754,554,5.5446,228900
19,2648,1160,452,5.9357,207400
26,2001,836,298,5.1061,257500
26,2343,1166,373,6,233100
25,3554,1600,537,6.6453,270100
26,3642,1623,569,5.8426,259400
25,3715,1640,572,5.7705,247100
29,3675,1457,591,6.0553,369400
34,3486,1311,503,7.1221,384500
34,2840,1127,396,7.6144,376200
26,2146,852,296,6.6137,342700
34,2473,967,353,5.8283,362400
31,4231,1694,623,6.6312,360100
34,2287,1051,346,5.5767,372000
30,2879,1109,414,6.9324,364700
25,5321,1969,903,5.0102,340100
23,6368,3281,1001,6.1142,240400
23,2663,1499,403,5.7837,258000
24,84,32,8,5.875,193800
16,2956,1379,429,8.4952,359600
16,4021,1488,650,5.32,219500
18,3414,1272,454,8.7015,390900
25,3112,1098,401,6,353500
25,2356,937,326,6.6264,359100
22,4048,1637,541,7.3463,355600
33,2685,1359,476,5.0261,245100
21,2196,1215,477,4.8,196900
26,4422,1936,625,6.4288,320700
22,1892,1015,404,4.1379,212500
20,1379,937,304,3.6217,195300
17,2439,1161,532,3.6442,193100
19,1863,1260,317,3.2465,277400
21,6623,3193,1129,4.5395,256000
21,4890,2295,654,6.983,329700
19,4526,2318,748,4.6681,320700
26,4105,2072,648,5.844,273900
20,1488,972,283,4.055,201900
25,1548,732,265,5.123,159600
25,2637,965,415,4.5833,190900
25,3497,1839,544,5.4216,263000
22,2711,1305,368,8.5407,398800
22,1391,810,295,3.8792,218200
21,1189,577,264,3.3155,237500
17,1851,770,310,5.6093,244400
17,2178,1077,457,3.6815,245300
20,2662,1275,472,6.0162,318500
19,2485,1286,431,4.7466,258300
16,1139,665,290,3.2933,260000
34,3203,2072,691,4.225,198400
25,3030,1668,509,4.625,229600
25,768,529,184,3.175,132800
22,5290,2812,1021,4.53,226400
24,4316,2286,665,5.7018,286700
21,3941,1897,670,4.88,343900
21,2997,1323,372,8.6123,386700
17,1973,1112,501,3.8512,163800
24,3983,1568,638,4.6458,213400
22,4057,2204,643,5.8527,241000
27,2990,1849,497,5.6846,216100
26,2523,1377,450,5.2542,234600
26,3635,1779,543,5.7089,237400
19,1795,1014,322,4.535,289300
24,2233,1162,355,5.6094,279200
23,3132,1646,478,5.777,315900
25,2856,1212,362,6.1737,313100
18,3628,1922,544,7.5057,328500
16,1831,1347,389,3.8426,344400
29,3963,2104,743,4.9803,208600
29,3740,1724,638,3.9628,215600
28,3857,2328,830,4.0156,196000
26,3616,2257,821,3.1497,217600
21,2052,1173,432,3.7885,204500
10,3897,1992,693,4.1591,192300
18,5238,3032,1065,4.4583,190100
34,3482,2227,641,5.1155,200900
26,2342,1290,394,5.6677,220700
31,1922,1030,353,5.3416,213000
30,2320,1434,452,4.0865,203700
23,5495,2873,1004,3.9156,224100
29,2064,1265,400,3.8864,209300
29,3061,2396,640,4.6326,195200
34,1078,575,206,4.5083,188000
29,2307,1218,402,3.4306,194200
28,4097,2112,803,4.5,202100
35,4166,2354,709,5.1775,213400
35,3473,2091,580,4.4821,214100
30,4781,2568,797,5.4746,226400
36,1138,725,219,3.4167,187200
34,1948,957,304,4.9777,212600
33,2053,1154,405,4.0455,197200
32,1162,563,178,3.875,203000
35,1661,949,276,5.2548,192600
34,2079,1379,352,5.103,207000
30,1549,885,299,4.0039,195100
29,2641,2413,619,2.8169,165100
25,6348,4188,1497,3.139,185700
20,3540,2898,876,3.0252,178000
28,1624,755,280,4.7083,268100
19,1434,1088,341,3.369,269600
15,2298,1261,527,4.2422,159400
42,1461,986,314,3.9559,161100
18,2628,2276,649,2.735,170800
16,1689,1260,453,3.1205,174000
13,2086,1356,462,2.95,165600
17,2334,1662,535,3.0147,217000
34,1239,869,291,3.59,161900
20,2303,1607,564,2.9,176100
18,2939,1278,435,7.1425,393700
25,3401,1503,498,6.6704,240600
21,5195,2539,988,4.5033,160500
23,2111,979,288,8.5621,347800
17,1851,764,339,5.1315,181800
17,1740,1158,412,2.8649,137500
9,1344,530,265,5.0731,185100
11,1454,635,236,6.2427,218500
15,3801,1992,526,9.0683,367400
16,2003,1172,318,6.0394,321600
14,923,420,130,10.2252,462800
33,1849,218,92,1.7083,143800
30,2979,316,124,2.1987,124000
22,2213,98,42,1.1912,170000
15,2146,197,76,4.1316,200000
25,2171,248,116,3.0375,171900
21,2484,309,144,3.9722,127800
18,1703,354,163,3.6563,146900
32,1684,454,209,2.9125,145800
25,1669,163,78,5.75,176600
14,1382,141,66,4.1016,283300
17,2839,390,189,3.5667,179200
18,3824,241,106,5.5456,360000
17,1480,202,80,3.9375,213200
20,1703,409,174,3.087,196900
18,2245,421,162,4.5795,158300
21,3005,385,150,3.1193,153300
19,1746,251,104,4.8182,146900
20,3729,365,152,4.962,169500
21,2459,584,233,3.01,163500
30,2369,510,213,2.65,123800
24,2237,264,95,4.1364,154500
24,1602,751,257,1.7609,99300
22,2309,919,342,3.0057,93600
32,1347,825,303,1.8269,225000
26,1930,307,138,2.6023,139300
13,7689,3264,1198,3.653,146800
30,806,326,146,2.8155,101000
19,1048,493,184,2.2917,118200
15,1117,551,229,2.6319,97700
18,6501,2954,1373,2.5373,143000
27,3436,1568,709,2.4273,138400
17,7635,3096,1227,4.2917,184300
41,3471,1680,710,2.6701,139000
52,1280,523,266,1.7375,122200
20,2024,879,309,5.2903,239400
17,3949,1683,686,3.3802,216500
48,1127,530,186,3.0917,128100
23,1654,787,299,4.2723,193100
10,2509,1037,389,6,220100
17,3353,1417,447,5.1721,237100
15,10282,3868,1300,6.4789,287800
27,771,315,111,8.4882,276600
22,2750,1161,428,4.2143,236500
22,1816,832,278,5.07,233000
20,2104,745,314,4.1685,217500
13,3480,1432,532,6.1642,277800
18,2541,1276,405,5.1857,220100
16,1608,792,286,3.1583,239200
11,4552,2006,623,4.3962,264400
14,2028,781,251,6.5322,394000
11,4897,1931,616,7.7499,334800
16,1584,613,226,6.0302,273100
16,2807,1201,429,4.7941,247600
5,9137,3667,1294,5.4896,229600
12,3605,1556,549,4.9,203700
19,3869,2086,685,2.6065,154900
14,3323,1527,540,5.3451,172100
22,7173,3526,1316,3.3941,135900
6,4223,1747,631,5.419,267400
6,4664,2105,663,6.0804,198700
10,7277,3507,1131,4.485,179400
21,4812,1985,1045,2.5083,128500
33,4384,1775,789,4.05,134700
9,5558,2717,1043,3.6455,139200
21,2253,1050,411,3.141,220100
14,1449,670,232,4.3897,186300
7,4185,2147,706,4.0519,129200
36,3903,2313,804,2.655,86300
52,493,189,94,2.108,83800
41,4374,2387,959,2.3611,87900
3,20214,8361,3112,4.2259,169300
47,2901,1276,578,2.1366,101900
43,1292,647,249,2.7188,85300
12,1198,443,170,6.0097,187500
6,3819,1738,587,5.8718,201400
7,9003,4445,1591,3.816,147900
11,1851,1049,369,3.5288,141100
18,549,249,136,0.8691,136500
13,3813,1513,783,2.0807,142600
8,3418,1312,409,6.3914,218000
5,12259,4819,1582,5.4498,217300
14,5094,1974,705,5.5205,188700
15,2615,1063,428,3.7904,173200
23,1419,706,269,3.1875,110200
45,907,463,190,2.2292,92000
11,2521,1390,477,3.5265,124800
20,3118,1405,519,6,209400
21,3691,1758,603,3.5607,151900
8,4114,2268,716,4.4085,139400
15,4488,2114,805,2.9484,124400
19,3568,1714,590,4.0862,162700
16,3155,1630,540,4.0282,126400
16,1210,726,222,2.7083,82100
19,2531,1206,429,4.4958,192600
16,2094,1092,357,4.4769,191400
45,2019,1104,407,3.1691,108700
31,1297,765,240,2.7656,93600
10,653,407,146,3.3889,110800
23,1750,1012,315,3.4706,99300
45,1529,793,281,2.9866,91300
9,5927,3369,1176,2.8194,111300
16,2069,889,299,4.6771,212000
21,4064,1847,859,3.0321,135500
24,2558,1149,403,4.0679,190500
42,410,706,112,1.0179,125000
15,5301,2335,831,4.515,164000
34,2144,899,378,3.3021,158800
15,4145,1872,680,4.3553,220600
16,2544,1199,412,4.5129,196300
14,3888,1830,844,1.8238,158600
17,1475,943,363,2.1287,55300
14,2267,1140,369,4.7019,212800
12,3676,1572,510,4.8214,201900
13,1467,688,231,5.2536,191900
16,1106,505,187,5.0126,192300
18,1931,1271,377,2.7463,156100
14,4239,1729,794,2.4278,167700
14,1710,839,297,4.7143,150700
22,1931,1009,407,2.75,153200
17,2289,1182,397,2.3696,166800
17,3403,1540,622,3.6354,162900
21,4059,1874,693,4.8051,174300
17,4786,2066,770,3.9734,185400
4,170,93,27,10.9891,312500
25,2691,964,373,3.9196,142700
17,1819,736,283,2.8603,128900
15,4126,723,266,3.0147,118800
16,868,44,21,3,175000
14,10098,701,254,4.0819,141300
22,8259,845,353,3.3699,244000
24,2069,909,374,2.5326,139100
20,4570,2125,815,3.0403,148000
8,3758,1744,661,3.1972,151500
25,2220,912,449,1.8914,87800
26,2023,922,365,2.8125,83500
20,1511,791,320,2.0221,70900
23,2679,1424,529,2.8812,81900
20,1349,601,203,3.5417,96600
15,1666,816,316,2.9559,118800
35,383,202,72,2.6458,102500
23,1017,387,152,2.2656,88200
15,1291,582,242,2.1216,102000
15,3763,717,348,2.2019,130500
9,1955,294,122,3.9583,126500
8,1116,27,39,2.5893,83000
16,2534,638,244,2.2101,88800
18,1234,543,201,2.5156,71900
11,513,204,86,2.375,100000
47,2149,965,419,1.7829,55900
18,3406,1567,617,2.2717,75900
10,1262,510,209,2.1667,92800
19,785,366,140,3.0625,82500
22,1334,597,222,2.2132,89200
24,1629,641,274,2.2067,69600
31,3127,1345,580,1.5774,58000
38,725,219,115,1.625,75000
19,897,276,110,2.9554,89400
25,958,28,16,2.625,67500
36,1597,632,262,3.5962,93600
21,3229,1501,582,2.1524,77100
10,1572,247,104,5.8453,193800
11,919,69,43,1.6944,137500
23,1127,215,85,3.4844,143800
15,1717,501,206,3.6477,113400
17,1944,384,172,1.6875,111500
14,5156,616,281,3.3462,145200
38,1214,723,236,2.5469,87800
42,1178,804,283,2.9688,92900
36,730,476,142,2.4306,88900
41,1248,770,250,3.025,90600
19,4592,2769,838,3.3622,105100
15,1386,703,185,3.6415,124200
45,2881,1470,515,3.3687,123800
52,1797,905,313,2.7054,141700
52,2274,1167,504,2.0284,101600
37,2337,948,437,3.145,169100
24,950,383,182,3.0694,125000
43,2862,1878,675,2.1151,96700
29,1157,2027,253,1.6389,155000
10,642,462,186,2.1528,162500
27,1342,844,484,1.1194,95800
44,917,666,220,1.685,114200
46,1680,1570,435,2.0436,82300
34,3676,2653,682,2.5804,92400
38,1156,877,200,1.4514,79900
40,1166,976,244,1.95,84800
52,201,130,24,2.025,125000
45,131,89,31,2.6071,112500
31,4163,3928,1076,1.6943,85900
27,3960,2807,838,3.024,122500
32,1625,1212,327,2.7596,82200
33,2070,1851,467,2.4667,80700
33,3974,1398,528,7.2519,216600
25,2396,951,314,8.2405,235200
28,1650,557,211,7.6632,204800
14,9286,3565,1238,6.6635,219600
7,9376,3570,1107,8.5326,315200
52,3307,1269,529,4.3176,136200
30,2953,1406,580,2.6895,150000
52,1992,948,358,3.2917,129300
51,1806,709,298,3.575,125500
48,1915,1060,376,3.4044,117900
38,1383,649,232,5.0194,148900
41,1707,660,269,3.8618,134800
32,2837,1393,595,2.3798,118800
24,4481,2398,823,3.864,123400
34,2316,956,389,4.337,157800
29,124,50,18,12.5381,112500
28,3747,2399,646,3.8682,116500
31,914,556,161,3.7344,115300
46,2189,866,389,3.1384,111500
32,1979,954,444,2.4408,117300
37,1586,675,305,2.9583,132100
37,1462,849,287,3.0542,123900
32,4251,2494,798,2.8173,110800
33,2275,1691,459,2.7452,98100
27,2341,1272,415,3.0208,112700
30,3153,1544,575,3.4491,133800
36,1380,598,262,3.1667,122900
35,1599,721,287,4.125,120700
43,633,292,135,1.1601,121400
49,2527,1344,451,4.0833,114400
32,2215,771,311,4.3542,142600
20,1682,706,291,4.0966,140100
21,2468,1164,385,4.0625,136800
26,3014,1832,485,4.8333,127900
35,3306,1742,673,3.7109,109100
30,1198,1019,214,3.0509,82700
35,1468,1168,261,2.2222,81300
35,793,669,128,4.0156,89300
37,987,551,191,3.5865,112000
42,943,466,203,3.1458,116000
33,2074,911,420,2.87,117600
29,3181,1603,706,3.25,112500
32,2885,1509,590,3.1795,125600
22,4179,2096,1013,2.4435,118500
26,2420,1383,469,3.5403,113500
35,1764,1094,353,4.1528,113900
36,2284,1425,405,4.0526,104500
36,2386,1176,374,4.5122,113300
15,4836,3012,1240,2.1865,129300
31,1273,686,254,2.4922,109400
34,1577,880,284,4.6327,116000
12,3539,1987,859,2.1023,103700
32,2349,1479,425,3.9118,114100
30,2992,1521,507,3.9128,126900
32,1814,903,306,4.1776,118700
33,1371,715,227,4.375,129900
20,5998,3185,1199,3.2731,113900
33,2433,1466,517,3.0437,110800
29,2320,1358,415,3.7333,121400
35,2552,1840,551,2.2548,113300
25,2886,2327,577,2.3851,113700
32,1263,508,180,3.6667,314100
23,4487,2609,778,4.2788,148700
15,14281,7540,2245,4.3222,138000
4,80,55,13,7.7197,193800
25,1858,1311,331,2.7083,87800
34,1231,841,199,2.6442,92000
33,3084,1753,449,3.05,97800
9,5455,3015,858,4.2321,162800
24,2316,1829,532,1.6955,86800
31,1192,1013,283,2.0742,76200
38,2228,1697,530,1.9052,83400
21,2634,1376,406,4.2589,152200
16,10072,5913,1909,3.0606,119500
26,3042,1720,551,2.76,95200
34,2101,1150,377,3.0909,98300
26,2372,1647,612,1.4719,88600
32,1617,1153,385,3.016,96600
18,3307,1738,457,4.566,116900
12,9966,5008,1492,4.5625,171300
15,1929,1237,316,4.4063,128500
21,2050,1153,336,4.84,116400
20,2451,1785,456,3.3966,115000
17,2727,1691,448,4.8371,160600
21,2394,1291,381,4.2099,138700
8,12106,5810,1717,4.9886,158100
23,2000,1361,388,4.369,121100
35,2051,1466,425,3.6711,108200
21,3736,2021,640,4.4545,142400
24,7779,3996,1765,2.1764,135300
12,6751,3266,1134,3.8529,145500
36,3791,2258,672,3.2067,124700
14,13562,7600,2086,5.2759,182900
34,1293,774,217,3.8906,141000
29,1430,872,283,4.0833,141000
35,352,184,57,3.6691,137500
19,256,101,28,5.3269,375000
26,2925,1921,501,3.1859,153100
17,3583,1587,719,2.6979,75000
21,5675,2834,865,4.2263,203200
30,5398,2672,864,4.4762,163900
29,266,136,40,1.625,164300
6,575,318,88,7.0215,257100
3,1240,519,146,7.5408,271900
17,3196,1581,462,5.9333,229400
7,10223,5205,1509,5.4872,203400
7,3797,2369,720,3.5525,137600
16,693,365,176,2.3417,191700
25,2999,1396,458,5.6973,164800
2,17978,7305,2463,5.1695,220800
15,1864,1006,288,7.2379,251000
25,5187,2725,860,4.1865,154300
24,2807,1653,509,4.8167,163300
21,1839,871,307,3.4459,198800
12,2290,728,228,6.1561,233500
16,4157,2036,594,6.155,246400
22,2620,1324,362,5.3735,214600
17,338,200,46,7.8118,244200
19,4741,2903,796,4.3723,135600
17,5364,3754,936,3.2857,139100
31,2529,1504,426,2.9821,115600
28,2101,1061,348,4.55,146800
12,9016,4285,1457,4.9984,169100
34,1565,1142,328,3.6979,99600
15,6248,3795,1128,4.1264,124600
12,7923,4861,1385,4.2985,139200
29,932,711,172,4.8214,143400
26,2481,2411,552,1.7059,85800
34,559,532,137,3.0687,88500
19,1891,1693,416,2.7813,112900
29,1625,1046,320,3.1985,117300
28,2787,1684,467,4.0256,127100
16,4112,2821,857,3.0122,114700
19,4780,3043,766,3.7431,132800
21,713,476,142,3.5208,121100
33,919,724,235,3.4028,110500
34,2086,1501,395,3.2311,105600
35,1566,1056,279,3.5227,105400
31,2191,1564,450,2.6776,122000
18,3869,2500,726,3.6583,126100
26,2970,2156,558,3.9522,124600
21,3491,1920,669,2.2241,127300
10,9738,4936,1840,3.3187,144800
14,10395,6295,1855,4.7295,149900
7,10235,5271,2094,3.6071,159100
22,3611,1869,649,4.2207,141100
5,2589,1109,360,6.8089,334100
16,5418,2690,1088,4.0556,158000
24,3044,2541,564,4.131,123800
21,722,770,165,2.5656,102500
22,2855,2453,624,3.1312,91000
4,6755,2866,850,5.0493,239800
36,838,722,180,2.4861,96200
14,1731,1269,351,2.3654,107900
19,2472,2143,610,2.2372,108800
33,2076,1374,480,2.2197,138200
40,1196,1052,258,2.0682,113000
35,1755,1453,428,2.316,119400
39,679,769,179,2.3036,110600
42,765,590,177,1.6875,113500
7,3586,2695,877,2.4387,117000
13,3239,2751,813,2.6111,107000
16,1739,1235,420,2.2969,116100
37,621,443,135,2.3333,122800
27,1786,939,278,5.1929,165000
17,2772,1685,461,5.0464,163900
30,701,356,125,3.2917,144300
34,1511,773,265,3.5313,142100
4,8207,3887,1304,4.8686,195300
28,895,346,115,5.4788,339300
6,16431,8222,2553,5.2861,195100
6,202,75,28,4.125,216700
6,502,228,65,4.2386,500001
9,6538,2928,892,5.3006,221400
25,6964,3240,1036,5.2898,177100
18,8136,4976,1516,3.9414,137100
13,8010,3920,1309,5.536,204800
18,6450,3716,1113,4.2721,150300
23,2949,1671,477,5.195,161000
15,7626,3823,1415,3.4419,138100
2,17470,5964,1985,6.2308,257900
20,688,575,144,3.55,111000
22,2397,1347,403,4.46,189800
7,2191,1156,310,5.5362,195600
5,5846,3258,1001,4.7965,160800
14,3776,1877,559,5.1365,215000
15,2857,1361,382,4.6875,189800
2,12837,4636,1453,5.1512,187800
17,2678,1225,367,5.363,211300
12,3964,1707,549,5.1624,267900
10,5600,2573,788,5.0346,240500
16,1171,659,216,3.1103,110000
14,2300,1001,311,5.1045,161300
15,3991,2317,657,2.9542,127900
16,3498,2372,672,2.3229,118000
13,4770,1985,662,4.2273,295200
8,1954,973,321,4.4875,249100
9,7538,3450,1077,5.4625,223600
12,1159,523,159,2.7232,123200
15,826,440,134,4.8125,173900
33,6982,5650,1195,2.5379,152700
15,6437,2805,1205,4.1883,184500
19,3216,1363,629,3.7585,144500
20,4589,1660,595,7.4141,236500
13,7910,3382,1176,5.5563,214500
7,11232,4218,1644,5.2713,216500
52,1417,881,300,1.9531,162500
8,152,1275,20,1.625,162500
27,321,214,67,3.175,101600
10,17286,9851,4616,1.7579,103400
27,5464,2400,836,4.711,133500
28,3420,1502,656,3.4896,140300
4,18767,8805,2723,4.6667,160600
23,3707,1938,658,2.725,95300
28,2683,2047,636,2.275,85400
23,3021,1580,533,4.4063,129900
11,6617,3710,1087,4.7877,132600
7,13195,6763,2437,3.5851,142000
5,13096,6780,2180,4.2775,138700
5,9179,4573,1294,5.253,163300
5,8403,3962,1150,5.2174,155500
5,4873,1947,568,6.3223,223200
3,18356,8437,2342,5.6409,197700
10,972,773,219,1.3125,135700
35,3623,2721,766,2.1574,86900
13,8443,4885,1470,3.0907,127200
2,337,115,49,3.1042,164800
15,1569,1123,369,1.6111,113900
12,7105,4520,1333,3.2705,113200
8,10110,5804,1703,4.2654,137600
7,9812,5595,1729,4.1482,124600
9,11654,7596,2127,4.0473,127200
5,11775,6686,1911,4.1953,136600
8,2405,1594,517,3.0789,114200
14,5104,3513,972,3.2148,117000
5,16884,9509,2688,4.0938,130900
4,10002,5439,1397,5.0223,152600
12,3236,1610,502,4.7568,143500
8,8302,5155,1370,4.0467,121500
4,1611,275,84,3.5781,244400
3,21060,9623,2812,4.189,143000
16,56,39,14,2.625,500001
8,1031,606,179,2.8194,136300
7,77,64,15,4.6,187500
14,1265,621,173,3.6618,161300
2,1424,681,192,4.0833,100000
2,4198,1943,673,3.9052,122100
4,9911,5145,1661,3.4237,113700
16,8476,2711,1427,2.1848,97900
8,5528,1674,918,2.5335,110100
16,5373,1573,933,1.9912,98600
24,4210,1283,829,2.0881,83300
23,6323,1984,1124,2.3276,92400
24,5783,1990,1151,1.9014,83500
3,6484,3295,1074,4.5881,136400
8,26322,9360,3361,5.3238,228900
10,5156,2294,747,3.58,113400
10,3659,1476,515,3.8869,125900
12,1869,1007,323,3.125,117200
2,7401,2826,839,4.1386,177300
11,939,557,190,2.375,145800
14,2715,1540,464,3.8036,139600
13,1914,930,304,4.1875,161200
6,1771,935,279,4.065,148200
7,1697,808,354,1.3417,169300
17,4174,1845,780,2.2618,96100
11,4934,2508,840,2.625,155400
7,1810,931,355,2.5221,109200
17,2813,1345,488,2.5847,145300
13,4496,2044,695,3.2778,148800
3,5284,2703,729,4.0717,126500
13,1974,1276,408,1.972,90500
16,4928,2132,853,2.7983,112500
18,4799,1966,944,2.1182,71300
2,6305,2489,1152,3.1319,111500
10,2381,1323,477,2.6322,140700
17,3318,2016,673,2.2969,89300
23,3465,2672,607,1.9767,81500
5,2108,1666,461,2,83000
15,4173,2393,713,2.4662,118300
11,3196,1757,552,4.0982,173300
22,4249,2405,846,2.1549,146500
9,6907,3665,1290,2.8401,104200
19,3173,2204,606,2.1484,129200
16,2876,1859,545,2.0878,101300
19,2248,1207,368,2.817,110000
11,1161,640,210,2.1667,114600
5,6529,3464,1006,5.3275,168700
8,4345,2425,785,3.2481,123800
10,2591,1255,425,3.1513,154300
9,981,596,156,3.1832,157400
11,1229,581,190,3.102,111300
27,4376,2667,870,1.9194,100600
10,516,282,96,4.2788,125000
9,13288,7235,2350,3.375,131800
17,10145,4776,1749,2.2423,132600
23,6859,3405,1351,2.5395,109200
7,16010,7139,2426,3.8056,162200
15,4573,2513,832,2.6949,163600
8,446,188,68,9.4356,465600
10,4097,2082,731,3.2258,159300
10,1652,725,233,3.5125,155600
12,1481,757,243,3.235,210700
7,7722,2975,1161,3.6273,150900
2,30450,9419,3197,4.5936,174300
3,2744,1223,366,4.7944,215300
2,2569,1232,388,4.3651,145600
2,20391,7132,2716,3.9443,187300
4,4952,2912,943,3.7538,147500
5,3471,1541,502,4.8083,347700
9,2802,1155,421,4.125,392100
6,1868,750,247,4.3833,307600
7,1972,964,317,3.244,337200
8,1003,388,140,4.2917,221900
5,1585,510,181,6.9136,493300
6,108,43,17,3.475,187500
13,270,120,42,6.993,500001
4,21988,8824,3252,3.9963,191100
4,30401,13251,4339,4.5841,212300
4,9089,3886,1243,4.6904,174200
13,1614,846,270,2.83,43000
6,13724,5860,1986,3.9617,183000
4,6112,2088,712,5.5351,429000
4,966,311,92,5.2066,500001
6,8278,3062,1446,3.0043,134700
19,6807,2703,1055,3.1591,189700
15,2094,937,277,5.3623,201300
11,1183,543,147,4.4792,173900
15,652,248,97,2.1071,93800
18,397,239,80,2.8125,143800
13,16148,6159,3232,1.9961,97800
14,2281,894,430,2.3712,127900
19,2238,1190,507,2.0714,85800
23,4676,2770,1057,1.7847,109500
14,6027,3136,1036,2.964,121500
15,3757,1693,654,3.6806,112800
20,2233,1024,399,2.4554,89400
20,4735,2306,904,3.069,87000
21,4587,2233,765,3.2371,94500
18,1996,1270,400,2.7083,91200
19,2901,1414,475,4.6406,118900
17,5160,2344,781,3.7175,120000
13,3603,1644,515,4.0433,132300
35,3269,2328,705,2.5898,76300
31,2712,1519,629,1.942,86200
22,3740,2011,824,1.3039,77500
18,9601,4002,2106,1.4366,77000
25,4952,1589,1024,1.8446,85700
20,3674,1498,758,2.2161,76900
19,3649,1717,696,2.2115,87600
14,7240,2708,1240,2.4145,137600
15,2873,1094,659,1.8015,105100
10,6890,3141,1451,1.7079,95900
12,5829,2711,1118,1.9707,107900
12,7626,2823,1554,2.1722,69400
8,5330,2143,1107,2.1103,94400
14,3700,1171,695,1.9476,112500
7,10352,3559,1689,2.2925,113100
20,1317,453,158,2.8393,120700
15,2228,653,350,2.683,139300
10,6317,2625,1094,2.3,108900
8,10997,5060,1949,2.1979,95300
20,2399,1726,542,1.8845,77700
21,2990,2108,660,2.0135,83000
24,2680,1728,527,2.535,74800
24,3409,1939,739,1.7303,74000
12,701,434,110,2.0577,56700
5,4116,1714,717,2.5612,130800
20,3111,1000,508,1.5982,140000
23,2719,930,485,2.0154,81700
13,10886,4266,1955,2.3169,123400
13,2604,978,417,2.933,170700
25,3750,1594,785,2.4167,104900
33,1575,879,282,2.5357,94400
21,4624,2174,812,3.5255,132100
22,4227,1849,619,4.7356,195900
18,4775,1868,836,2.3355,118800
14,5320,1947,843,3.1393,116300
12,5876,2992,1151,2.4322,112100
25,1254,715,301,2.7344,149000
5,1822,798,313,2.8783,105200
6,78,27,10,3.125,187500
22,1999,1304,479,1.4063,81900
26,503,293,59,3.7083,147500
11,658,376,120,2.3977,58000
16,319,212,67,1.4688,90000
19,2307,1266,437,1.6875,63000
17,2009,820,381,1.3286,81800
2,6900,1950,980,3.0417,146300
1,6,8,2,1.625,55000
18,521,174,74,2.7788,91100
27,3459,1760,654,3.4545,89800
40,2277,1391,453,1.9472,73200
29,3197,1722,603,3.0432,91200
29,2793,1583,626,1.424,73200
33,376,267,88,2.1581,68300
30,3915,1820,643,3.6339,98600
13,7804,3297,1469,2.0549,95600
29,4549,2494,912,2.0976,72600
37,1495,865,342,1.2188,55000
34,3183,1820,647,2.2321,71800
18,553,215,82,5.5,193800
35,4448,2736,843,2.218,73400
32,3141,2589,721,1.4556,54600
37,1858,1632,310,2.7536,73100
10,2653,1967,598,2.6643,81000
16,5277,657,276,3.3333,143400
35,324,158,39,3.4167,100000
25,10665,1874,852,3.0625,150500
21,3460,658,255,3.5882,161100
11,2385,682,242,2.9141,214300
3,830,272,104,3.8281,163500
14,1016,443,169,2.8071,137500
12,1153,446,195,3.038,128100
13,3166,1250,475,2.355,122900
8,1294,457,199,2.9167,115300
10,489,183,74,6.2702,345500
6,1251,544,216,3.0694,173400
26,186,102,39,2.5625,103100
16,3730,1346,592,2.183,113500
13,1187,442,179,1.9107,155700
15,11115,4122,1653,2.7219,74400
12,549,209,90,3.0208,66300
21,1284,537,233,1.95,61000
35,321,157,61,2.8056,68100
29,551,224,107,1.1917,50000
20,260,69,50,3.5208,76600
17,5293,1201,599,1.6849,88400
11,12557,2453,1232,1.7844,78500
13,3921,1902,665,3.3616,89600
16,4913,2518,1132,1.4665,61100
18,2990,1280,532,2.625,68200
10,7249,4274,1621,1.6983,66600
12,3369,1315,584,1.7388,66000
11,1381,644,248,2.3382,89400
18,2233,919,388,3.2578,85200
10,3254,923,486,1.8,81000
5,4332,1420,567,4.0417,146400
16,980,454,185,4.0729,100000
22,1540,610,268,1.5227,71000
17,4465,853,445,3.6875,130400
16,3648,1687,581,1.9167,70400
18,7962,2009,921,3.3897,230200
16,10077,3048,1337,2.9647,110900
28,2992,676,346,5.7613,500001
28,8399,3470,1340,2.5885,159000
13,7559,3189,1105,3.4886,112500
16,343,29,14,2.1042,87500
27,3316,2362,532,2.9569,65900
21,10227,3623,1734,2.5212,145200
12,9482,2725,1300,1.5595,115600
36,1765,451,264,2.6083,321900
15,3004,437,210,3.6667,90000
26,5032,3086,1183,2.5399,94800
12,12396,2548,1265,3.4394,162200
31,6814,2628,1341,2.1176,124100
24,6087,1721,833,3.1493,199400
13,8789,1274,688,3.7396,148900
22,6050,1432,890,2.2216,183900
25,2616,581,343,3.1364,301600
20,4810,1304,740,2.25,248100
18,9374,1678,919,3.9737,235600
18,2547,411,214,2.5489,220500
5,4423,1906,667,4.6855,125200
5,5480,1050,485,1.7204,137500
14,9425,1711,1000,2.6298,145200
3,9169,3838,1270,4.3111,142500
6,4863,3010,828,3.9508,104200
7,10105,6274,2095,2.4497,90900
10,6960,1130,661,2.1411,136400
8,6710,2069,781,3.5223,115100
12,7095,1179,570,4.9444,285000
17,4293,1091,464,6.1437,232100
16,5228,1177,639,3.0859,134600
14,16921,2524,1262,7.6281,341700
8,3059,612,208,6.8729,259200
9,5534,2283,1008,3.6161,99100
6,24121,4176,2221,3.3799,239300
7,17579,3581,1820,4.084,194500
5,19107,2880,1376,4.036,158500
19,12467,4086,1761,3.2846,131900
25,1137,604,240,1.3801,55000
33,2565,2301,638,2.5477,83000
26,4300,1557,669,4.4107,122500
27,1781,759,340,3.3162,113600
10,11836,3811,1570,4.0079,134500
17,8626,3497,1337,3.312,121300
19,7646,2496,1075,3.5569,128000
17,12509,2737,1423,4.5556,258100
10,11659,2186,1083,6.9833,238800
19,6190,2242,1043,3.0021,152300
18,4872,955,656,2.2439,97500
24,2596,473,237,3.7727,500001
5,846,117,67,7.9885,403300
25,2475,910,387,3.3639,168800
17,4289,958,440,2.4659,177800
15,3895,900,529,2.2208,138300
7,8806,858,448,7.8005,318100
11,12327,2450,1139,7.4382,353100
12,5048,883,391,5.6918,231300
10,2387,863,304,2.8882,137500
15,2214,1152,350,2.9187,93400
11,4686,2466,731,3.3333,91800
7,4497,2248,713,3.6354,98000
8,3079,1572,474,4.5938,102600
10,9404,3208,1283,3.1086,105800
5,1664,907,374,2.7667,92900
9,3861,825,401,3.2833,124700
9,1961,966,275,3.8125,96700
6,12991,4571,1926,4.7195,199300
5,3584,1097,470,3.1771,167400
24,880,507,169,3.4583,67500
33,278,375,81,2.025,50000
25,5236,2725,935,3.775,93400
10,9033,5525,1845,2.7598,95000
14,2774,1530,505,3.0682,104100
26,4120,2918,815,3.3107,69400
22,894,830,202,3.0673,68200
28,2488,2891,676,2.3169,68900
38,1695,1279,305,2.1217,68500
29,1133,918,239,2.8648,72100
19,3114,3157,772,1.7083,82200
28,826,979,245,1.7172,58800
26,2399,2654,535,2.2989,60600
32,4981,3779,1186,1.7805,76900
17,4874,5032,1243,2.444,90000
22,197,331,70,2.9286,112500
20,1273,1548,355,2.0871,84700
10,1711,1896,443,1.6557,65400
23,1152,1077,235,2.5,96300
19,1596,1201,282,3.8846,100900
34,584,625,166,1.5809,100000
16,926,238,118,3.0114,366700
3,7437,574,302,10.2948,382400
13,1713,1978,442,2.1287,58600
17,2421,2971,685,1.654,100000
24,2985,4042,905,1.7344,66400
20,1660,637,250,2.0347,68900
12,1230,1334,260,2.2679,61400
18,3585,3873,788,2.5714,65900
22,639,664,153,1.9306,47500
16,1859,1994,477,1.7297,67500
25,2888,2940,660,2.2141,66700
17,89,79,21,2.375,155000
11,5692,5682,1273,2.5383,74000
16,381,182,75,2.425,76100
18,1706,3424,283,1.625,53500
17,97,29,15,1.2656,27500
21,1161,724,186,3.1827,71700
15,644,137,52,3.2097,71300
17,2809,83,45,1.6154,87500
28,1678,666,256,2.9653,94900
20,1491,1135,303,1.6395,44400
17,720,333,117,1.6509,85700
14,1501,515,226,3.1917,73400
20,1454,624,262,1.925,65500
27,173,117,34,2.0833,45000
34,4789,3134,1056,2.1782,58400
16,1187,1115,242,2.1759,61500
16,3741,2434,824,2.6797,86500
29,1387,671,239,3.3438,74000
26,18,5,3,0.536,275000
25,2907,1841,633,2.6768,82400
21,1988,1182,437,1.625,62000
35,5298,1933,918,3.9167,155700
38,2507,888,448,4.0972,163700
38,1878,710,342,3.7731,161400
43,1806,764,341,3.9271,147100
46,2443,939,457,3.5893,142000
52,3080,975,495,3.776,164500
42,2334,892,446,3.0208,148800
44,2314,796,388,3.4914,153900
48,1962,704,362,3.5313,147900
52,4408,1604,777,3.8914,181600
40,1394,689,353,1.7765,109800
44,2092,878,528,1.5922,115100
43,3807,1484,850,2.3266,137500
52,2035,904,459,2.6976,109300
52,576,273,127,2.01,94300
48,2434,1281,662,1.6277,140600
52,2151,1146,603,1.4034,90300
52,1186,1038,320,1.6116,70500
20,463,486,190,1.0313,85000
52,1000,456,250,1.4375,168800
5,761,2031,295,0.7526,162500
20,4018,1570,1122,2.5821,125000
9,745,297,160,3.358,77500
52,569,509,367,0.9196,137500
42,1823,761,503,1.245,137500
47,2438,1148,747,1.4301,141700
52,567,272,187,1.625,187500
49,1334,634,421,1.7568,93800
38,2410,1091,829,1.2209,87900
39,1360,589,338,2.1691,150000
48,3136,1443,877,1.9034,123900
38,2809,1243,785,1.8512,114100
52,438,176,99,3.0217,200000
50,3233,1223,837,1.2041,168100
52,2501,1081,708,1.5872,157500
52,2006,825,384,3.2963,236100
52,3170,1027,457,4.63,233800
52,1750,764,369,2.9191,111800
52,810,326,151,3.1583,140000
52,893,367,160,3.2386,213200
52,1917,722,358,3.1484,158900
52,1625,614,383,2.0549,156700
41,1105,443,210,3.1827,131700
45,2423,873,438,3.7167,131900
52,906,257,166,2.8542,139400
50,1533,532,257,2.5417,125900
46,1316,452,245,3.0938,137800
52,3994,1295,625,5.1169,232500
52,3420,1301,530,4.0417,173800
35,182,115,43,2.6417,98900
44,3514,1509,656,2.7333,100100
19,3374,1412,753,1.4889,77600
52,1878,722,381,3.3348,122800
51,1250,452,232,2.625,121200
46,1698,726,386,2.9821,97000
52,889,273,145,3.125,85600
52,907,479,177,2.2125,104000
52,3126,1789,558,1.7616,84100
52,2094,1364,407,1.2235,68500
48,1091,926,336,1.1458,65400
52,1532,782,369,1.8911,85900
51,2083,874,524,2.0221,95800
44,1986,1044,490,1.7328,88100
44,1151,518,258,2.0089,113600
46,1476,688,353,2.7316,134700
38,1145,596,288,1.78,114300
42,900,506,231,1.2813,87500
35,1521,987,455,1.9013,86900
51,1492,736,365,1.7155,108800
41,1124,807,316,1.4712,94600
44,1375,766,321,2.1719,87500
36,613,425,147,2.2031,93800
45,858,510,200,1.0114,80000
46,2646,1684,616,1.128,123100
43,1048,1320,294,1.0649,137500
45,3032,1341,597,2.8417,137900
46,1485,531,291,2.7885,137200
52,1844,667,353,3.0033,103500
52,2515,836,442,3.3844,151100
52,2784,957,448,5.6402,209800
52,1777,624,350,3.6729,137800
47,2313,779,442,2.5639,123000
52,1145,334,138,8.338,405800
51,4280,1486,621,5.0359,224100
49,4094,1363,659,5.2362,236800
44,1167,452,209,3.7344,179800
52,2508,832,345,7.1035,228700
52,2037,811,375,4.3929,162500
50,1587,877,380,2.0833,94300
52,1684,675,296,4.1467,175000
52,2216,714,327,4.8603,191900
52,814,327,181,2.8542,125000
48,968,706,274,0.9948,65400
29,1303,861,263,1.0208,55800
47,2085,1346,402,1.2679,56700
24,979,546,291,1.186,67000
52,1384,561,244,2.0242,94600
47,1159,810,244,2.7787,56000
41,1278,839,280,1.4702,58300
48,1001,605,175,1.8333,58200
40,2077,1454,385,2.0074,57000
29,1407,556,235,3.0521,108000
43,2084,912,410,2.9769,92700
44,1879,791,345,3.15,101500
44,2570,1145,503,2.5694,92400
48,3421,1441,727,1.9485,86600
18,2525,1726,468,2.398,87600
29,2358,1071,470,2.925,94300
42,3321,1346,658,2.4618,101300
39,2855,1217,562,3.2404,93600
47,2518,1308,471,2.5389,75700
35,2061,1110,342,3.1944,79000
37,1058,588,231,2.9737,72100
37,1958,1171,366,2.8298,71200
36,1581,832,291,3.4083,71800
36,1488,846,279,3.1208,82700
36,2430,1199,437,3.1667,81900
37,1951,1089,411,2.3272,80600
25,3087,2529,708,1.8689,66800
21,3249,2611,663,1.9423,87800
32,2828,1655,485,2.5574,72600
43,2089,955,385,2.5898,72100
30,3657,2925,899,1.3927,78300
38,2080,995,380,2.7697,76600
39,3184,1188,572,4.6923,192000
37,3642,1508,657,3.5231,114300
34,1613,631,266,4.25,191900
36,2603,966,419,5.3135,216600
37,2008,1261,427,2.2574,59100
33,2918,1085,427,5.5208,171300
31,1595,542,236,6.6112,251600
30,3236,1167,569,4.0972,181400
38,1451,786,340,2.3487,101600
40,2966,1225,505,3.125,130600
37,1655,841,355,1.6932,78400
43,1378,708,280,2.3542,103900
36,1824,906,356,2.9911,96400
37,1902,955,384,3.1014,96800
42,1468,571,271,3.3906,124200
41,3364,1841,626,2.1975,73500
37,1704,902,356,1.9837,62300
36,2099,1845,483,1.4138,52500
43,3215,2400,625,1.4625,54400
44,543,506,125,1.3646,65400
18,700,260,128,2.9219,152900
32,2364,1331,449,3.319,84500
30,1715,842,263,3.0313,87900
29,2049,787,309,3.7414,98500
30,3166,1857,579,3.1768,79500
34,2815,1075,471,3.9792,164800
31,3089,1366,561,4.2885,160300
30,3377,1289,594,3.5737,171200
23,6876,2942,1386,3.0963,156900
21,4426,1856,761,4.1,158300
25,4719,1857,739,5.0371,180200
14,5490,2415,837,6.5253,216800
9,4868,2036,750,5.7621,204600
15,6093,2415,997,4.2075,183600
17,8482,3362,1513,4.2216,217900
17,3087,1365,495,6.4667,216800
20,6132,2595,1174,3.1607,178900
19,4900,2519,855,4.8497,184400
5,27870,11935,4855,4.8811,212200
5,3344,1341,670,3.6196,152800
6,9104,3759,1481,5.1442,174500
34,2561,1583,530,3.1583,95800
24,979,723,205,2.5926,72300
23,2679,1740,659,1.3679,70300
26,1557,986,300,2.6613,77700
29,3606,2317,696,2.7368,78200
32,4013,2032,675,3.3689,83400
26,3165,2447,752,1.5908,78600
26,4629,2902,816,2.735,74600
17,3595,2760,770,2.3233,78800
25,2969,1745,487,2.6382,76200
26,6121,4224,1105,2.3496,68000
24,2359,2048,476,3.2702,67300
38,1865,1052,354,1.7891,60500
38,1746,1142,315,1.7714,69900
34,1893,884,395,2.1679,75400
34,1717,848,306,2.4741,87000
39,1453,843,281,1.7692,63900
37,2745,1607,556,1.8007,65400
36,1825,1226,391,1.5292,55700
26,2177,1971,560,1.2575,66800
18,2123,1576,599,1.5735,110000
25,3033,1559,627,2.7101,99500
17,1895,620,417,1.7188,137500
52,20,74,9,3.625,80000
42,2316,1597,522,1.8205,60400
36,3446,2460,847,1.6521,69700
29,4221,2294,850,2.2245,75900
37,1705,827,326,2.6288,71200
37,1477,888,312,2.5592,70300
29,3873,2237,706,2.1736,72100
32,2437,1596,557,1.68,84100
34,1279,963,268,2.71,65600
27,7212,4828,1549,2.214,82400
27,2527,1089,415,4.088,96800
20,2033,1281,521,1.4007,97500
15,7901,4769,1418,2.8139,90400
24,7740,4333,1397,3.025,87900
15,10211,5656,1752,2.575,107900
34,3573,1540,620,3.5323,109800
31,4297,2083,771,3.3878,109300
28,2780,1638,533,2.9571,103100
12,4602,2299,860,3.0625,90500
12,4929,2621,870,2.7262,109800
24,1766,1028,372,3.5402,98700
8,3593,1710,530,3.5227,93100
17,13180,7235,2335,3.363,103000
13,7880,4749,1882,1.9657,116000
12,7290,3960,1248,3.5968,106300
11,8537,4224,1648,2.9647,108900
19,1808,758,320,2.0062,92000
21,2066,2548,734,1.3571,55000
19,8507,3517,1453,4.3644,137400
23,2790,1407,460,4.3288,133700
26,1532,781,285,4.6944,130900
25,2171,1053,422,3.5278,126200
18,1734,783,447,1.9044,154300
26,2697,1088,389,5,142500
14,2534,1495,583,1.9167,156300
19,2497,748,442,2.925,142400
38,152,65,35,0.9274,67500
43,987,1253,237,0.9204,82100
43,88,119,19,1.725,67500
16,2987,1240,755,2.8231,137500
17,7228,2455,1365,5.1385,179500
22,4899,1701,826,5.2449,387000
33,2648,863,359,8.4016,338700
25,2022,639,278,5.8416,297600
16,4429,1538,960,3.2443,190700
22,2623,838,368,7.143,327800
23,3713,2194,1018,1.7451,89600
35,1166,574,190,2.2452,102800
36,1327,613,230,3.8672,111400
33,2289,1100,503,2.1694,95700
34,172,149,55,2.6442,55000
36,3099,1322,623,3.4784,105500
16,5407,2523,1265,2.0471,104200
18,5527,2883,1305,2.6485,114500
17,12355,5692,3073,2.5245,99100
18,6955,2803,1740,3.089,141400
36,2396,1225,515,2.9559,136600
22,5773,2607,1250,2.5238,118800
37,1994,782,355,4.1488,136400
36,1239,764,222,3.0156,103000
33,2091,1053,470,2.2264,108100
34,1151,563,251,2.8,113600
25,2228,1130,481,2.5363,124600
18,2614,1181,616,2.0432,156800
36,2253,1018,426,3.2596,98700
36,2019,878,356,2.8462,93400
41,2577,913,339,6.3406,448300
35,3137,1312,549,3.788,136800
36,1119,414,150,5.8336,283300
36,1249,362,143,6.8469,446400
34,2888,1168,479,3.6053,148600
36,2523,927,398,3.5179,207800
37,2839,1006,400,7.3343,280400
38,2968,1176,454,5.0497,191700
38,1839,685,276,4.5313,189400
36,2388,838,356,4.775,194100
27,3900,1549,761,2.7788,115700
27,4314,1662,575,5.0997,170100
35,1930,805,338,4.4643,133000
36,1275,530,245,3.875,133600
35,2355,993,354,5.0492,144100
29,1285,460,206,5.3243,265700
32,3303,1185,436,5.0508,225700
25,3196,978,419,8.4699,344000
20,2992,1105,368,8.6572,320200
18,1631,599,228,7.8031,267200
23,2912,1132,410,5.9174,225900
22,3273,1151,463,8.05,380000
24,6540,2667,1031,5.5632,175200
28,6119,2631,934,4.875,146400
28,4175,2032,830,3.4299,164000
25,4916,2140,1136,2.5511,134100
37,2191,951,362,3.8882,159500
34,2447,1077,456,3.058,133000
30,2619,940,359,4.7283,164500
36,322,133,59,4.6111,139300
19,4563,2256,926,2.1472,143400
32,3658,1452,715,2.6623,120700
37,494,253,99,4.8194,141100
30,5996,2532,1049,4.6127,151800
27,1743,697,368,1.6678,166100
34,2352,1127,592,2.2,116500
41,774,356,150,3.5625,115300
43,1077,447,182,3.0139,115600
42,945,460,193,3.7569,127100
39,823,329,144,3.0833,114100
27,2375,863,452,3.0086,126900
30,2930,1661,668,2.7813,118900
34,1226,359,167,3.8068,150400
35,2024,786,364,2.4632,156900
27,5693,2334,1387,2.2844,170500
45,2696,1059,582,1.8176,160900
30,3626,1577,806,2.517,130400
31,1540,1079,444,1.8571,98700
28,3671,1733,820,2.2292,113200
33,3512,1515,782,1.9908,118800
21,3260,1735,736,2.5162,97500
33,3171,1591,695,2.0786,88600
34,1126,589,243,2.1776,84400
40,1134,675,249,1.3696,65200
41,1087,462,219,2.0224,64900
42,1385,740,274,2.6055,78000
43,1009,604,218,1.6641,67000
42,2217,1203,507,1.9412,73100
36,1765,1008,382,2.0639,73000
41,1404,765,330,1.8792,63300
41,1578,897,333,2.3214,66800
38,1384,682,280,1.9167,64400
42,1720,1069,362,1.8611,60500
44,1728,1042,349,1.6033,58500
21,2274,1157,445,2.098,49800
18,909,661,176,3.1696,77400
34,2010,1501,422,2.0417,65900
18,1756,837,320,1.125,70500
25,1678,971,307,1.0398,62100
28,1219,559,212,3.8295,122200
38,1673,1116,382,1.3302,62200
33,1077,753,236,1.3462,55900
38,1402,970,382,1.6343,71000
37,1607,972,354,1.9107,64700
37,3009,1513,588,1.4387,61000
5,2680,1885,498,2.6369,110000
8,3746,2161,744,3.2039,103400
14,3167,1787,533,3.8125,92600
23,1481,1079,315,1.867,60600
20,1517,1287,328,1.6607,67000
26,3185,2444,626,1.56,67600
28,1246,884,258,1.4397,51700
37,1534,1147,322,2.5643,59800
38,2419,1696,503,1.4861,63100
32,2436,1509,618,1.0424,81400
43,705,464,159,2.4205,60900
35,3326,2511,649,1.9871,60900
33,1591,1000,418,1.0467,70100
44,2324,823,375,4.6625,158900
46,1758,1094,484,1.0685,70000
43,1111,613,290,1.2917,66300
29,1978,823,490,1.9688,135600
34,438,263,100,0.9379,67500
29,2197,1374,483,2.1889,69300
31,1072,781,281,1.6563,65800
35,1372,850,328,1.6331,67500
17,1269,494,231,3.9615,331300
5,8149,2933,1616,3.6788,178800
6,12197,5634,2329,3.7449,129300
8,16679,7919,3329,3.7188,134500
5,1395,638,322,2.6745,225000
6,693,276,151,3.1944,117000
8,15309,7463,2885,3.9143,129700
6,4391,1982,914,3.4291,105300
23,7709,4147,1262,3.8272,96600
18,1511,1062,304,2.3438,89400
28,800,450,158,2.1029,108600
32,541,229,98,8.0379,383300
10,3054,1932,510,3.0903,91900
25,1287,727,236,4.7396,135500
26,1708,911,290,4.0227,99800
25,2336,1172,408,3.5129,101200
10,2562,1478,433,4.0625,96200
24,2159,1141,355,3.9853,90400
32,965,568,188,3.8611,93900
28,927,542,148,2.5,96200
19,2476,1355,463,2.0625,94400
32,2118,1019,338,3.725,112200
28,1601,848,305,3.6429,105200
24,3124,1512,555,3.1942,94900
32,2962,1542,521,2.2243,89200
35,1299,705,245,2.8333,103000
19,946,474,173,5.0155,97300
11,3335,1963,622,3.3125,96800
31,1007,563,185,3.625,91300
35,1814,1076,372,2.7179,81100
3,3438,1602,554,3.9914,120500
50,880,1148,148,2.5062,112500
29,2103,1124,387,3.0833,87000
34,1086,663,190,3.3074,84200
35,1643,831,305,4.0673,84200
36,1775,937,305,3.1786,83400
35,1851,1007,286,3.2361,84000
35,2943,1460,510,2.6713,84400
38,300,154,51,4.0909,108300
35,1093,590,190,2.7009,80200
29,3757,2022,611,3.5429,88200
35,1620,939,277,2.5542,72900
35,1565,861,277,2.4844,77000
40,67,50,32,1.7596,93800
36,1354,771,267,2.2723,78800
36,1786,974,319,2.555,72700
37,2176,1067,357,2.3958,78400
38,1001,597,226,2.2788,73400
35,562,240,106,0.9338,112500
18,3938,1861,606,3.6484,95000
25,3919,2203,783,2.2402,89500
30,2897,1508,478,3.865,88400
26,2230,1155,377,3.4911,88200
16,2686,1553,529,3.7857,112700
17,1968,996,331,3.7031,114300
20,7085,3455,1229,4.3118,120000
18,7923,3789,1473,3.5403,98600
2,21897,8652,2873,4.5432,151300
7,4842,2857,907,3.9318,133000
15,4680,2626,729,3.8355,107000
13,6850,4251,1421,3.6989,93300
5,14414,7608,2832,3.5802,129600
17,2770,1471,624,2.3683,82500
5,5819,3237,1356,2.2339,116600
9,3184,1929,769,2.3844,86000
22,2878,1362,541,2.7955,96500
17,4866,2371,1030,2.4574,103300
17,3778,2393,862,1.8972,100500
34,825,355,130,3.1858,109500
33,1503,652,229,3.6937,99300
28,3379,1543,556,4.2743,124000
34,1503,731,285,4.0352,118500
35,643,331,134,3.0417,120700
16,3154,1837,793,1.9805,92900
8,3322,1694,774,2.7011,130700
17,1149,583,243,2.8092,137500
18,4164,2032,898,2.119,133100
24,3313,1631,681,2.5556,105700
14,756,424,155,3.6953,116100
27,1672,757,282,3.6786,159700
20,2498,1185,506,3.2243,107900
15,4371,1842,818,2.7797,105500
23,2446,1132,513,2.6266,198500
27,1595,610,253,4.6,199000
24,3533,1496,723,2.8106,183200
12,2772,1335,565,3.8068,161000
27,2203,1158,492,2.4342,119500
17,2761,1128,482,3.7562,139700
13,3033,1363,519,4.0036,161700
23,1947,866,400,2.7181,156800
19,1853,772,397,2.2574,135800
20,4021,1658,730,2.4537,153000
22,1778,875,375,2.6023,142200
11,1716,722,415,2.0926,166100
21,2453,1326,505,2.7079,148000
20,5801,2586,1063,3.9063,162100
25,4260,1635,640,6.2817,288200
24,2868,1284,487,3.3182,213000
31,1817,992,339,3.0972,150000
20,7003,3107,1315,3.0348,150500
31,3114,1121,456,6.244,240000
29,2430,1087,394,3.0864,177900
33,898,470,201,2.6897,148300
22,3902,1870,763,2.774,190200
17,992,316,159,6.6238,326700
20,5001,2330,830,4.0833,160000
19,5407,1927,804,4.6302,195400
19,8501,3576,1467,3.6523,158500
27,1713,761,295,5.2081,136400
26,1604,751,267,4.7381,140500
26,1149,500,194,5.078,163400
21,1276,501,205,3.95,143600
23,2628,1210,453,3.0952,157700
21,2759,1053,374,5.5,165700
21,3824,1818,600,3.712,139000
28,3391,1546,553,4.2188,139200
26,3192,1132,418,4.5278,144300
36,1665,846,306,3.5852,121600
15,6940,2829,990,5.4889,232300
14,3443,1413,505,5.6529,196000
13,4491,1657,667,5.259,249400
19,2926,1349,480,4.6437,212900
19,3243,1334,515,4.8088,169500
14,3335,1329,429,6.2082,250300
17,7741,3153,1331,3.7869,216100
26,3670,1616,550,5.02,169600
19,3170,1344,452,6.1183,221600
19,1891,678,255,6.1872,188700
15,2642,1032,475,4.1382,189800
21,2764,902,360,5.6864,258700
17,2655,991,384,4.6484,270600
25,2787,1247,522,2.9016,159800
22,1597,657,273,4.3098,213500
40,1098,415,160,4.8375,217400
33,1984,842,276,5.2949,173300
27,2744,1340,452,3.8816,147300
24,3459,1336,544,4.8661,186200
36,120,30,14,10.2264,350000
19,3574,1373,643,3.6298,242100
8,4053,2033,897,2.8973,117100
14,5827,2578,1038,3.0212,112900
35,3095,1550,576,3.575,113500
15,5828,2868,1037,3.7813,143200
14,11442,6068,2435,2.6016,121200
18,7334,3339,1271,3.235,124700
21,6575,3358,1098,4.0739,115400
11,13796,6000,2250,3.8776,124500
13,5826,2244,1219,1.9093,142900
17,5434,2755,1047,2.8226,99900
32,1875,1027,343,3.5769,103800
15,2514,1166,503,2.2813,131900
11,2306,1308,418,3.9506,122200
14,4594,2474,782,4.5245,127500
18,3998,2071,660,4.3836,102000
17,3214,1879,562,4.3643,124900
16,2966,1365,480,3.2444,118400
16,3592,1740,629,3.0703,126000
15,2226,1004,417,2.7868,117800
15,3137,1635,544,4.6923,122700
25,1252,587,217,3.5893,146400
10,3908,1898,798,2.8426,130600
21,3455,1605,704,3.1382,91600
26,1387,807,244,4.1563,135700
17,2683,1410,659,1.962,130200
17,2767,1275,568,2.5909,125400
27,1998,970,343,4.8224,115500
31,2532,1396,467,4.0417,114500
12,5098,2029,1065,3.5444,132500
13,2135,779,432,3.6995,134900
16,5179,2181,1151,2.1009,82500
22,1194,545,223,3.8603,134300
15,4018,2070,814,3.0733,119800
19,2655,1253,454,5.2817,140600
20,1234,649,211,4.8523,143000
32,2915,1292,454,3.3188,117100
23,2145,1022,349,4.2037,125400
16,3747,1817,590,4.6488,145300
16,3389,1674,568,4.4489,145600
4,3080,1195,683,2.7477,133000
13,3243,1585,480,5.7133,166800
16,3262,1794,543,4.2464,144400
17,3917,1809,564,5.2586,137000
17,3050,1490,489,4.5562,134500
24,1014,606,194,4.1607,112800
20,1402,676,236,3.7426,135500
15,1497,730,242,4.9688,135600
13,4256,1948,622,5.2051,167400
13,503,267,77,6.1943,276100
14,6155,2407,941,4.2262,244300
18,1830,905,361,4.2273,141800
16,3185,1550,802,2.5199,149000
8,1145,447,216,4.0781,124300
15,2116,866,519,2.7388,111600
15,1701,723,352,3.8906,128700
16,3467,1478,601,3.75,147300
23,1727,833,258,5.4797,160000
29,1087,430,174,4.3625,158800
20,1881,921,360,1.8589,144000
20,1992,889,346,3.6516,130500
15,6838,3166,926,5.2177,162700
16,4082,1912,652,4.4609,142900
14,3713,1845,635,4.3009,143400
9,7812,3275,1178,4.3826,146600
5,7138,2623,1139,5.6902,243200
11,4415,1520,627,3.2321,390800
7,7104,2772,920,6.3528,274500
28,2970,1379,463,4.3214,131700
26,3077,1603,595,2.7174,137500
10,6262,2954,1169,3.4506,139000
23,1843,818,276,4.4695,214700
18,4947,2227,675,4.8542,170500
19,5268,2357,849,3.9226,148700
27,5266,2432,948,3.8954,133000
28,3558,1742,581,4.0182,131700
9,2200,938,369,3.4896,143800
11,5500,2827,946,4.1071,145800
20,1412,700,227,4.05,130700
19,2987,1610,605,3.0533,112100
16,1754,773,277,4.817,147000
26,1546,773,299,2.9803,115400
10,3875,1632,593,4.6902,171000
26,1937,769,274,6.1185,179200
17,1605,732,241,5.47,204800
52,240,6675,29,6.1359,225000
15,3084,1040,562,2.5183,293300
37,1252,686,256,3,121900
42,2101,945,426,2.3333,116000
21,6198,2827,1179,3.7796,159000
6,9798,4583,1494,5.0159,189600
21,3517,1687,655,3.1161,131600
2,12360,4438,1470,6.2503,222500
8,530,398,96,4.2031,212500
6,6873,2354,931,6.8869,263100
16,2574,1041,428,3.6645,203400
4,11021,3857,1494,7.2582,273200
25,394,155,83,2.233,55000
35,7088,4885,1272,2.6981,112500
35,3295,1454,536,3.1711,101900
21,9774,4674,1712,3.6817,136100
24,4378,2149,812,2.5035,123700
17,13553,6544,2359,3.9727,132700
25,2707,1423,490,4.3235,116900
32,9534,4951,1710,3.3926,103400
13,2321,1066,497,2.7652,95600
22,2938,1501,561,2.7356,96100
23,2547,1235,469,2.4722,103300
26,1814,963,317,4.4519,110500
17,6663,2840,1299,2.9452,115600
25,1122,564,213,3.1654,111600
17,1671,848,351,3.1194,112500
29,1276,600,223,4.0938,109100
15,3369,1733,470,5.31,127500
17,3608,1694,666,3.311,109400
25,692,504,167,3.6897,101100
18,1169,614,192,4.5766,108700
13,4715,2420,1059,2.9693,104400
18,224,95,41,3.1042,165000
19,2653,1419,579,2.3787,91300
16,1537,1125,375,2.6471,90700
10,2421,962,497,2.5035,112500
9,2748,1663,565,3.5192,113300
22,1229,733,250,2.5,101600
17,1621,706,338,2.3684,150000
3,4188,2081,995,3.0481,92500
19,2460,1346,480,3.6563,95600
25,3002,1660,613,2.1116,89600
29,2748,1619,525,2.8966,92400
12,2975,1440,593,2.9896,118600
11,2838,1701,504,4.1447,114000
12,16239,8656,3234,3.5691,116300
19,6308,3012,1112,2.9464,113500
16,3895,1762,855,2.6635,135800
18,2129,815,347,2.7679,118000
26,1793,653,235,5.6485,129500
16,2629,1265,485,4.5066,140200
17,1605,748,262,5.0917,134100
14,5737,2731,983,4.4602,134500
18,4481,2211,775,3.9934,123300
22,2607,1216,407,5.0427,126900
33,1191,554,191,2.8021,118800
16,2278,1203,371,5.0622,132400
17,6225,3064,947,5.2881,138000
21,2713,1287,440,4.5815,125500
20,1232,667,288,1.8288,32500
27,1827,852,450,2.0901,52500
19,822,457,133,4.15,157500
29,2337,1054,352,4.2206,157700
4,20982,10329,3086,4.3658,130600
4,14418,6578,2140,4.5604,145900
3,2696,990,316,5.4445,237600
19,2780,1320,404,5.8831,209900
2,6992,2816,984,4.3879,144400
14,3205,1439,456,5.7452,240900
17,4401,1970,639,5.8239,247500
6,3254,1168,345,5.1811,188400
14,3727,1741,646,3.5625,125700
18,2643,1755,541,3.3281,91200
7,6091,2916,886,4.7557,150400
10,3425,1538,587,4.45,138700
15,4155,1722,616,4.8831,154400
15,1883,893,256,6.2575,143500
11,2322,1373,424,3.175,94400
18,4813,2333,843,4.175,144400
10,5121,2568,758,5.2447,148100
10,1034,478,155,7.0326,241100
14,2634,1402,432,3.8897,175700
14,2655,1277,422,4.6989,213800
20,2054,934,336,4.5368,219300
17,2193,1148,372,4.5272,191700
17,1144,626,178,4.4107,151600
14,1357,695,224,4.1974,157800
20,1732,999,305,3.9808,160200
20,1314,712,219,4.4125,144600
11,1554,793,233,4.8073,156700
17,2756,1986,530,3.2234,82000
14,980,659,183,4.4306,170100
16,1708,687,378,1.9485,155400
19,1403,901,290,3.215,104600
22,1768,1005,420,1.8846,88300
4,6125,3077,953,4.1179,134600
27,2475,1703,517,2.5727,86100
8,10505,6002,1694,4.0516,121200
11,5665,3422,1299,2.3343,97800
18,1378,818,262,4.0625,100300
21,1787,988,301,4.35,96200
16,1215,787,233,4.1597,95900
5,5666,3139,1131,3.3608,108900
10,4446,2499,884,3.5461,103600
3,39320,16305,5358,4.9516,153700
24,1605,1966,250,3.0833,162500
32,1441,629,249,4.4519,137500
36,1212,569,256,2.0048,72900
47,1396,630,218,2.8616,92500
43,1906,996,314,2.9744,136800
52,910,429,212,1.6458,52800
36,1395,700,244,2.4353,162500
19,4896,2150,905,3.3398,89700
17,3610,1734,559,5.8324,374200
21,2471,1753,451,4.025,293800
27,2049,1230,336,4.6477,265900
23,3359,1862,651,2.6719,193600
36,1019,602,169,2.625,210000
21,3416,1862,595,4.7813,241500
20,1345,731,217,4.2333,363300
11,1613,1617,342,3.1375,146200
41,440,389,94,2.6818,225000
11,1708,1474,372,2.8839,145900
50,2666,1768,555,2.6598,157300
52,1860,1215,367,2.9554,136500
40,2352,1430,535,3.0912,155300
23,1771,1105,338,3.7049,192200
36,1256,910,255,1.9405,145400
13,4115,2903,747,3.7316,192400
6,3769,2061,648,4.1875,217600
11,1996,1023,358,3.5714,243000
17,2625,1487,481,3.6354,221200
14,3658,1951,600,4.76,216000
11,3701,1749,654,3.067,207900
7,1644,1143,331,4.005,180400
7,1626,677,304,2.3125,170800
30,516,288,95,3.6333,202500
7,4609,1660,720,5.0871,290500
15,2638,1289,357,4.1528,336800
23,395,166,52,2.2132,100000
52,1691,618,239,3.2292,225000
4,22128,10450,3258,6.1287,289600
2,556,179,54,8.4411,500001
14,5622,3108,821,5.7763,206700
3,9662,2497,856,6.7172,292400
4,9755,4662,1583,5.6501,254900
16,13290,6931,2023,5.228,187800
10,10856,6474,2199,3.851,137200
4,8301,3941,1236,6.2141,252200
13,984,364,119,7.5839,426900
40,1092,457,190,5.1165,184200
28,1437,724,262,2.725,140200
10,1979,1117,389,3.7802,107300
25,1719,1098,324,3.625,121800
29,1276,1216,316,2.5972,134300
31,1840,1187,357,3.8875,129200
30,4255,2129,730,4.5185,142500
35,3222,1970,550,3.7083,131000
34,4055,2470,753,3.8586,136000
14,4136,2026,788,3.2344,128200
24,1948,1286,364,3.6,139300
33,4674,2769,784,4.1448,137300
33,1552,1326,303,3.7969,128400
29,873,649,198,2.7986,114400
25,1881,1337,417,2.5536,144000
25,2054,2271,564,2.3049,150000
7,732,431,132,2.9107,95300
27,2127,1970,534,1.4722,91300
25,1859,1070,374,2.5395,187500
10,1875,1055,363,4.3264,128900
24,2834,1815,471,4.7357,162500
16,1458,912,331,3.625,160400
20,2281,1545,481,2.5735,130500
31,2220,1662,472,2.7321,104300
8,1841,1243,394,4.0614,107000
5,4459,2028,881,4.0096,182600
13,5301,2870,984,3.5954,163000
20,1950,1054,312,4.625,222100
17,4098,1859,713,2.9811,231800
17,2902,1652,479,5.6029,161800
17,1781,860,256,6.5958,236800
36,2340,1213,388,4.125,213000
15,4363,2410,666,5.4824,179700
5,3761,2335,648,5.7338,225400
28,707,561,129,2.5781,111600
15,4905,2711,762,5.7021,193100
17,12689,7343,2230,3.6361,157700
11,3467,2163,676,3.4267,164400
20,8561,4861,1450,4.7056,165500
16,2859,1946,591,3.0396,124300
20,6374,3690,1350,3.4184,162500
20,7326,5718,1538,3.2073,123500
30,2598,2170,518,2.3,95600
24,1033,486,204,4.1719,213500
25,3430,1284,438,8.5282,360100
16,2896,1165,379,6.4559,392900
4,4082,1996,580,6.7813,286300
4,4791,1871,659,6.9532,277000
11,3628,1488,463,7.0844,325000
8,1692,857,251,6.9418,310500
20,2524,965,285,8.0103,395500
16,2196,949,289,8.6573,354000
8,2915,1271,354,7.9627,345400
10,2846,1221,355,7.7234,304100
17,3229,1289,407,6.3842,307100
15,3162,1145,473,5.3525,191700
19,3995,1523,509,6.075,254100
22,2272,933,305,8.8204,390500
9,3877,1815,490,8.4839,406700
24,2121,913,302,5.9328,255900
17,3006,1291,406,6.2083,242700
4,4323,1479,663,6.0758,226800
18,3605,1682,480,5.8407,202900
29,2927,1710,623,3.6219,176600
16,2129,932,379,2.5868,146900
30,2674,1404,456,4.2969,165600
16,2427,794,491,2.6929,119300
16,2181,1133,350,5.7214,259400
16,3190,1414,464,5.5292,208600
16,3853,1726,497,6.1195,251100
19,3445,1635,580,5.0681,230500
27,2298,1071,369,6.5587,239000
28,2788,1140,385,5.3368,233500
17,3759,1722,847,2.6074,137500
11,7392,3841,1621,2.8326,163000
28,1263,601,219,3.875,174000
19,2969,1326,573,4.3438,155700
19,1688,622,322,3.6,136400
37,1971,939,358,3.4634,145300
26,1855,1109,536,2.2429,150000
30,1461,1014,345,2.4667,106000
22,1547,773,316,2.9812,148800
17,4418,2417,1094,2.7266,101000
26,1151,593,188,3.6667,166300
20,2462,1117,458,3.2321,162500
23,1426,954,319,3.0357,151500
33,2446,1209,412,4.3958,145600
20,3216,1655,524,5.1261,158800
17,1869,831,262,6.148,243900
31,2561,1204,435,4.4637,192800
15,4799,2554,1057,2.6582,122800
8,3557,2251,765,2.6818,114100
34,2839,1822,631,3.05,121300
46,1214,701,294,2.7083,116300
44,1526,831,326,3.0284,115800
44,2808,1444,550,2.7159,139300
21,5662,3067,1055,3.3482,137300
28,2459,1230,498,3.0978,137200
29,1840,1278,368,3.5036,123400
24,2626,2204,647,1.7806,135000
32,1775,1067,302,4.0375,121300
35,2621,1074,391,4.7176,166400
38,2750,1410,483,3.3836,144900
37,2454,1165,504,2.9474,139600
24,4043,2174,859,2.2244,114900
36,2072,964,395,2.8702,137000
33,2081,1008,375,2.587,138100
36,1485,623,261,3.3036,141000
33,3659,1773,615,3.9227,157200
37,2576,1284,428,3.3958,130400
43,1970,1036,391,3.2083,122800
52,2264,1031,437,3.375,144300
40,1609,624,242,5.4689,158200
35,1254,729,253,3.495,118000
33,1987,1369,475,2.4464,122600
38,1810,1257,354,3.8355,111700
39,2650,1537,495,3.4432,106700
15,4061,2884,734,3.3936,127000
30,1372,1047,225,3.1597,116300
19,3490,2818,688,2.8977,126200
26,3271,2259,566,4.0139,132000
22,2626,1678,557,3.125,111800
24,2801,2064,529,4.4946,136000
20,3550,2229,681,3.0199,128800
23,1945,1483,383,4.4205,135500
11,2000,1503,426,4.6167,144000
12,4427,2400,843,4.7147,158700
15,2700,1432,449,4.9063,159800
35,2501,1182,591,1.4464,113200
52,1041,558,231,1.9236,117200
41,465,349,138,2.0893,112500
16,6009,5110,1389,2.5677,128900
30,2787,2647,693,2.2765,98100
38,2450,1823,536,2.837,111200
52,1644,1269,355,2.6913,108300
26,1592,1182,365,2.4583,110400
39,1405,1489,336,1.608,91800
41,1171,1479,334,2.25,90500
43,763,851,198,1.7292,79200
50,637,590,147,1.9659,85700
39,1210,1294,303,2.3636,88300
36,2341,2138,523,2.3347,104000
33,960,831,222,2.5391,108600
6,5129,2533,949,3.625,113600
16,3260,1973,535,4.6563,162000
16,2081,1332,356,4.7872,147600
14,2644,2021,511,3.6467,147500
15,3393,2039,611,3.9336,151000
10,3657,2079,663,4.2054,159900
6,2833,1717,589,3.2062,167500
13,2295,1284,378,5.2551,194300
13,1543,776,358,3.0598,99700
27,574,321,103,3.9107,186500
9,2107,1138,389,4.4042,159100
14,2137,1151,352,5.753,185500
16,3042,1516,475,4.8906,178500
11,3358,1690,482,6.7544,207900
15,4420,2373,858,3.449,149100
28,2360,2623,592,2.5048,100000
32,1129,1378,268,3.0057,96900
27,1407,1684,350,2.1944,95700
11,2050,1044,371,4.8281,137000
21,1801,2556,484,2.4716,102500
10,3194,2088,549,4.1779,159100
10,4887,2637,831,4.0611,158000
13,4864,2780,723,5.6168,175400
9,4265,2280,589,5.5632,195100
15,3942,2240,621,4.8311,176000
16,2040,1207,324,5.0431,164100
15,1791,1219,328,3.8125,170300
16,2103,1305,356,5.2849,160400
16,1499,918,239,5.5677,175400
33,883,1007,210,2.8281,103600
8,4116,1785,745,3.1672,150200
12,5616,3019,782,5.5425,202300
6,248,119,42,2.125,416700
25,352,99,34,3.9696,500000
8,63,25,7,7.7197,275000
29,1005,513,149,2.4375,181300
5,1387,855,270,5.411,201100
26,1225,717,204,2.7284,225000
36,447,2886,85,4.2578,183300
2,7544,2801,1001,4.0037,245200
3,12806,4249,1499,5.485,343100
5,6135,2795,781,5.9369,225200
4,17577,7766,2473,5.1333,181800
16,2114,1463,399,3.9241,131500
21,2455,1094,327,4.6437,191700
2,11965,4436,1296,5.285,191700
2,718,119,50,4.1,315000
3,5710,2874,886,5.3638,206300
10,9467,3819,1122,7.8252,361400
7,11818,5499,1600,5.3678,231700
16,13556,5669,1668,6.5138,311500
14,15809,7363,2410,5.5198,245600
21,8416,4308,1341,4.4611,164600
17,6709,3954,1161,4.6997,156900
10,20263,9716,3744,3.8505,169600
14,11635,6443,2009,4.7547,157600
18,6025,3360,1028,4.8889,155700
4,6956,3455,1228,4.7193,178700
4,5351,2988,1101,3.7973,181300
9,18956,10323,3832,3.6033,132600
17,3646,1987,895,2.3603,139300
4,6360,3359,1396,3.5186,127800
27,754,746,185,1.9531,100800
16,2401,1757,500,3.9755,120400
4,2152,1083,441,3.1458,118800
16,3443,2130,564,5.0769,161400
14,1463,881,245,4.7857,152500
4,5998,3182,1042,5.2692,174800
5,6933,3845,1285,4.6727,158900
18,5605,4028,1145,2.9386,116400
5,2185,1379,458,3.7917,103000
4,11587,5804,1705,4.8283,141900
7,5954,3567,1070,3.2056,134100
16,5058,3388,878,3.6417,119000
10,714,381,119,0.8926,116100
6,10565,5690,1555,4.1797,141000
35,908,667,203,2.5833,93500
7,1759,1064,328,1.9583,108800
8,4711,3310,988,3.5488,101600
32,3170,2612,580,3.6394,99200
32,1650,1124,290,3.1838,98600
30,2287,1796,503,2.5833,90600
18,3830,2767,702,3.6602,120700
19,3155,2482,642,2.9973,113400
28,1922,1565,340,3.915,117400
17,1834,1253,357,3.1028,106400
24,1017,568,187,1.5972,112500
27,2532,1305,436,2.9107,143100
24,2831,1582,435,4.3397,195600
33,1379,884,229,2.7574,125000
20,1483,660,194,3.9464,207700
5,3958,2456,666,5.1647,154700
4,3428,2158,632,5.0175,143400
4,6034,3527,1098,4.1775,143700
3,12870,5820,1759,4.2429,147300
11,10804,5221,1482,5.246,161400
4,12156,5020,1524,4.7909,149200
16,1769,1778,251,5.3671,181800
16,193,312,76,3.7578,137500
7,6356,4052,1164,2.9112,121700
9,4288,3156,900,2.7827,105800
6,5571,4048,1154,2.0308,91100
25,4261,2319,702,3.3958,111900
18,3977,2231,742,4.1399,115400
34,1345,834,290,3.7011,99500
17,4109,2544,780,2.7757,109800
43,1898,971,366,2.4735,89900
43,1614,926,349,2.075,95100
24,3477,2541,753,2.3682,97400
12,3598,2588,781,2.375,113800
15,5024,3208,981,3.6025,116400
28,3193,1750,523,4.1375,128300
28,2300,1312,444,3.4844,127700
31,3207,1582,538,4.263,127400
18,3172,1621,573,2.7437,120200
21,4460,2657,839,2.7569,127500
13,4563,2475,1019,2.1189,121700
21,3465,2292,628,3.3553,113500
18,2453,1503,500,2.3768,95300
12,6758,3204,1279,2.5181,105500
5,4937,2204,812,2.5272,92000
21,3622,2503,720,3.8531,105400
38,1541,861,299,3.5655,95600
21,3300,1896,572,3.6466,130600
29,1362,776,253,3.1287,102000
29,3999,2602,760,3.5481,105500
14,1933,1443,376,4.2121,128100
5,2987,1821,485,4.8889,138900
16,1140,627,206,4.9444,132700
36,1497,894,275,3.3066,96300
32,3179,1878,661,3.1375,101200
12,7184,4862,1235,2.4492,103800
19,1000,572,230,2.4028,112500
9,2228,1316,370,4.1632,119800
13,2903,1844,510,3.7198,112900
17,2681,1621,459,3.875,118500
23,1326,722,263,2.1856,107800
12,1893,1054,389,2.3456,140800
17,5959,4115,1088,2.4053,105200
7,5059,3253,801,4.9196,140500
8,3955,2184,725,3.3438,127600
32,3616,2131,593,3.2879,95500
17,2029,1190,437,2.9554,115000
11,5684,3095,1036,3.6875,112600
6,1156,910,234,4.9091,122400
52,50,60,16,4.125,262500
4,8866,4775,1554,3.7348,125800
5,6190,3615,963,4.4034,133200
10,5736,3528,932,4.3958,130700
15,1966,1118,323,3.8558,122700
26,1387,664,239,3.0278,96800
28,2879,1661,554,2.066,88100
44,2087,1270,423,2.3889,86100
10,3404,1656,675,1.6977,91300
22,5640,3157,887,4.1581,126500
35,2969,1555,503,3.25,107100
32,3190,1614,512,3.8398,118200
18,5877,3114,1002,4.0294,133200
26,3920,1862,552,3.7286,132000
29,2819,1683,608,2.3205,87600
31,2587,1227,489,2.3578,88600
33,1904,1366,338,3.6227,92800
17,3139,1612,516,3.3571,112300
17,5451,3533,940,3.9191,101600
17,1906,1550,338,3.025,81800
27,2919,1841,564,2.8682,96400
14,2991,1729,537,3.5139,146800
28,1905,1480,341,2.9844,79200
31,1606,1049,335,2.1935,72700
28,1473,1196,312,1.6993,67800
32,1691,1457,329,1.8438,66600
29,1646,1296,351,1.9423,69700
37,1834,1198,348,2.225,81600
32,2699,2086,551,2.2974,84500
36,1717,1054,279,2.4444,73400
41,1837,1430,344,2.4524,70400
37,2868,2055,563,2.3508,70500
39,2210,1752,477,1.4066,66400
33,933,838,211,1.3417,69000
30,2335,1214,311,2.2449,93200
18,3009,2317,659,1.6375,72400
29,1494,991,280,2.125,70600
29,331,341,107,0.7069,70300
38,1462,1208,324,2.2604,68100
41,1229,994,270,1.4891,67300
38,1703,1356,363,2.0391,70400
26,1008,568,196,3.3516,105600
29,2912,2188,518,3.2656,90600
34,2104,1578,365,3.0833,88400
14,11827,6640,2299,2.4878,103800
14,5983,3255,1150,2.5902,111500
5,9269,4916,1519,4.4367,133200
16,774,489,136,5.7628,221300
20,1160,543,188,5.2072,164300
17,889,439,141,6.1426,155000
26,3106,1396,576,3.1736,122200
26,3728,1765,727,1.7456,86800
35,4174,2127,778,3.2232,88300
28,2685,1304,420,4.3676,111100
30,2483,1172,438,1.875,89700
25,2795,1650,569,3.0078,87100
6,5661,2943,1162,3.6362,106500
19,2526,1176,381,5.5136,137100
6,1068,999,188,4.7222,109000
7,2914,1584,499,4.6312,124900
5,4718,2564,1056,2.9877,119900
13,3616,2189,620,3.7949,106300
9,711,316,152,4.0156,131000
7,5747,2578,1147,3.3281,122200
33,1607,608,260,4.3438,115000
38,740,332,138,2.4107,88000
40,961,509,182,2.06,85500
39,1781,841,320,1.9432,89000
44,1487,972,281,3.2292,86100
38,2011,1190,403,1.8654,89400
34,2037,1195,391,3.9231,96000
45,942,401,174,3.8594,90800
38,1287,1047,269,2.2865,65500
34,1127,971,249,2.0583,64800
37,1412,1127,351,1.1667,70900
35,1622,1296,362,1.9286,68500
36,1076,773,224,2.6307,66400
42,525,444,120,2.6771,67000
38,1208,1225,317,1.4663,64000
52,851,731,190,1.9044,64900
41,1105,816,197,1.9375,64100
52,1457,1238,341,2.0089,68100
44,589,504,137,1.775,63400
28,2899,2406,655,1.5208,69500
27,2053,1737,463,3.1213,78800
42,801,711,183,1.8681,59700
40,1051,745,243,2.1842,75200
34,1336,1009,311,1.608,73700
32,2894,1151,446,6.2236,159700
36,1734,604,259,3.8292,122200
38,1981,796,344,3.8125,97400
42,1811,856,352,2.9667,97000
38,2458,1135,453,2.875,99100
26,2469,1068,501,1.9832,122100
35,2028,972,398,2.3778,90700
32,2170,815,401,3.1765,135000
40,2364,968,416,3.4906,93300
52,1683,646,256,4.0481,97300
49,1820,757,324,3.2976,102600
40,2190,1214,493,2.3947,81900
45,1598,771,319,2.5417,82900
48,1717,610,267,3.125,97600
39,1989,805,341,2.425,90000
37,1454,761,248,2.3438,88100
44,2469,1363,517,1.8396,77100
29,2077,1418,524,1.8281,76800
52,1859,968,333,1.2034,79500
52,2424,1171,455,1.4815,77900
36,2991,2378,751,1.3571,70600
40,2198,1517,531,1.0951,65800
44,2337,1238,467,1.5156,75800
42,2115,1532,494,1.4531,71500
43,1018,736,215,2.6,66900
47,2456,1653,512,1.3973,66100
47,1648,1308,385,1.2069,68200
45,1369,1046,274,1.8438,72100
50,1629,1581,394,2.2019,63500
48,1498,1586,455,1.1687,70800
35,2014,1714,612,0.7075,78800
35,2426,1920,586,1.5561,68000
39,1573,1258,359,1.4896,69500
19,1204,844,424,0.7235,71300
24,1451,1178,330,1.1806,68300
49,60,76,13,2.5625,75000
44,376,273,107,2.2917,90800
34,567,387,138,1.7981,73300
31,1516,596,255,4.3362,159400
37,1709,744,274,3.7188,116600
35,2707,1595,479,3.9018,91500
30,1770,990,348,3.3,97600
33,2271,1100,380,3.5978,88300
31,3538,1715,663,3.7125,98000
30,1937,945,344,3.8906,123700
16,30,49,8,4.625,250000
22,7935,4523,1791,2.1465,88800
19,5163,2680,1141,2.2482,114500
36,3795,1742,585,4.1,96400
35,1517,658,245,4.4435,97600
35,1490,705,253,3.3616,95300
33,2898,1374,487,3.6856,90000
37,2498,1291,487,3,83400
37,2403,1234,493,2,72100
39,3521,2256,721,2.1375,87500
31,2209,1314,562,1.7235,78800
40,1298,793,268,3.0721,83800
36,3337,2388,589,2.9628,87800
35,861,381,138,2.5234,88200
17,3107,2160,643,1.8463,72600
32,2910,2011,614,2.7473,70800
27,2896,1514,668,1.462,70200
52,954,943,256,0.8658,87500
30,2173,1509,486,1.4079,67700
33,1210,850,238,1.2171,59300
44,567,565,150,1.8281,62900
9,3904,3688,896,1.8022,78000
29,1960,1681,435,2.9292,84500
35,2240,1394,396,3.1799,86700
37,2267,1175,403,3.75,95200
32,2086,1355,412,2.5238,89200
46,1851,1100,377,2.0461,90500
35,1380,730,264,3.2305,93700
33,4924,3502,953,3.233,99400
38,1585,1347,368,2.375,75300
30,1129,1034,237,2.3917,78600
41,1359,786,244,2.5208,85500
46,1308,576,244,3.1875,84000
52,1226,693,272,1.9963,76900
52,802,564,131,2.1591,63500
26,613,431,130,1.3977,73100
42,530,390,124,1.0469,67000
48,732,486,139,2.5673,68200
36,755,625,152,2.0242,65000
46,476,476,91,1.4511,73100
43,1697,1181,352,1.9234,74600
40,2011,1528,469,1.9375,69900
40,2936,2024,676,2.1139,70900
26,971,592,207,2.1125,84000
37,953,611,230,1.9926,81500
6,7423,4092,1789,2.7002,88300
18,1837,727,336,2.5187,116700
14,1582,825,259,2.8281,106300
29,2481,1188,385,4.7344,134600
5,2785,1310,536,3.39,149500
6,2155,1039,391,1.6675,95800
7,4672,2534,1046,3.4228,115700
7,1971,1336,423,4.5066,111500
2,1658,868,304,5.1365,136700
17,1779,1006,293,4.6708,123100
18,2342,1264,382,4.7986,123700
13,3853,1685,669,3.9024,122400
24,1966,786,302,5.0318,134500
9,1199,629,207,5.7393,151600
18,1634,899,285,5.2139,129300
9,8185,3630,1466,4.1667,197700
36,848,737,169,0.9838,79300
38,1093,856,212,1.4279,73000
30,2981,1784,573,2.45,85800
21,3067,2140,687,2.4432,78800
21,418,401,120,1.7206,82100
17,3362,1520,496,6.1986,214500
18,5761,2763,1058,4.4472,161100
34,1703,849,359,3.1607,138200
20,5258,3780,1404,2.025,85700
23,4503,3264,937,1.9821,93000
18,5009,2948,963,3.0042,106500
5,1775,726,222,7.978,223900
4,4289,1981,705,5.3366,165100
9,3603,1782,718,3.2604,93300
17,5036,2084,833,4.6445,137200
16,2577,956,472,2.5625,129400
6,2383,1301,488,3.016,107500
23,3847,1621,630,4.6111,128400
26,2041,936,375,6,140200
16,1613,811,267,5.2591,140700
9,2524,1139,362,6.2516,159300
18,1859,747,256,7.732,173200
14,2647,989,479,3.1513,160000
18,1920,890,323,5.159,144800
24,1203,594,187,1.1522,87500
26,3774,1913,620,3.3534,98900
6,4464,2364,952,2.3848,81600
10,1145,726,251,1.645,68700
10,5951,3204,1159,2.7011,110200
14,3998,1509,665,3.4138,126700
34,2457,1538,507,2.809,82500
31,3037,1834,575,3.3445,92900
24,3532,1681,590,3.5,113900
29,2654,1822,593,2.1563,72300
23,1920,1161,358,2.2109,73200
22,1162,995,244,2.5875,81300
18,1439,699,310,2.1071,73500
33,2170,1425,472,2.0133,78300
30,2512,1390,523,2.3725,77200
26,2972,1972,532,2.0388,80400
32,1677,1021,339,3.6853,90900
27,1245,692,234,3.2176,89400
26,1757,905,281,3.4103,90900
5,2167,1174,358,4.0114,97700
5,5749,2382,1088,3.0587,143100
8,3065,1440,666,3.2368,129200
2,3867,1275,433,5.4138,164400
40,96,46,14,3.2708,162500
3,15695,6080,1920,6.2178,173900
28,2243,1464,379,3.2105,90300
22,2467,1567,494,2.6536,84700
5,4458,2392,773,4.5938,126500
14,1258,752,264,3.3924,97400
28,1306,885,255,2.1154,75300
7,1347,799,276,2.9485,112500
26,1953,1284,414,1.3485,85100
28,699,432,168,2.1875,81900
37,1467,1316,339,1.448,72800
40,2374,1772,455,2.189,72500
52,954,533,239,1.3021,100000
21,6107,2805,1444,2.5643,102700
29,3436,1323,676,2.4943,122300
29,4007,1576,696,3.1801,149300
41,1766,753,278,4.9125,140700
52,1820,601,315,2.6129,137000
52,1949,767,392,2.5143,117600
33,1688,808,298,3.2188,117800
33,3007,1252,488,3.8816,134600
24,1587,676,234,6.0715,173400
23,1762,1132,279,5.9915,153200
14,3063,1570,419,6.2917,224700
4,2904,1250,664,3.2131,137500
38,2492,1003,369,3.6875,152800
36,2223,942,331,4.6806,152400
25,2513,900,320,6.4962,182400
20,856,395,145,10.8634,381800
9,5306,2630,925,4.51,135800
24,6573,2904,1202,3.0651,108000
5,1473,842,257,4.875,138100
15,1852,906,298,5.3526,129800
3,5542,2506,806,5.5875,162000
15,3057,1154,460,3.9741,141100
25,3670,1815,634,4.0658,127400
5,2634,1173,372,6.746,204100
9,1442,633,230,5.0227,162300
23,3215,1411,435,6.0701,149900
24,2877,1141,474,4.2059,121500
14,2845,1172,377,7.5822,283100
33,2101,1997,412,2.8125,117200
17,2285,1412,541,1.8152,94300
26,7561,2909,1012,7.2972,269600
32,2832,1033,385,6.5648,237200
26,5305,1818,676,6.1461,217100
33,4583,1760,638,6.3308,230600
37,106,27,12,4.0556,131300
24,6260,3132,1189,2.5156,103000
38,281,151,52,1.3906,120800
4,3078,1341,486,4.9688,163200
34,2405,1342,514,2.8031,86900
34,45,39,14,3.0625,500001
25,2495,1071,405,4.8173,146600
14,5764,1876,841,1.9694,173200
16,3784,1615,525,4.2333,220300
19,4415,1627,619,4.2361,191600
26,3909,1884,665,4.1361,121000
15,5592,2419,840,4.7193,135200
6,2290,957,274,7.2708,316700
23,3967,1518,698,2.29,111800
24,4144,2127,772,2.5172,96000
23,3862,2082,652,3.154,115700
20,3111,1453,538,3.3365,122800
24,3912,1926,762,2.6875,116300
21,3098,1351,614,2.598,106700
27,5484,2645,1131,2.1927,116700
24,4663,1851,1116,1.4418,103500
28,3009,1200,626,1.3993,104600
27,1945,859,418,1.5203,126200
26,3501,1860,681,3.0403,113500
29,3375,1760,699,2.7028,92000
30,3474,1674,691,2.5863,98300
35,7922,3431,1329,3.4145,40400
39,8193,6852,1597,2.3832,35000
6,8884,3767,1334,3.599,140200
6,4264,2005,666,3.4695,138800
5,2884,1396,465,3.7361,119600
6,6068,3094,947,3.5167,130900
4,6712,3126,1026,3.2277,126500
20,1319,486,196,2.0184,84900
8,5445,3220,1214,1.7567,69500
14,859,541,181,1.6838,57900
18,755,483,165,1.4196,64700
10,2964,1853,609,1.6047,73400
5,2949,1620,530,2.9479,83300
7,3940,2140,711,3.0357,91300
20,7052,2197,810,3.7252,167100
18,5210,1301,464,4.8623,176900
35,1529,688,256,4.1083,108000
39,1578,872,322,4.555,153100
27,2718,1472,509,2.825,76600
36,2181,1404,492,2.3077,55500
37,1199,782,296,1.6515,61600
36,2828,1762,736,1.4318,59600
34,2194,1326,515,2.1056,72000
29,2637,1188,446,2.99,69400
26,2599,1332,443,2.7198,70400
29,3111,1530,608,2.8281,69300
37,1884,1052,353,3.175,66800
36,1199,665,229,3.7065,62000
5,4787,1944,806,2.6576,98500
7,8414,5146,1517,3.2794,92500
17,1613,765,300,2.6827,110400
14,3026,1349,485,2.8021,111200
29,2251,855,315,3.4183,104100
4,2372,1017,322,5.1112,170900
9,4055,1458,478,5.4201,170600
14,2125,1067,360,3.6333,116200
10,4201,2378,808,2.1781,92200
13,4460,2225,840,2.0136,94100
31,265,186,55,2.125,64800
8,3561,2156,659,2.7778,86900
7,4998,2764,891,3.205,101900
7,2449,1217,408,3.6646,109900
10,3103,1283,464,3.071,151600
7,3200,1522,470,4.6914,142200
9,5756,2158,758,5.5875,167800
17,4379,1720,595,5.086,148400
13,5841,2455,915,4.1333,158200
8,12526,6133,2324,2.9072,119200
12,4476,2255,735,3.925,118500
15,5151,2896,897,3.4875,90800
5,3772,2097,635,3.8194,98500
38,1643,1196,406,1.2275,64100
31,1174,1161,328,1.06,56500
25,2546,1338,487,3.2596,85400
26,2299,1259,441,2.6125,79900
18,279,188,60,0.8246,91700
9,5904,3489,1063,3.125,92800
10,3781,2044,685,3.0943,97100
6,5667,2447,1199,2.3617,103100
10,2163,1174,362,3.375,98000
9,3293,1678,530,3.2941,98300
3,16533,7588,2285,3.9792,122100
34,4493,2335,779,3.1635,74300
16,3072,1283,604,2.8929,115600
18,2704,1611,597,2.0243,82300
10,4676,2845,812,3.0181,100400
14,2443,883,465,2.1111,116700
7,4584,2049,918,1.6232,93400
3,7689,3804,1399,3.3871,111800
8,4627,2739,846,3.0204,93100
7,2045,878,292,6.0296,194100
7,2344,846,314,4.7361,174500
8,1794,690,271,3.662,165300
6,4632,1851,694,4.1933,163100
8,3567,1133,419,5.3733,302600
13,3682,1606,668,2.1875,119700
14,2105,960,396,2.9934,118200
11,5934,2756,1239,1.5758,108300
11,3572,1876,507,3.6615,105100
8,6042,3031,991,3.3438,124400
6,6988,3660,1092,4.2224,125700
9,2404,1074,359,5.0198,151900
14,3019,1639,582,1.5288,103400
13,2032,1038,344,4.2891,120100
13,3684,1767,585,3.7478,113500
8,3579,2216,630,3.4038,100500
15,1703,847,266,3.7917,123400
4,7151,3527,1170,3.5696,129700
8,6246,3883,1264,2.7917,98200
10,1731,1056,312,3.6007,104000
16,5130,3126,1046,1.6784,71900
9,11810,6716,2081,3.1821,95600
4,5083,2541,856,4.2414,121400
9,5983,3515,1064,3.1505,102000
9,5643,3166,957,3.2077,93300
11,4597,2534,776,3.3368,99300
8,6463,3213,1031,3.2215,108800
14,4527,1640,590,2.8594,81700
18,1321,754,226,3.4028,67500
5,208,132,56,2.5333,75000
12,807,246,102,2.5391,40000
15,3149,1281,486,2,64700
8,9975,6835,1439,2.7138,22500
12,8796,11139,1680,2.2612,137500
10,4256,1403,686,2.6618,81000
37,452,184,59,3.7292,65800
20,2352,1217,481,1.6063,55400
9,1969,805,349,1.5491,62300
18,1880,994,425,1.69,54200
13,1808,735,320,1.5489,57400
15,4203,1756,695,2.182,60800
14,6438,1586,691,1.6136,67400
16,1247,433,159,1.0568,75000
21,8502,2330,991,1.3811,51300
15,6928,2568,1075,2.5405,69600
19,1867,758,321,2.8929,98100
14,4985,2517,954,2.0674,65000
15,5583,2709,964,1.9779,73300
18,5584,2250,1158,1.5823,72400
22,5473,2581,1098,1.9375,65300
17,6683,2677,1227,2.4828,84000
9,4855,2098,765,3.2723,97800
16,5648,2524,1008,2.6739,78000
6,2104,841,320,4.1458,116300
23,1175,355,151,2.2083,42500
32,3298,763,360,1.875,47800
29,1202,383,156,1.3371,66900
15,10377,4507,1807,2.2466,66800
13,9444,4166,1482,2.6111,65600
18,3312,1251,512,3.0139,82600
19,301,150,56,3.125,65600
8,569,312,96,4.3021,94500
34,3868,890,423,1.3571,41000
30,540,122,63,1.3333,42500
32,3163,1358,544,2.125,57700
20,350,119,58,1.625,50000
19,7650,1129,463,1.82,80100
15,5612,1015,472,1.4936,66900
41,812,375,158,1.7083,48500
17,2556,1005,401,1.6991,69100
46,1497,787,271,2.1908,48100
48,1291,580,211,2.1571,48600
31,2478,1346,479,3.212,70400
10,2502,1152,481,1.7062,86800
18,3903,1388,428,4.2386,157200
18,3895,1086,375,3.3672,133600
29,4610,1569,592,2.7663,97900
29,1290,323,113,1.9265,103300
38,4116,1196,422,3.5625,96500
16,3474,853,315,5.2185,128600
34,3687,941,367,2.875,117600
10,4750,1220,428,4.5536,132400
26,6339,1177,466,3.7708,110400
27,9285,1135,410,2.5446,135200
33,399,71,27,1.875,71300
13,4867,780,250,7.1997,253800
16,7961,879,280,5.2146,255200
16,3326,527,192,5.7421,167600
17,9419,1382,459,6.2233,230900
16,8020,1749,540,4.9716,162500
22,8106,1062,423,3.0434,137200
15,4236,703,255,3.5625,165500
31,5454,1408,504,5,161100
21,4773,337,130,3.9375,115000
17,2828,673,274,5.2563,144100
10,1039,317,109,7.2371,171900
19,4641,1334,474,4.5972,123900
22,4397,1145,445,4.5268,108400
16,1347,271,91,4,87500
21,2520,416,151,2.712,89000
17,1181,248,114,5.5762,150000
27,12342,1300,566,1.998,153500
23,6379,1350,568,1.6336,124500
16,3018,556,244,3.5288,189700
13,4137,573,218,4.6394,226500
11,1089,230,90,4.9643,176000
15,4419,622,267,3.9688,182800
19,5411,441,185,3.1324,132000
13,4760,309,132,5.4618,147800
29,5055,410,191,3.5104,157100
13,3661,567,228,4.4063,152600
19,1649,382,151,4.0556,133000
18,6988,2044,726,2.4308,90600
19,5395,981,366,2.6094,92400
5,5806,569,219,4.0132,163100
15,8948,1316,514,2.7375,90800
11,5799,713,262,2.5147,84700
14,3959,1064,376,2.8214,111400
10,4374,1020,376,2.6071,89000
16,2098,342,143,4.0333,133900
21,739,199,82,4.8958,117500
52,3419,710,265,3.9028,128600
4,42,9,3,0.536,42500
38,898,106,52,1.6875,225000
7,9759,2933,1168,3.4912,157700
32,671,856,114,2.6477,53300
26,3606,1683,608,2.6587,57400
33,552,347,97,1.8158,100000
28,1932,1156,404,1.8958,55600
14,3348,1756,557,3.5987,91400
21,3254,1548,545,2.3373,57100
30,5370,2778,944,3.099,66800
31,2034,1097,367,2.1522,60800
16,1579,934,298,2.7305,73800
28,1777,721,259,3.6343,79800
20,2355,1198,428,3.9934,88500
24,2741,1551,522,3.474,70500
23,6060,2920,1072,3.1528,69000
16,6862,3562,1126,3.6091,87200
18,2127,1168,401,3.0313,80000
7,2245,1016,364,3.9464,101500
30,1211,611,230,1.6667,44700
10,337,108,50,0.4999,55000
4,5027,1869,686,3.5507,186100
22,1054,428,239,1.2548,68300
6,5110,1938,724,3.1917,112800
20,3481,1694,587,1.4,77700
20,6541,2631,980,2.1339,78500
52,2023,649,285,4.7396,441700
52,1539,535,224,5.392,408500
52,1504,518,196,8.603,459600
52,1495,459,190,8.1548,500001
52,1388,513,211,6.1309,411600
52,1294,434,180,5.7914,500001
45,3149,1160,661,2.7266,354200
38,5430,2357,1100,3.654,249000
39,3132,1200,690,2.5288,274000
36,2282,918,531,2.7222,284700
52,1052,381,201,3.0726,289600
23,2474,1107,536,2.9705,245500
49,1566,643,419,1.9637,137500
52,852,389,249,2.6042,225000
21,1882,903,482,3.06,243800
27,2335,982,590,3.1921,261500
28,1514,540,352,2.1532,240000
19,5430,2496,1484,2.9112,199100
34,1785,804,490,2.2687,200000
43,2361,824,470,3.4196,302200
36,2644,1211,654,3.0445,214800
40,1809,826,456,2.6518,179800
37,1921,811,472,2.75,175000
40,2261,903,525,2.465,198700
9,2818,851,555,2.6181,204200
27,3166,1332,817,2.6742,171400
43,2383,962,587,2.2578,263600
26,3149,1320,808,3.0259,211700
35,1391,726,317,2.6818,159400
47,1494,689,304,3.125,172700
16,6075,2592,1634,2.5553,178100
29,1961,1002,569,2.2813,118100
25,1908,956,467,2.4828,133300
37,1832,955,488,2.7852,129200
19,1358,766,630,1.0353,150000
20,1182,678,326,2.1937,162500
27,1551,880,400,2.4167,131300
28,3025,1328,695,2.694,164100
35,2539,1308,629,2.6777,146400
32,2587,1246,650,2.1727,145500
35,1785,965,506,2.0792,160000
30,2582,1098,603,2.8281,171700
29,2568,1191,642,2.1094,162500
41,1545,747,415,2.375,154400
27,2280,1235,664,1.9392,142900
33,1591,794,425,2.6333,140000
22,2623,1283,718,2.1563,127100
24,3523,1775,873,2.1273,142300
24,1877,898,483,2.2264,112500
28,2279,1166,623,1.95,150000
23,3999,2051,1130,2.1292,135000
31,2336,1186,609,2.5872,130600
50,1476,698,354,3,168800
52,1512,651,321,3.6852,185300
37,4142,1936,968,2.693,174100
37,2344,1134,513,2.4394,118300
46,1898,978,439,3.2708,155200
52,1969,877,424,3.79,163400
20,2271,992,520,2.2599,157600
15,2671,1800,646,2.1394,106700
17,2060,1251,602,1.9886,119200
20,1406,850,412,2.3261,114600
25,2222,1025,568,1.64,130000
23,2681,1279,648,2.1597,116100
33,2279,1250,576,2.4297,139000
43,2336,1203,614,2.3594,127800
26,1221,620,296,2.4821,123600
29,2030,1014,518,2.2409,114200
28,2160,1339,571,1.9152,128100
27,1426,792,353,2.0673,118800
28,1605,936,460,2.5991,147500
17,1559,821,428,2.0139,150000
41,1469,803,395,2.1856,120500
48,1502,590,265,2.5952,190300
50,1729,617,337,3.6705,167000
48,2012,893,394,2.7928,175000
43,2167,977,461,3.125,192200
52,1484,498,223,6.6053,331400
52,1506,478,240,4.3875,300000
49,4449,1606,709,5.7768,281600
52,2606,883,380,4.2813,270800
38,2065,812,343,3.125,216500
44,1139,470,217,3.5481,203100
43,3889,1466,663,3.5529,223000
31,2293,1108,557,3.3854,204400
30,1835,934,415,2.875,139600
28,1457,672,342,1.9799,122700
21,2226,1085,533,2.2604,126300
19,2188,1304,607,2.0852,114400
17,871,955,351,1.4375,96400
11,2393,1905,711,1.3448,91300
11,1607,1384,450,2.05,100000
21,2127,1812,603,1.6896,100000
18,1943,1329,522,1.7696,103100
29,1650,882,445,2.2287,140000
31,1235,816,397,1.5517,122500
31,987,619,250,2.9286,151800
16,2426,1505,754,1.6444,103400
21,2063,1686,558,1.4828,94800
20,2355,1848,576,2.0036,99200
15,2422,2120,715,1.0617,92400
23,1858,1506,492,1.7446,85200
46,695,601,195,2.4219,90600
20,1667,1292,445,2.0893,101100
34,2131,1373,562,2.113,102100
13,2795,1869,690,2.1767,101800
14,2361,1831,526,1.6102,93400
25,2846,2272,632,2.2,98700
25,684,665,187,2.4524,90300
33,1126,621,241,3.2422,123100
35,1689,1135,366,2.3269,97300
24,2927,2005,668,2.2375,102900
34,1096,574,223,3.8355,126700
27,3160,1628,612,3.8864,132600
30,1899,1620,493,1.6034,84400
23,3130,2472,744,2.32,93200
20,3854,3555,966,1.6747,100000
30,1772,1389,447,2.3641,94100
11,1976,1528,512,1.4886,89800
20,1886,1134,525,1.5029,100000
16,1111,930,303,1.2347,128100
15,1821,1385,439,2.5101,95300
24,1245,1230,362,1.875,95000
28,1220,1286,396,1.2286,105000
20,1701,1482,465,1.6789,95500
10,1922,1595,545,1.5208,118800
18,1704,1639,548,1.7391,125000
14,2523,1297,525,2.3886,138100
37,2690,1219,524,2.3148,154200
14,3073,2000,782,2.3824,144700
9,3464,1687,645,3.3026,119100
34,1917,1181,426,3.0208,129200
34,2178,1193,446,3.1719,115300
37,1042,589,208,2.6629,116900
31,2036,1263,442,2.5583,120700
20,1989,1452,462,2.0077,118300
26,2359,2067,581,1.8103,124700
19,2739,2004,622,1.6318,117700
42,1986,1472,475,2.1757,110100
33,3260,1784,666,3.5078,126500
36,3331,1903,622,3.6974,122000
38,1901,1099,406,2.7661,113900
35,1434,753,228,2.3812,135100
36,1158,619,233,3.6125,122500
19,2935,1953,720,1.4254,111300
18,2968,1149,581,2.6452,154200
22,922,1524,235,1.6815,218800
31,3062,1263,539,3.0875,291500
31,1070,426,153,6.1628,219200
34,2245,1849,429,3.5446,185500
38,3779,1495,614,4.3529,184000
42,1827,880,380,2.5125,176600
25,3911,1580,767,2.7778,184100
27,1221,606,259,3.0833,155400
31,2567,1255,582,2.5909,159100
20,2547,1199,643,1.7743,140300
21,1824,962,431,2.7826,143800
23,2556,1200,548,1.8899,147700
18,2269,1329,581,1.7951,161800
34,1730,730,350,2.0284,161800
38,1130,699,241,2.65,167600
32,3888,3868,841,3.0755,166800
33,3535,1568,672,2.8097,158300
36,2785,1275,527,2.3015,156800
38,1549,636,278,3.2188,150500
46,1887,795,358,3.25,159600
37,2356,1231,499,2.965,155700
24,1629,1012,488,1.7452,156800
36,2024,1030,390,3.8233,139800
34,2516,1317,594,2.2308,125900
35,2144,1003,383,3.0938,137300
18,1758,987,277,4.6875,141800
32,2286,1741,467,3.0446,101900
36,2448,1268,450,2.5682,109100
33,3444,1884,582,3.7891,126700
31,2669,1626,499,3.1923,116900
35,1777,1158,353,3.4107,117000
25,2681,1947,553,2.8964,104300
39,2754,2263,619,2.2454,89600
35,1477,852,279,3.1786,100600
37,2176,1301,375,2.875,98900
36,2103,1279,392,2.4135,97000
21,1864,1498,389,3.8194,125700
11,2397,1566,514,3.8687,145200
27,2204,1656,521,1.4821,86200
26,4151,2822,697,2.8372,123400
14,2763,1914,465,4.1645,143000
20,2192,1766,393,4.0921,135000
12,3943,3280,751,4.112,141400
28,5274,3727,961,3.57,109800
25,3292,2266,592,3.2986,119200
33,3126,2300,623,3.2596,103000
34,2328,1684,429,3.25,99600
20,4050,2870,761,3.7366,121800
22,2756,1849,486,4.1837,125400
18,1643,1134,269,5.1769,133000
30,3187,2082,631,3.5388,118500
25,2321,1434,386,3.5341,120800
8,831,740,154,5.3908,165500
9,1520,1250,265,4.8875,157700
13,705,718,155,4.4375,154900
9,521,491,110,5.1305,158900
19,2304,2010,556,2.2866,109900
27,1790,1286,347,3.5437,115800
7,9311,7302,1694,4.419,156900
18,1475,1149,268,5.0827,142200
38,1481,1080,291,2.85,125800
36,3815,2945,728,2.0959,125000
21,991,695,203,3.625,144300
41,2665,1664,512,2.375,113500
29,4047,2353,730,4.0505,125000
35,3414,1761,522,3.9922,129800
32,4227,2842,795,3.9646,137800
19,1469,1010,292,3.5664,150400
16,2168,1589,338,5.4863,153800
33,3425,1528,479,5.6889,234600
24,2587,1617,458,3.5066,133400
22,3362,1471,612,4.1442,303900
15,5094,2118,758,5.3505,266600
14,3986,2065,702,5.7192,267400
14,1689,1319,527,3.16,143800
15,1828,955,248,3.2174,165100
13,2132,1345,432,4,89300
14,1320,943,260,5.0947,152700
14,3464,2139,734,4.0668,137500
9,3417,2521,828,3.02,158900
9,3087,1530,556,3.775,125000
11,1875,1014,386,4.375,115000
7,2327,1304,445,3.3553,132200
7,6055,3031,952,4.436,135000
5,3201,2061,536,5.0829,179400
10,901,698,167,4.6648,156100
8,2460,1784,390,4.5662,175500
12,3375,2357,808,1.5,106300
15,869,887,216,1.4583,84200
22,2409,1887,578,1.4089,94200
18,1645,1221,410,1.3269,108000
20,1102,852,217,3.1833,108300
11,3071,2812,774,1.2413,83100
28,633,525,170,3.6042,95600
42,2002,1505,464,1.5057,86300
9,1931,1628,445,2.085,92600
26,3114,1948,660,2.8942,124100
5,1615,1094,394,2.2024,137200
39,1273,770,242,2.0938,102500
33,1096,716,224,1.6944,111800
28,3109,1559,589,3.5789,120300
29,2238,2061,504,2.5559,96800
29,3422,2775,644,1.7075,86900
25,939,1003,240,1.75,87900
25,1491,1183,316,1.9583,88600
30,1729,1673,460,1.7,85900
34,2028,1797,464,1.7402,79400
37,2045,1920,472,1.8125,83300
33,1980,1626,428,1.4856,86400
14,819,827,237,1.3194,90500
36,1011,763,226,1.8187,84100
29,1040,1054,297,1.1818,83200
37,1269,1369,302,2.2102,87200
35,1292,1183,272,2.0547,98000
36,1421,1418,355,1.9425,93400
34,1144,1271,302,2.09,91800
37,2395,2489,599,1.5933,86300
39,395,620,162,2.725,86500
46,200,180,65,1.0658,93800
37,1082,1146,265,2.0673,88500
38,818,953,231,1.0531,65700
37,1361,1398,328,1.1681,78100
36,1469,1271,340,1.043,90100
48,786,917,231,1.875,75600
42,1210,945,258,0.8991,78900
38,1445,1286,357,1.4632,80200
35,1179,1372,330,1.9509,70200
33,1256,1315,321,1.9286,78500
38,993,760,205,1.1563,82700
42,1145,1114,307,1.2614,87500
44,1697,1396,363,1.5474,83300
32,2197,1784,599,1.901,120300
24,421,396,113,0.6433,111300
9,2436,1780,653,1.8299,137500
19,1341,1048,360,1.975,117900
36,6096,3093,1229,3.37,159100
50,2307,887,356,3.5156,168800
52,3976,1750,769,3.4151,175400
46,3355,1457,708,2.6604,170100
52,1148,481,215,5.454,240900
52,2676,1181,537,3.6058,213100
50,1527,728,322,2.625,203200
43,2706,1531,614,2.1513,145000
43,2160,1221,452,2.4821,140600
52,1560,757,315,2.7083,199100
52,1911,777,412,2.2429,221100
42,1558,1227,407,2.2804,139100
17,1285,1208,409,1.758,126600
34,1694,1467,425,2.1164,139400
32,719,894,208,1.8456,103100
43,1073,660,279,2.0529,168800
45,1140,840,339,1.6156,156300
34,2533,2011,778,2.1199,160400
52,1225,955,321,1.6011,106300
52,979,975,297,1.2375,100000
52,800,1337,282,1.5594,87500
52,500,480,108,1.8696,91100
37,1220,1472,323,1.825,81500
35,614,691,164,1.6953,81300
43,966,857,208,1.2841,72000
39,1647,2176,479,1.7642,82900
32,1280,1335,330,1.6023,77300
35,365,463,112,2.5588,78800
43,1126,1132,294,2.1875,87000
40,1227,1199,316,1.2188,92500
36,633,557,139,1.5729,82700
48,510,545,132,1.8008,86500
44,658,869,212,1.9338,89400
47,552,593,174,0.9589,90000
50,475,483,120,1.3657,162500
52,402,557,172,1.3125,87500
52,458,1283,166,1.2863,86300
52,217,531,93,1.6607,137500
52,344,460,147,1.2292,137500
52,788,805,391,0.9142,162500
52,845,1230,375,1.0918,22500
5,2508,2066,761,1.3092,325000
7,2493,951,641,4.2375,205000
39,311,206,113,0.7685,187500
26,450,317,109,4,137500
51,1321,781,499,1.3071,250000
24,1232,1184,626,1.0391,162500
52,1218,821,429,1.9597,200000
27,1245,653,451,1.2668,225000
52,408,313,143,1.815,116700
44,626,572,229,1.5909,262500
52,1682,873,534,2.0972,112500
52,1863,906,493,1.9203,195800
52,1578,879,446,2.4069,215000
49,1815,601,410,3.0571,418800
43,1437,692,379,3.1979,466700
39,3803,1567,775,3.7039,361500
38,5054,2366,1103,2.9422,289400
52,55,65,22,1.6591,112500
40,581,298,156,2.4,255000
33,1115,583,269,2.5882,258300
20,1165,459,244,3.175,191700
52,25,13,5,0.536,162500
15,1716,914,672,1.0612,300000
45,3025,1980,550,2.2982,87500
27,2072,1118,510,2.8043,262100
24,3914,2147,874,2.9735,225000
26,696,384,184,2.6121,125000
23,2415,1275,596,3.1389,101800
26,617,251,110,3.8036,162000
11,4304,1960,1105,3.3456,159800
52,1245,468,193,6.9322,334500
52,1283,436,190,7.4029,345700
52,1260,555,209,7.2758,345200
41,2621,1074,471,2.4016,287500
34,6001,2654,1072,4.5878,291000
38,3966,1640,729,3.8409,291400
35,2914,1562,638,2.5259,240200
44,1168,509,256,2.7273,269700
43,952,392,210,2.1635,244200
44,1404,513,217,4.1806,263800
43,2216,918,388,5.5289,297700
37,2260,809,351,5.9113,388300
36,2052,699,265,7.5557,441400
38,2827,972,558,3.2361,500001
32,4164,1277,607,6.6661,500001
39,3089,1175,432,7.5925,466700
39,3819,1361,583,6.6013,396400
38,1840,633,283,4.9125,383600
36,2632,2038,419,6.5319,345800
33,1677,629,239,6.597,496400
37,2224,821,341,6.3331,400000
44,1934,783,316,4.8684,358600
33,4168,1785,984,2.7515,247700
36,3548,1648,866,2.6962,288200
36,1830,755,419,2.9904,286800
40,2186,953,515,2.8007,257100
44,1686,712,298,4.0268,298600
44,1488,667,281,4.0862,321800
39,1688,635,272,4.5938,367400
5,1824,892,426,3.4286,137500
21,2050,1131,550,2.4779,165000
16,735,299,134,4.6354,179200
16,1953,798,385,4.8167,169800
35,2615,1312,547,4.1339,238200
45,1718,757,329,4.05,284900
36,2831,1279,660,2.9896,252700
36,1856,822,416,2.3042,220600
41,1989,1015,489,2.79,226000
36,1240,577,319,2.6625,248200
32,3551,1731,935,2.2017,208300
36,1929,974,491,1.7622,205800
33,1980,1057,567,2.2042,231300
37,1189,645,377,2.4672,216700
34,981,508,304,2.2328,266700
37,1467,651,354,2.375,340400
43,906,458,205,1.8365,328600
36,1527,710,312,2.7857,291700
21,1479,658,384,2.45,350000
38,1267,442,250,4.3403,500000
32,2021,973,485,3.18,362500
35,2494,1126,624,4.0313,385300
38,2331,836,433,4.9125,452600
22,2020,1010,429,3.4527,175000
23,2578,989,622,3.5484,238000
28,2453,1082,617,3.625,266700
35,1649,746,360,4.6293,356500
44,2172,892,420,4.1742,342200
17,1149,403,228,4.1652,241700
18,2539,964,526,3.4306,275000
20,961,525,254,3.1838,245800
25,2135,566,320,2.6902,212500
18,1741,508,283,3.2625,193800
19,786,525,229,1.7273,137500
23,1906,1029,491,2.93,183300
22,2981,1751,745,2.3482,190600
27,1297,776,337,2.4643,244400
28,1508,996,267,3.8026,270000
21,1703,902,369,3.7813,362500
37,1096,490,267,3.2663,270600
32,1601,731,429,2.5568,258300
30,2061,1007,577,2.5813,253100
31,2182,1069,599,2.9781,212500
27,848,455,298,3.0774,275000
25,1627,735,378,3.6429,317100
20,1838,615,325,3.5486,193800
21,2429,1011,538,3.225,229400
31,1403,724,371,2.6403,216100
28,3379,1849,849,3.0293,241700
26,3433,1492,798,2.9258,234800
28,1072,692,321,2.1357,187500
18,2205,874,580,3.8018,112500
19,1863,868,503,2.288,210000
30,1917,828,437,2.4671,276300
29,3376,1513,843,3.101,238200
32,2402,1020,532,3.3942,307400
35,2281,1005,496,4.2296,275000
26,2442,1134,624,3.3274,295500
25,2076,1060,554,2.8421,227800
30,1328,577,328,2.3284,290600
37,1616,650,395,2.92,326500
35,1878,598,257,6.9553,500001
30,1446,650,344,3.744,450000
33,1588,683,301,5.4103,332400
34,2420,917,392,6.5881,394400
39,1846,765,329,3.9187,311900
34,1655,870,411,3.2109,376000
41,1420,640,314,2.9306,360300
39,1877,805,409,3.875,410000
34,2392,933,619,3.7306,500000
38,2367,891,428,4.1477,500001
35,2908,1068,529,4.1793,500001
42,2820,1175,500,4.5083,405200
42,2785,833,333,11.3074,500001
34,2105,780,406,2.3187,488900
21,2455,1015,597,3.7596,381300
26,1373,608,268,4.425,475000
28,2334,770,552,3.1324,500001
24,3271,1496,482,5.9359,422200
22,3205,1083,410,8.1844,406300
20,2467,731,335,7.2559,392300
19,1759,659,195,10.7751,500001
30,3652,978,462,8.2374,500001
17,2075,704,241,10.9529,500001
26,3940,1180,600,6.1025,500001
18,5566,6303,1458,1.858,205000
26,1647,694,259,4.6875,274400
19,2691,1154,366,8.051,363600
25,4229,1634,574,6.3955,316700
24,3596,1573,492,6.5382,326000
26,1352,654,217,5.3693,260700
15,2593,901,456,4.2065,277800
26,2012,872,335,5.4067,277500
18,3109,949,368,7.4351,445700
19,5255,1773,725,7.8013,474000
23,6139,2036,807,9.5245,500001
24,1663,578,187,10.7721,500001
34,5846,1817,747,8.496,500001
35,1420,469,177,8.0639,500001
25,2355,823,358,6.8322,500001
30,1670,606,202,12.4429,500001
25,2911,1137,499,5.1023,500001
27,2530,594,326,7.2821,500001
42,1761,480,255,5.3787,500001
18,3117,904,368,6.7587,388500
22,3479,1252,440,10.0707,500001
18,4231,2030,720,6.1805,272400
19,3716,1788,587,5.2113,267400
22,3501,1297,581,4.7891,295300
26,2298,980,555,2.4207,213500
15,2895,1164,443,5.102,417500
15,2290,1034,594,3.0104,204200
16,1675,604,332,5.2326,188300
15,1199,510,296,3.6083,180100
15,1703,587,282,5.0855,209800
16,1200,648,443,3.045,100000
11,3123,1223,634,5.417,196800
16,2800,1267,518,3.2794,148600
14,3512,1835,792,3.35,171000
4,16289,7604,4176,3.6287,280800
5,3511,1599,918,3.8542,176600
14,3114,1592,776,3.3176,156100
4,4308,1923,932,3.9356,267000
12,1428,528,269,4.1429,254400
15,1613,702,240,4.875,169300
14,1259,889,247,4.9464,174800
5,1619,1063,296,6.0891,214600
10,2349,1598,435,4.8229,183200
12,1681,1050,362,4.2008,176100
5,8576,5006,1827,4.3598,189100
8,3405,1742,918,2.8728,114600
15,1450,747,290,3.6111,196300
16,3230,1825,576,4.2969,151200
16,2715,1619,584,4,154700
14,3014,2165,705,3.7837,160300
16,3217,2054,687,4.2234,162100
15,2785,1798,630,3.7156,175200
14,3249,1929,838,2.8588,92500
13,1743,854,353,4.6667,138200
16,2173,1460,393,4.2614,169600
17,1481,1002,300,3.6196,163400
7,1308,766,390,3.2151,106300
6,3069,1541,736,3.814,132500
15,3242,1936,593,4.9706,184700
16,1580,917,261,4.7266,191100
16,1565,893,239,5.5036,192300
15,4846,2797,823,4.9375,180400
16,2918,1697,444,5.3062,195500
14,1946,1205,390,4.2109,171200
12,1474,1009,372,4.0521,166700
16,2412,1612,422,4.5086,171100
7,1427,927,239,5.3625,218900
16,2718,1515,431,5.1433,185300
15,1558,949,332,5.2864,174400
16,1972,1377,413,4.4615,168300
16,2366,1482,407,4.9024,182900
16,2969,1594,465,4.5221,168300
4,15025,7560,2392,5.196,210700
18,4773,1970,716,6.6199,406200
15,1036,395,157,5.8343,500001
15,1882,704,219,6.9794,500001
16,4755,1829,756,6.7694,425900
15,1804,673,296,5.9806,370500
18,1591,547,243,5.9547,329300
12,2165,792,386,5.2648,294400
5,2276,1158,317,6.4321,271900
10,3486,1700,483,6.4696,249500
4,19001,8980,2441,6.3237,260900
12,5949,2936,781,6.3721,241500
15,2267,1180,289,6.712,240200
4,6423,2607,983,7.6348,337000
3,6251,2330,893,8.4355,467600
4,18123,7301,2964,6.357,322500
34,2936,1512,571,3.7841,176900
31,3958,1924,728,5.4605,190200
17,1124,553,205,5.7451,237300
31,2558,1164,492,3.4318,200400
35,756,423,136,3.5234,183900
34,3353,1583,571,4.55,187700
32,2033,989,389,3.2583,181400
34,2158,1046,335,4.5402,182100
36,1089,623,226,2.5909,176000
36,1475,806,327,3.5078,166000
28,3241,1334,513,4.1806,199600
35,2259,1340,511,3.4482,162500
33,4773,1954,845,4.3862,184800
31,2035,866,360,3.8529,212000
27,1318,495,191,5.2837,283800
22,3738,1476,728,3.7963,303100
24,730,335,203,3.5078,362500
35,1377,792,313,2.8472,161400
35,1217,643,237,3.9464,171600
35,2772,1392,521,3.337,172300
34,3850,1619,602,5.0465,208200
35,1074,442,173,5.253,204000
35,2197,945,357,4.9219,192900
31,3064,1476,549,3.6667,175900
30,2290,1272,472,3.5606,165100
32,1351,823,269,4.2768,167800
30,2492,1250,431,5.5277,197100
35,2263,1001,408,3.875,172000
23,2105,1218,484,3.375,184100
30,2288,1240,469,4.0114,169800
30,3225,1601,532,4.3317,173300
24,3541,1591,530,5.3538,212500
24,1623,911,397,2.7401,198100
21,2869,1471,577,3.0375,197600
27,2346,1105,373,4.2708,182800
31,1772,1090,350,3.9265,162000
28,2291,1098,382,4.6875,188000
26,2424,974,375,4.739,184100
26,788,346,125,5.0603,185700
19,6823,3784,1509,3.1032,179500
24,1569,715,321,3.1146,187500
14,4328,2046,1044,2.2899,159000
35,1213,532,181,3.6806,172400
37,422,211,80,3.0625,159700
22,2259,1213,601,2.5,177800
34,2275,1021,379,3.6371,176300
33,3064,1355,488,4.22,178700
25,2161,896,468,2.2284,177500
25,1756,722,312,4.5625,162300
28,3436,1503,498,4.7679,204000
33,5226,2221,839,5.1491,207000
10,3821,1605,609,5.5454,217100
30,2456,1022,393,3.8542,198500
30,5201,2961,1064,3.2661,140400
44,2262,3009,657,2.2663,123600
43,1269,946,285,2.1447,133300
25,1399,1308,355,2.5682,187500
20,2827,1822,536,3.4706,157600
27,1937,1211,482,2.75,87500
23,2395,2284,488,3.7292,146300
24,3566,1697,722,3.6375,178600
32,1731,1569,427,3.3375,154300
17,3845,3102,944,2.3658,164100
34,2515,1594,515,3.7381,165000
42,1104,892,270,2.2768,145200
35,1399,695,281,3.767,166800
6,3856,1547,816,4.5481,164800
16,2374,913,705,2.7386,87500
8,3694,1297,807,3.6492,158900
17,711,327,227,2.6493,67500
21,4185,3122,993,3.0481,210000
23,1215,592,224,3.4,200600
26,2496,1062,380,5.5413,302100
34,4854,2089,854,3.8542,200000
16,2079,746,383,5.0958,300000
33,2573,1084,443,4.2417,294100
34,1398,532,244,3.7102,289600
16,2593,1235,684,3.1304,166300
36,4018,1620,842,2.3599,168400
36,1514,665,278,3.8571,235100
35,1788,777,374,3.3713,238400
31,3417,1245,532,4.7788,276000
29,1213,654,246,4.5987,255600
34,757,409,222,3.2312,192200
34,4108,1659,644,4.4097,252000
38,2662,1132,496,4.0057,241600
30,2747,3185,657,3.765,238000
16,3273,1305,671,4.1368,151000
9,634,248,133,3.8571,143800
14,3575,1645,839,2.4397,140600
30,156,77,40,3.2679,137500
31,1952,936,462,2.8621,196900
34,1629,900,282,3.1458,178300
41,1413,1070,259,2.3578,166700
41,2423,1813,466,2.1157,156900
33,2670,1256,431,3.9417,179800
35,1267,710,204,2.5368,169600
35,3578,1568,553,4.7813,188600
25,1577,611,284,5.25,205100
31,984,422,158,5.282,183000
19,2157,1349,535,2.7652,177400
34,1748,800,294,4.4886,179100
15,1606,784,342,3.7237,108300
33,2731,1263,445,4.5568,175300
29,2863,1392,522,3.8719,174200
26,2119,1202,440,3.2308,166500
31,1727,879,345,3.8125,166300
35,2129,1044,350,3.9732,174900
35,1458,723,257,4.2098,174100
35,1362,698,255,3.6458,173800
4,2782,1309,787,4.2621,124200
16,2056,847,569,2.9576,92200
7,6100,2710,1040,5.5673,288200
16,3980,3174,647,2.6607,175000
17,1787,1341,314,2.875,112500
15,3428,2303,486,2.5953,67500
17,3890,2791,595,3.2197,67500
15,666,247,164,2.15,131300
16,4608,2020,636,6.04,243000
16,4241,1771,864,4.375,166500
16,1049,467,160,6.2047,248100
16,4214,1820,699,4.3783,179500
15,4138,2001,677,4.8419,264000
16,1787,770,228,7.1298,278600
10,5177,2190,816,5.9734,271700
7,13703,4446,1856,6.4335,260600
8,2205,777,341,6.0266,177400
5,2234,894,253,10.3354,477600
6,6525,3146,806,9.2858,436100
25,2963,1162,556,3.625,184500
20,2183,999,496,2.8631,169700
36,2163,915,360,4.7188,174100
32,1587,635,249,3.375,178100
16,2574,1129,721,3.3849,96900
16,1791,1006,491,3.5179,129300
16,2470,1170,724,3.5562,73500
16,2220,930,527,3.6528,133200
36,1529,683,260,4.0982,171200
36,1936,861,343,3.8333,170000
31,2019,872,386,3.1964,177700
28,1708,816,393,2.9881,165300
31,2550,1017,405,5.1488,181000
36,2028,820,352,3.9828,168900
36,3583,1711,602,3.9745,170800
23,2698,1094,411,5.1782,195100
15,2000,778,369,4.3594,224200
17,3939,1694,553,6.7927,234700
17,1885,771,301,5.6402,228600
17,1475,549,293,3.7167,180400
17,2247,973,318,5.5,222000
25,2489,911,309,7.8336,277600
26,3725,1516,627,4.7143,268300
21,2919,984,443,4.625,222800
23,2491,863,348,6.7196,306800
25,2504,1067,350,5.7416,243400
16,1561,574,350,3.0035,94600
25,1905,865,253,6.4797,249000
23,3309,1116,386,7.916,330600
17,2524,771,317,8.7604,331800
21,3787,1246,457,9.6023,391300
31,2485,942,448,4.8,220800
27,2369,927,374,4.1162,177200
26,3859,1469,538,5.8683,220500
19,3866,1554,703,4.3281,220000
11,1802,630,428,2.0337,146700
17,1042,650,215,3.1,84200
17,1558,803,431,2.6934,160200
20,2705,1198,497,3.7159,168900
33,4015,1864,664,4.3152,159300
29,1232,665,247,3.65,168900
31,2692,1129,450,4.4583,170000
26,4499,1866,626,5.516,185100
27,1950,950,320,4.0656,164000
26,1998,874,305,5.4544,180900
21,4203,1620,600,5.3441,193500
14,3173,1451,585,3.7292,182200
16,1765,743,280,4.9744,209700
12,2880,1381,418,6.5412,254200
16,4046,1684,701,4.2312,197000
26,1919,1326,341,4.2679,131900
13,3920,2814,760,4.0616,148800
22,2101,1551,371,4.1518,136900
17,2724,2213,554,3.8529,147700
13,3435,1761,699,3.4792,107600
11,2879,2098,673,3.5125,142400
16,1269,1609,298,2.6985,156500
14,2355,1883,401,5.0311,152100
20,2029,1497,353,4.0089,132100
23,1918,1392,340,4.087,134800
25,2185,1558,369,5.3072,132700
22,2857,2412,496,4.7337,127600
25,1268,991,299,3.0284,123600
17,2252,1776,365,4.6364,141100
13,2880,2450,567,3.1696,138000
18,1215,1195,349,1.9875,114900
17,985,811,223,2.875,134500
18,1384,1429,287,1.3362,95000
23,1262,5176,275,2.5625,153300
15,2206,2511,648,1.6348,93200
22,2172,2049,524,2.0159,139300
17,2803,2768,676,1.7958,140400
5,2706,3148,855,1.7301,125000
5,3223,3284,854,1.4384,108800
7,938,1187,282,1.2667,67500
21,2350,1621,613,2.0734,87500
23,1662,1318,386,2.3,120800
17,2046,1585,530,2.25,132800
33,393,330,80,4.1029,122700
29,1061,759,206,4.8646,136800
26,2343,1221,372,4.3601,144900
16,2687,1502,480,3.75,146800
17,2961,1911,615,2.5859,131400
18,2203,1943,497,2.25,103200
14,1527,1224,363,2.7361,93600
9,3648,3293,840,3.0992,142600
8,2888,2441,683,2.7048,153000
15,1462,1002,271,3.9698,142700
22,2128,1420,450,3.2687,131000
25,1607,899,260,3.8194,134400
12,2565,1785,545,3.0273,135300
9,6298,4451,1456,2.569,88300
23,1817,1371,327,3.6736,139500
10,2198,1645,350,4.5547,160700
17,444,357,87,5.1478,138900
8,864,626,172,4.8984,151500
8,6533,4797,1177,3.9583,144400
34,2003,1226,443,3.0613,136700
21,1738,983,298,4.8274,174100
27,2511,1427,576,3.1645,156000
32,1870,1142,426,2.3194,159400
27,1417,814,348,2.3603,195300
20,2524,1819,560,2.9286,257700
28,1869,1074,344,2.5988,135600
32,2723,1702,562,3.3371,140500
35,1450,930,286,2.6715,133300
26,1360,869,328,3.0217,131600
21,2894,2109,712,2.2755,125000
27,2616,1889,577,2.3824,127600
14,5058,3662,1193,2.3253,133700
17,2020,1529,500,2.1773,143200
12,1086,870,290,2.4213,132500
18,2329,1538,567,2.1179,153100
28,2793,1825,676,2.6724,144500
36,1940,1076,382,3.3906,147800
10,7374,1900,794,8.7991,478500
26,1617,2745,250,3.5357,67500
16,5895,873,522,7.3669,187500
29,1539,556,289,3.25,500001
52,1837,668,300,5.1009,500001
37,3112,1304,674,3.2121,320800
44,2819,1258,503,4.4777,452800
40,2236,767,316,5.3177,500001
48,2764,978,449,5.1249,432400
19,2802,1159,597,4.7891,334600
45,3168,1341,562,4.5189,422200
33,4084,1804,833,4.0488,409700
44,2655,1102,489,3.6759,368800
42,1691,761,281,5.1386,404500
35,2921,1042,415,6.3612,482700
36,26,58,23,1.9107,125000
43,515,445,140,1.6094,93000
46,928,790,235,1.6806,92500
52,204,248,57,1.7961,47500
52,16,8,3,1.125,60000
52,280,217,71,1.4844,83300
52,25,14,9,1.625,118800
37,1157,983,306,2.0972,117000
38,833,570,182,1.8333,127100
37,1232,1086,330,1.6389,114300
27,1782,1785,560,2.1542,106300
26,2629,2721,767,2.0982,109100
22,1690,1669,494,2.0213,110600
30,2662,1997,605,2.8089,120600
31,2051,1581,538,2.052,108900
15,1635,1347,597,1.2745,92900
20,1012,837,240,2.0488,88900
29,4174,3675,1124,1.8112,103600
42,2013,1920,557,2.0724,107600
47,771,637,212,2.0156,90300
49,1412,1200,332,2.0398,93600
47,1044,1003,280,1.7802,97800
45,1183,900,266,2.4943,99600
29,1429,1091,317,3.4609,118000
31,2558,1938,492,3.4875,117000
36,1571,1001,268,3.6875,111400
34,1469,1031,267,3.4583,112700
29,1792,1650,396,2.2201,100000
28,1485,820,283,4.069,153300
26,3071,2156,568,2.9318,112400
19,3635,3127,1098,1.324,122600
20,2569,2341,705,2.0114,104900
28,2758,2179,631,2.3814,112300
31,3008,2088,757,2.5662,118200
46,844,423,161,3.375,136300
43,1004,839,235,2.81,103400
35,3200,1723,610,1.8977,95600
12,4131,2272,840,3.4701,204900
32,5135,2152,944,4.1325,172800
43,1005,548,252,1.8672,145800
17,2633,1487,694,2.5392,147000
38,917,494,233,1.9241,150000
11,1651,947,515,1.6806,141700
20,1445,573,334,2.619,145800
25,3509,2359,899,2.6296,150000
28,2296,1277,550,2.3562,123800
38,2095,1240,550,2.7218,145900
30,3171,2126,800,2.507,142700
29,1578,1236,461,2.5658,134700
20,1999,1302,592,1.6321,57500
19,2571,1205,783,1.62,131300
27,2920,1935,746,2.4148,67500
23,1619,1025,415,1.858,67500
27,1846,1078,482,2.1719,131500
37,1538,867,285,3.0729,128700
37,1925,1344,426,2.4866,129700
34,1576,1153,381,2.1955,129700
33,2891,1607,754,2.1281,139800
24,3613,2002,931,1.947,147500
33,620,420,164,1.8417,150000
38,1486,745,295,4.6477,150400
37,2303,1026,357,3.455,156900
30,2873,1593,731,2.24,129500
37,1326,612,240,4.125,160200
36,786,408,138,3.9167,189700
40,1706,796,303,3.5583,154900
37,2372,1056,419,3.7583,145500
30,2504,1827,490,2.6146,159400
28,2080,1266,434,2.2788,146300
28,2468,1353,522,3.0771,158600
36,1674,818,307,3.4773,150400
23,1157,640,313,2.1548,118800
21,1945,1335,419,3.6467,113000
16,5192,3261,1321,2.2685,151900
27,2264,1485,468,3.3514,149100
19,5016,2750,1081,2.7838,155900
34,4325,2609,979,2.8489,128300
22,5016,3222,1196,2.1441,135500
18,2602,1042,550,1.9267,67500
21,1779,1327,488,1.6007,96200
30,144,220,48,2.3929,134400
24,1901,1334,476,2.2544,121900
10,1686,1000,391,2.1765,128400
24,4369,3123,1247,2.0571,152300
23,1630,1267,418,2.5625,131100
13,1607,983,400,2.2903,106300
25,1075,434,234,1.7472,94600
24,1088,1095,246,2.4191,107300
33,905,989,222,2.7014,108200
31,4911,2334,843,4.1958,160100
34,3928,2315,681,4.2851,144500
26,3620,2000,593,4.9962,156000
31,4033,2585,715,3.5096,139900
21,6034,3795,1146,3.2633,129700
26,1563,1145,313,3.8615,139300
20,8052,5094,1430,4.2241,139800
18,4747,3002,872,3.9076,152900
16,4683,3073,865,3.0495,98300
26,2074,1228,335,4.1154,160200
27,1710,1089,297,4.6793,151900
23,1553,778,229,5.1538,171300
22,1028,523,152,6.0086,166900
26,1335,742,215,5.152,143400
19,1902,1102,313,3.0365,98100
6,7995,4771,1376,4.7068,184300
30,4494,1883,680,5.766,186100
29,4168,2096,713,4.2204,169800
22,2346,1217,382,5.5248,156300
17,2319,1125,337,5.551,266900
16,2238,1002,303,6.6143,264100
20,1505,635,182,6.5772,245200
11,9992,4495,1316,6.9664,293900
19,771,376,108,6.6272,273600
4,16450,7985,2683,5.6631,233400
15,4331,2046,627,3.9519,193500
8,8806,3159,1059,4.2155,247800
14,1111,472,145,7.6344,290500
11,3098,1391,484,4.9792,170400
7,6483,3269,1005,5.7358,221600
5,2329,1213,514,4.0298,225600
5,260,157,42,6.5151,281700
13,2087,1165,330,5.7789,227700
14,2796,1466,464,5.2489,213700
26,2756,1166,398,5.1354,181600
17,3101,1410,486,3.1771,189900
17,3943,1995,766,2.6944,158300
24,977,454,169,4.9286,173700
16,3361,1754,578,5.1098,162300
15,4209,1914,641,4.5135,158300
16,952,530,143,5.0864,175300
4,1078,571,184,4.6667,223300
14,7410,3597,1274,4.2192,176100
7,2722,1429,574,3.9583,141700
18,2413,1129,551,2.4567,155000
17,1635,960,279,5.2671,157100
26,2460,838,299,5.9878,270700
25,4137,1905,630,4.375,214000
28,3519,1720,590,4.7973,186900
18,1519,802,347,2.9886,170800
33,3071,1348,513,6.1768,228900
13,5543,2074,737,4.9528,266200
4,14934,6945,2418,5.1221,229700
9,1859,947,304,5.9202,181300
7,1659,862,242,5.2741,249400
5,8710,4372,1527,4.7813,240900
31,1989,805,301,6.5645,189100
21,3833,1645,589,4.625,273500
18,3341,1952,602,3.9844,215300
17,2357,1423,510,1.8856,118800
30,1856,1103,379,4.0357,153800
26,4038,2065,687,3.9545,178100
34,2105,973,357,4.3088,152500
31,3473,2098,677,2.6973,135200
22,2526,1556,529,2.8646,120800
17,6050,3424,1131,3.7647,127600
10,3817,2352,875,2.1362,143200
12,2914,2104,703,2.3068,132300
15,3660,2629,612,4.0444,150100
23,2785,1456,449,4.3714,131000
18,2355,1277,433,3.4551,121400
21,3049,2355,585,3.8904,113800
22,2263,1395,416,3.725,123500
20,3506,1977,668,2.981,129100
15,825,334,131,4.0391,169500
14,1771,1046,284,4.775,143300
13,1330,719,215,3.8295,149600
11,1112,441,174,4.7679,169500
30,4205,2012,734,3.5,144700
34,2061,1169,400,3.5096,142000
32,1750,997,335,3.4784,154400
37,821,404,135,3.0125,130400
22,5201,3280,817,4.7952,141400
36,2030,1142,357,3.7763,126900
38,3174,1557,619,3.5861,123600
38,886,505,188,3.5938,125400
37,2192,1515,446,3.0588,120600
24,5474,3020,904,4.0813,137000
36,2084,1097,398,3.2717,130700
25,1375,1032,278,3.5492,125400
35,3669,1694,585,3.9485,133900
27,3184,1763,571,3.5529,133900
35,1878,991,409,2.4345,129700
33,3880,2288,805,3.6848,140700
12,3301,2000,879,1.8594,119200
5,2878,1727,758,1.7179,132000
36,2297,1070,392,3.5192,144000
29,2767,1437,587,2.8306,142900
43,1718,826,336,2.7014,133700
34,1796,918,424,2.875,161200
15,1204,543,326,1.0278,154200
40,2523,976,470,3.11,185700
33,3296,1345,556,5.2835,217100
24,7879,3898,1534,3.0897,187300
26,4263,2199,1010,2.734,148900
43,3171,1534,625,3.141,141400
37,4879,2076,871,3.6625,154800
37,2979,1285,564,3.7368,152200
16,7963,3769,1804,2.9624,144700
19,4819,2572,1336,2.3393,118200
37,1184,529,192,4.7941,161700
17,5481,2957,1537,2.5707,171300
33,3481,1726,719,3.3675,158200
31,2366,1077,387,4.2992,174400
17,7352,3331,1634,2.7006,166300
30,1802,776,386,2.8125,173500
22,3626,1800,769,2.8594,189600
34,3415,1464,593,4.0549,223700
24,2311,1005,525,2.9,185200
34,3330,1592,656,2.6678,164200
43,841,496,207,3.0179,149300
31,3776,1886,799,3.4421,155300
20,2616,1532,579,2.9896,235600
31,2567,1198,499,3.4659,163000
36,2211,868,329,4.0491,147900
33,2420,1003,397,4.0658,165100
26,3623,1609,669,3.744,165800
29,1114,385,154,5.4333,222800
31,3256,1595,706,3.4773,155800
35,2306,828,310,6.1103,301600
29,3558,1097,445,8.093,379600
31,2545,956,342,4.3977,226800
35,2114,881,320,5.5,241400
33,2432,1147,427,3.3906,138100
26,2807,1785,580,2.1638,132800
26,8902,3941,1387,4.7943,226900
21,4192,2101,710,4.4306,159100
15,4058,1580,473,7.5,316400
16,2770,1269,429,6.6783,275000
8,3600,1421,482,6.2609,307100
20,3425,1489,443,6.2552,296400
25,3308,1201,414,6.3191,303400
17,13559,6990,2533,3.434,193200
17,4234,2191,725,3.6445,197600
35,2926,1590,506,4.2014,143200
19,1747,848,290,4.875,187200
6,3123,1513,480,5.4288,167800
18,2367,1021,395,4.8125,210500
24,4055,2123,744,4.5224,142000
23,5759,3108,1202,3.0927,140600
32,1943,1081,292,5.6846,208800
21,3770,1410,446,6.7685,294700
21,7906,4868,2117,1.8937,109800
19,3354,1948,682,3.0192,142300
19,11391,7178,2905,2.0326,123200
16,3920,2612,1023,1.3291,120800
19,3008,2341,689,2.6087,123800
35,1081,691,259,2.6324,133700
24,2493,1420,643,1.8357,104200
19,4108,2971,1006,1.9893,112500
17,5236,3308,1233,2.3221,138800
37,1255,671,278,3.7019,138600
35,1113,681,246,2.9784,136400
32,1255,782,302,2.6635,113600
32,3756,1611,598,3.8667,189700
28,5721,2672,1054,3.963,164400
34,3657,1513,562,5.2907,195800
33,1816,768,316,4.5662,150300
29,2045,912,368,3.0189,144100
25,4436,1997,738,4.2386,201000
18,10968,4439,1501,6.2787,250000
23,149,101,34,2.6458,112500
19,1573,844,414,2.1422,125000
15,3927,2204,977,2.4367,111400
22,4266,2766,985,2.8175,135200
28,3042,1964,703,2.4141,137500
19,4574,3045,1057,2.065,124100
25,3421,1681,742,3.369,134400
34,1765,772,282,5.0118,165300
23,2668,1510,524,3.3669,158900
26,4129,1820,718,4.2586,171000
22,4331,1952,654,5.4834,232000
33,1518,857,272,3.5586,160400
17,1312,836,337,1.6686,112500
19,1867,1219,468,2.0685,130000
18,2447,1573,472,2.6429,125400
19,5308,2852,1092,2.9161,135700
12,5535,3112,1262,2.5949,108300
31,1277,698,237,3.1106,147700
8,2378,1410,623,2.9097,152500
35,1737,826,294,3.2411,159200
8,2517,1686,613,2.136,143500
15,2619,1513,537,2.543,100000
18,3038,1904,595,3.8024,144900
17,6659,3183,1378,2.949,117300
20,6696,3687,1291,3.1979,154600
32,5211,3025,948,4.0931,134200
12,3570,3321,666,4.0882,134500
17,15401,7302,3176,3.3067,121900
23,1951,901,378,3.1023,143300
17,4013,2263,661,5.131,148300
11,9724,5247,1777,4.1716,166100
14,3064,1681,503,4.4347,160300
17,4713,2531,723,4.8286,158500
12,7320,4048,1249,4.3952,151700
19,2121,1236,353,4.7717,153200
16,7718,4383,1394,4.0693,146400
18,11544,6296,1923,4.4904,150400
23,2592,1401,431,5.4903,151400
24,1888,950,319,5.282,140800
14,12517,6389,2333,3.3081,168700
31,1307,752,231,3.4286,129400
15,3273,1872,842,2.5388,119000
5,4116,2770,905,3.1142,150000
31,1293,599,228,4.7578,161000
32,1607,778,262,4.5278,166300
38,1701,872,304,3.7831,147800
9,3049,1527,515,5.0733,196600
17,5799,2630,843,5.0524,285400
16,2502,1211,494,3.2516,202100
16,1743,652,322,2.8906,158300
14,3048,1690,576,4.3818,147100
10,3699,2310,759,2.5365,139500
15,3153,1633,527,3.6898,131000
11,2204,1472,497,2.3693,127000
19,3038,1463,509,3.944,172500
21,1283,684,289,2.3203,163500
17,2492,1278,439,2.8875,155700
23,1378,767,266,4.0625,145000
16,4675,2188,817,4.6674,178000
16,5203,2515,862,4.105,174400
16,2784,1458,465,4.0048,184600
21,4152,2255,697,4.5096,159500
15,3560,1757,574,5.1185,185300
18,3612,1864,713,2.7069,153800
18,2515,1442,449,5.0201,154400
18,4215,2104,773,4.0873,146900
14,1978,1085,387,3.8073,170100
16,3047,1507,499,5.3008,186500
24,2541,1078,372,5.2542,227800
24,2824,1480,471,5.2614,177200
17,3722,1561,604,3.6027,211900
19,3090,1621,520,4.0806,189200
20,1066,536,173,3.1607,119300
19,3558,1439,578,4.625,211100
17,3430,1468,433,10.6186,429300
28,922,314,97,8.4721,342300
6,6139,2693,770,7.7569,387400
6,9518,4413,1275,6.6012,314900
16,1332,640,193,6.0226,192900
16,1306,713,222,6.2683,180700
17,9911,4763,1414,5.5882,194300
18,3593,1992,626,4.8295,165800
13,6711,3683,1220,4.5746,175700
16,3936,1935,659,4.5625,231200
16,3424,1940,645,4.121,182100
17,5509,2748,817,4.8854,181300
25,1909,1043,322,3.7784,160100
19,4500,2456,782,4.5032,168900
17,3039,1297,552,3.9531,178600
17,4814,3013,1078,3.2369,167800
24,830,279,196,1.9176,121100
24,2618,726,443,3.5192,159100
25,2120,588,359,3.1187,169400
17,2863,715,467,2.6048,148200
17,1785,667,277,5.7382,278000
23,2023,678,340,7.0913,265400
14,6665,2026,1001,5.09,268500
15,1095,361,176,6.8099,328200
10,2296,818,405,4.3424,160600
4,2271,926,391,3.6437,210100
15,3023,1283,559,3.3724,137900
17,987,463,152,5.8747,229300
18,1339,761,290,5.3074,137200
17,2786,1228,396,6.4211,220700
10,2577,1193,365,6.53,264100
4,15029,5613,1696,7.2731,450400
17,3167,2098,828,2.4459,85800
7,3619,1134,482,4.1279,167600
6,7916,2741,1204,5.6436,278600
12,1840,580,234,6.7769,400000
14,5180,1639,991,4.5,222200
16,87,32,21,4.3571,144600
17,2635,994,359,5.8966,261500
18,917,388,131,6.3517,260100
13,4595,1643,544,7.7684,362300
16,2852,1083,448,6.3761,296200
8,3372,1536,448,8.4284,378300
11,1412,529,166,7.7517,500001
9,2012,802,289,6.5706,255700
16,2005,827,270,7.0546,282200
16,1989,814,291,6.2715,255100
16,2994,1047,437,5.149,184300
16,2043,705,352,4.4766,161500
15,1840,855,241,7.5992,310600
16,1653,690,224,6.5853,248400
5,14944,6600,2407,6.0857,308300
9,1547,683,231,7.5604,327900
5,5870,1917,842,5.1998,294100
9,2470,904,427,4.4219,209200
4,6242,2211,1116,4.25,281600
4,9153,3775,1698,4.955,241500
5,5659,2565,902,6.1949,238700
16,2175,1037,326,5.1909,201400
18,3215,1618,509,4.6028,216800
23,1125,687,308,2.3182,268800
16,3050,1444,512,5.2463,156300
9,1531,850,240,6.0862,263600
5,15502,7417,2358,5.9094,261100
11,4694,2223,783,4.9485,231800
8,3670,1723,592,6.3542,218100
15,2869,1526,402,6.0175,238300
4,9018,4438,1498,4.988,263700
3,17466,7644,2895,5.4584,246500
17,4754,2412,832,4.3548,192300
6,9859,4194,1401,6.439,296200
16,2794,1387,442,4.3286,213400
14,2323,1057,372,6.2513,240900
11,2660,1226,366,7.6832,319800
15,3029,1559,546,5.3129,169200
11,5827,2588,842,6.4027,344200
5,10394,4496,1553,5.9289,411300
16,1988,770,252,5.8661,404500
20,3370,1020,408,11.0911,500001
15,3540,1364,425,13.6623,500001
26,3194,1032,406,10.156,500001
18,3961,1541,470,11.1118,500001
25,2582,1088,471,6.4651,500001
36,1721,710,282,10.1768,500001
34,1651,650,271,5.6582,500001
22,5484,1947,1012,4.4375,500001
30,1226,380,151,4.2875,500001
16,3892,1454,524,7.7317,396000
16,2512,795,353,7.5975,369100
17,2718,1011,319,15.0001,500001
10,4926,1478,634,7.472,439900
14,2518,931,414,5.8393,485300
31,2695,1059,451,4.7841,393500
36,2426,1085,420,5.1523,387800
30,1631,665,297,6.8443,492500
16,2127,1532,499,2.7348,231300
21,3318,1273,538,5.5922,382100
12,3900,1690,892,4.125,226900
17,2789,849,345,4.1012,244700
17,1853,351,208,5.2742,230700
29,3584,1619,667,4.125,394400
21,2736,1251,576,4.2356,347700
13,5723,2450,1140,4.7179,376700
18,2229,1088,352,6.3525,278300
16,3109,1433,453,6.6319,269600
13,3498,1412,618,3.212,147600
6,3416,1319,467,6.9326,324600
25,1787,1108,311,3.9826,215800
16,2240,1104,416,3.5313,148700
9,4632,1724,685,6.3712,369800
19,2899,1356,512,4.87,220900
21,2144,928,344,5.798,286100
28,1146,672,292,3.1667,300000
12,4459,2471,888,3.5179,252700
27,1839,1302,404,3.55,214600
30,2750,1281,520,4.7333,286900
31,1171,603,267,2.8611,314300
14,2670,1034,407,6.4247,295100
18,3225,1463,476,5.7787,346700
7,2949,1335,426,6.0922,342400
20,2110,1008,325,6.1509,338700
8,4172,2585,941,4.0118,245800
7,3686,1612,672,3.197,367100
15,3333,1371,737,2.9083,122400
24,2628,1389,520,4,343200
17,2718,815,403,4.3182,357100
21,2035,948,467,3.2984,369400
16,3147,2165,690,3.5585,284800
24,2171,870,442,3.194,276300
31,2128,1049,485,4.027,290000
34,1797,775,391,3.2308,331300
11,10923,4773,1858,4.0791,281300
31,2851,1286,467,4.5694,243700
29,3559,1533,545,4.0585,245500
15,13245,5495,2060,5.4904,262100
25,2670,936,461,2.7717,354000
15,2392,747,421,3.5341,500001
4,617,224,105,3.9205,183000
7,7974,2904,1550,4.1282,188100
4,1380,755,286,4.7961,168800
6,6091,2064,957,5.1837,259800
13,2644,1197,399,6.5338,267900
16,4595,2849,1197,2.478,185600
24,1006,610,246,2.25,187500
19,5710,4163,1406,3.0306,178500
22,1331,580,193,3.975,500001
10,1684,902,449,3.7891,206300
17,4505,2111,1062,3.3536,283300
26,5550,2372,1058,2.5509,181800
39,1546,833,308,2.8893,185400
36,1977,812,387,3.625,198000
24,2046,812,367,2.3182,500001
19,1931,855,394,2.6979,266700
23,4104,4729,1187,1.8214,173800
33,2205,1138,439,2.8819,208600
18,975,650,286,1.9562,192500
38,861,486,204,4.1875,185000
35,928,538,248,2.4583,197900
14,5039,1298,696,3.209,313300
26,4123,1703,895,1.9891,500000
17,1877,1288,426,1.9386,106300
19,928,845,319,1.6318,187500
17,353,359,118,1.5625,162500
26,1427,974,317,1.3903,184400
19,1926,1190,483,1.3269,166100
19,2129,1323,525,2.9539,169900
26,2447,1405,486,3.2917,150800
23,3297,1793,622,2.5754,169700
24,1586,912,298,4.25,150300
23,2062,1302,379,4.0109,145700
32,1251,700,232,3.9875,142900
12,5963,3015,1124,2.7386,216100
28,2823,1189,433,5.1733,198100
23,3546,1533,518,5.276,224500
15,3672,1827,796,2.9716,173600
19,3575,1654,559,5.7409,274100
5,3109,1823,578,3.1875,153800
13,3619,1759,806,2.765,98500
24,2580,982,569,1.6402,169300
6,1580,792,265,4.0469,162400
15,4784,1810,986,2.4375,108900
21,2868,855,559,2.7846,91200
16,1057,316,221,2.7417,91700
17,1246,424,288,2.2882,85800
4,14960,6666,2612,3.7568,184100
11,20944,8738,3441,4.3762,215500
16,2150,1428,407,2.4754,157300
16,1835,599,399,2.0147,87700
18,6235,4127,1162,3.0704,151600
20,4835,2983,834,4.3428,152100
35,2204,1435,462,3.676,125600
4,1837,934,277,3.8958,189800
18,2971,2051,493,2.675,117100
31,1502,1514,342,2.6442,103300
29,1315,1425,306,2.0272,99600
13,6131,4049,940,3.8156,150700
14,2513,1151,357,6.3054,359000
9,4609,2582,746,4.3429,173900
23,1678,1227,264,4.1713,133800
22,2329,1456,381,3.7933,131000
14,3483,2140,687,3.125,102300
13,3075,1843,674,2.8558,97100
7,2499,1314,398,4.85,186900
7,8206,4399,1423,3.6301,170900
11,3737,2212,727,3.1062,141000
15,2919,1130,579,2.5872,155600
15,1905,1258,388,3.33,127900
13,4543,2298,870,2.9386,143400
14,25135,35682,4769,2.5729,134400
17,2866,1354,431,4.5764,257300
16,3165,1351,452,4.605,263300
12,2924,1193,394,6.2475,331300
10,5294,2312,810,5.4563,325700
15,3310,1104,460,6.1009,314400
15,3313,1022,564,2.7986,189900
12,6358,2778,1020,4.0357,295900
16,1921,862,280,5.1786,376800
16,3536,2007,687,3,146700
16,2704,1322,424,3.7857,227000
18,3339,1727,652,2.8393,173200
16,2792,1696,516,3.668,171200
17,1614,1031,389,2.0956,134400
22,2699,1425,491,2.375,137300
7,2221,1440,501,2.2368,154600
8,1755,1687,511,1.995,146900
14,4687,2436,779,4.5391,180900
11,2786,1250,450,4.5,222600
6,3725,2833,915,2.3214,247000
14,1902,848,304,5.5395,273300
16,3031,1301,518,4.0882,296100
17,2889,1931,510,3.8547,208300
14,5392,2350,810,5.0507,291500
19,3518,2091,610,3.2614,168800
16,2921,1838,540,2.2393,117000
14,1088,601,193,3.8438,243800
17,1800,891,281,7.0177,267600
14,3103,1704,539,3.7644,264700
11,3016,1727,541,4.9375,232800
17,2073,573,221,8.2531,419200
12,5898,3129,945,4.7647,254100
17,2980,1531,505,3.1553,250000
11,4132,2012,703,3.1906,234500
11,4068,918,500,3.1272,281300
13,5819,2228,866,4.9335,298100
14,3337,1385,512,4.15,272200
12,4992,2106,801,6.2079,307300
16,2690,1253,393,4.0328,294600
16,4409,1875,609,5.543,286400
17,3675,1693,597,3.3882,190800
16,2134,1555,560,1.7217,175000
15,1430,704,322,1.9571,162500
26,1991,1014,304,4.3068,240100
13,3756,1767,614,4.0776,196000
21,1718,1194,312,3.4359,150900
13,2899,1946,579,2.9875,172000
18,2334,962,557,1.808,97000
16,3224,1036,608,2.0246,148800
20,1962,1173,349,4.1316,162500
9,2486,1938,525,2.1293,151400
34,544,348,127,4.125,164600
6,6160,2997,1029,4.6187,205000
5,20908,9690,3510,4.1405,198500
5,2283,999,325,5.0249,196700
16,1420,470,313,1.8849,90800
13,2832,1065,531,2.3844,98600
5,5764,3161,1012,4.4531,177500
26,2010,1160,331,3.9815,142600
19,2167,1654,435,3.5,135800
26,1906,1325,427,3.0197,136000
11,1472,1012,285,4.21,175600
23,2145,1360,404,4.2054,150700
13,3163,1675,629,2.8214,121900
34,1852,978,332,4.3542,156900
8,973,663,209,2.724,139300
5,2697,1633,580,3.4456,165800
9,1944,1992,453,2.066,127200
19,1872,1859,446,2.1875,121700
18,1846,1581,387,3.0982,111300
25,1631,1045,386,2.4505,147500
26,1701,989,367,2.5119,171700
22,2361,1472,596,2.0625,124500
10,2050,1302,471,2.7961,131300
13,1203,1035,293,2.6339,117000
21,1934,861,381,3.6181,213800
19,4400,1901,735,3.6375,198800
31,1736,801,292,4.4844,205500
29,3372,1770,693,3.5109,166000
21,2284,999,356,4.8929,212500
22,3337,1288,466,5.04,253700
16,3004,1948,606,2.7019,216900
4,3371,1481,627,2.9133,215700
4,2342,1518,545,2.9469,216100
2,2629,1044,522,4.2361,158500
18,1891,830,279,4.5764,207000
19,1569,1035,352,2.9191,159400
22,2554,1147,422,3.6346,192500
19,3337,1646,554,5.0195,200200
6,7880,3760,1460,4.1807,182600
18,2143,828,283,4.2383,239000
7,2349,809,282,5.552,283900
4,5846,2282,801,5.5956,247800
17,1704,781,281,5.6605,224400
15,3780,1632,721,2.7644,111400
17,821,436,168,3.1667,160600
16,3002,842,538,2.1205,157300
14,676,384,126,6.2096,178100
9,4540,2235,746,4.5781,225600
4,23915,10877,3958,4.6357,244900
11,2560,952,448,4.0625,87500
4,9998,3925,1672,4.2826,237500
6,1487,810,322,3.625,135700
4,3066,1164,582,4,228100
2,4624,2091,808,3.6736,214500
13,4273,2328,801,3.3444,183900
16,1787,1446,362,3.75,163800
21,3765,1722,593,4.8152,218500
7,3561,1921,657,4.1128,209700
13,2937,1246,579,2.6487,196000
13,4503,3094,1091,2.3159,91600
11,4091,1927,765,3.0139,199000
19,2025,1663,403,3.8147,139200
5,4576,2314,705,5.0123,210400
12,4839,1708,952,2.8586,163300
15,1889,754,409,2.2278,132800
25,596,426,137,3.0221,214300
15,5923,3943,1006,3.1793,159900
5,4750,2726,905,3.5839,158500
16,1660,733,214,5.6874,202700
15,2241,997,390,3.4833,193200
17,1149,702,192,5.5696,168400
16,1129,758,178,5.0346,174600
15,1070,470,217,2.3062,158900
16,3907,1759,663,3.1776,172600
16,1649,993,277,4.8526,170700
5,2618,1320,512,4.1053,171400
16,1710,1025,267,4.1641,163600
12,2363,1211,396,3.8967,172600
12,2258,1147,433,4.0495,153900
12,3652,1677,728,2.3267,92000
7,6225,5410,1580,2.32,117500
19,3068,912,554,3.775,168000
18,4372,1473,675,5.1194,247800
4,3261,926,561,4.3672,258900
16,3470,1197,552,5.1814,279900
8,8552,3335,1323,5.311,255800
10,3487,1410,557,6.0336,240300
4,1862,685,248,7.745,237400
14,3676,1176,614,3.9464,171900
22,2398,349,169,7.0423,500001
13,3730,1335,603,4.1667,227100
7,5320,2015,768,6.3373,279600
13,3651,1311,435,7.5402,340300
14,7208,3097,1014,6.617,285200
12,5080,1958,716,5.3905,299600
9,5685,3773,1250,3.0426,129900
15,1497,827,239,4.3846,154200
11,1430,921,294,4.2357,160900
16,2546,1683,408,4.7426,160600
17,1893,936,287,5.1842,157700
24,2155,1158,360,4.7941,147500
15,3154,1656,429,5.0461,222400
17,5391,2732,830,5.1771,212800
4,5465,2844,950,4.4477,174800
12,2465,1226,428,5.4819,183800
11,6341,2697,977,4.8554,206700
15,2994,1231,503,3.2024,180400
19,2629,1444,503,3.5462,156800
13,3958,1981,840,3.4764,137500
17,6817,4526,1474,2.6152,135300
33,555,612,176,2.1786,137500
27,3819,2447,717,3.8185,137200
20,7746,5370,1838,2.3762,98500
15,13814,6583,2789,2.8247,150000
16,4552,2737,1051,2.25,136300
12,8742,4854,1957,2.8015,143500
17,8466,7014,2267,2.1437,113700
43,107,107,48,0.7054,137500
14,8374,2916,1295,4.7019,191100
5,3159,1398,581,3.1467,161100
7,2810,1564,457,4.4655,182800
11,5546,2300,970,3.7109,199800
7,10665,4917,2424,2.3171,159500
10,3208,1395,582,3.4455,190500
7,6126,2662,923,4.9005,264000
17,3164,1123,699,2.082,80000
46,52,59,13,3.875,200000
12,961,315,201,0.813,275000
17,2641,1167,647,2.2875,132400
12,9302,4074,1504,4.3513,199600
45,1032,363,177,3.6389,186600
16,2402,1080,365,8.6803,347300
8,2756,1045,340,8.5957,444100
5,12045,5640,1997,4.4375,353000
23,3400,1383,488,4.9844,249100
21,2876,1387,499,3.8292,177000
23,3792,1988,658,4.7566,178300
11,567,620,163,2.5284,122500
31,1356,1301,331,2.5331,115100
28,2094,1556,563,2.2,127700
32,1713,891,286,3.1429,171600
37,1060,823,229,1.8363,145500
31,2055,1326,427,3.0915,139900
31,1832,1669,463,2.2146,116700
33,674,565,188,1.875,114300
21,4578,2818,900,3.1458,187700
32,2474,1224,461,2.7216,146300
12,2453,1251,529,2.4122,127000
17,5565,3004,1139,3.0054,142300
11,7483,3516,1261,4.0484,262500
15,7000,3555,1118,4.7022,172800
10,5149,2177,783,6.7957,287500
17,2385,1118,369,4.2813,169900
18,4393,2095,677,5.4786,223500
22,2427,1099,362,5.2323,167500
13,5516,2119,662,6.1868,320200
25,3142,1286,419,5.4663,248300
16,4677,1902,566,6.1834,335600
16,3490,1628,535,4.8836,239900
14,2816,1448,452,5.0278,210900
18,2087,992,329,4.5,222600
15,2755,1474,460,4.0408,225900
13,1406,737,279,5.5842,239100
7,12480,5102,1697,5.5102,221000
5,5673,2592,797,5.4155,199200
11,7217,4197,1502,2.8827,166700
16,3204,1818,529,5.2596,171500
11,3213,1975,579,3.475,167200
17,9044,5030,1596,3.6348,164500
17,401,251,69,4.6518,170200
11,1227,645,198,5.6674,209800
17,4190,1802,673,2.4744,158200
26,1820,1001,324,2.1797,156300
23,1731,612,258,2.7813,172900
36,992,334,126,3.0089,134400
15,1985,536,209,4.125,148200
11,2522,616,269,3.875,198100
24,1378,532,188,1.5909,221900
16,349,120,43,5.359,193800
18,4454,1754,656,4.57,189900
24,2746,731,295,3.3214,176400
19,1791,327,185,3.3625,100000
17,934,452,184,1.9875,83700
18,382,194,69,2.5179,58800
12,4890,1289,570,2.5795,98700
19,4085,2133,718,2.919,116500
22,2680,1644,516,2.1949,127100
16,2595,1046,367,1.7137,110700
28,1608,567,254,1.4648,61800
17,4863,2266,769,4.2321,217400
12,4281,1891,721,3.5769,231800
16,3311,1627,624,3.1196,187200
16,3688,1969,767,2.875,222900
17,3348,1222,443,6.6361,308600
11,3874,1672,546,6.1481,274600
18,4115,2032,745,4.0159,169100
13,843,918,152,6.2152,240600
15,2053,993,309,5.5164,248900
8,4630,2048,575,6.4745,300300
13,3268,1431,503,5.7652,259900
9,2652,1355,362,6.2578,293100
14,4085,2129,688,4.7367,214500
19,2652,1421,491,3.5227,206100
25,1178,592,441,3.6728,500001
31,3991,2305,1201,1.8981,500001
52,1314,473,250,4.3472,500001
52,2852,838,510,8.0755,500001
52,4985,1848,1255,4.9211,500001
50,2494,958,712,3.2356,500001
52,741,277,165,4.4712,500001
52,2583,1335,613,3.1477,500001
52,2618,1328,559,4.1607,350000
52,3278,1279,709,5.4378,500001
52,812,629,247,2.5875,500001
52,4088,1906,863,3.6065,433300
52,1288,437,272,6.3245,500001
52,1860,679,448,4.775,500001
52,2094,920,503,4.2015,412500
12,1349,536,334,7.7852,250000
52,2450,1415,664,2.8229,375000
52,1642,1432,513,1.9063,300000
52,1394,1700,400,2.75,168800
52,1724,1016,395,3.3839,400000
52,1866,2957,710,1.8295,243800
30,1821,1648,684,0.8836,450000
52,3697,1446,711,5.866,500001
52,2892,1785,733,3.5746,350000
52,3598,2062,966,2.9871,380000
52,2797,1156,651,4.3472,500001
52,3823,1830,977,4.2458,450000
52,3321,1576,1034,2.0987,458300
52,1777,932,427,3.3643,420000
52,3067,2122,850,2.5603,287500
52,3457,2286,994,2.565,225000
52,3364,2112,1045,2.1343,400000
52,3511,2452,1131,2.5013,275000
52,2909,1711,830,3.0296,500001
52,3302,1178,727,3.3681,500001
52,2161,904,431,3.5066,350000
52,1999,1846,620,1.9145,225000
52,2302,1515,861,1.3668,55000
52,3260,3260,1457,0.9,500001
25,4561,1525,1169,4.5581,500001
52,1185,1007,623,1.4552,450000
52,1436,1688,662,1.5156,237500
52,3610,1504,1047,3.2059,500001
52,6016,3436,2119,2.5166,275000
52,2737,1761,1029,1.8068,225000
52,5783,4518,2538,1.724,225000
26,812,628,445,2.3304,500001
27,1728,1211,752,0.8543,500001
39,3275,1137,725,3.7679,500001
52,3830,1310,963,3.4801,500001
52,1724,540,319,4.2857,500001
52,4309,1297,798,4.6781,500001
52,1375,287,184,3.9028,500001
52,2869,500,335,5.0376,500001
52,3257,1045,620,4.5523,500001
52,1580,714,448,3.2447,500001
52,1006,445,257,2.7717,500000
52,3149,1145,658,4.625,500001
52,3161,842,410,7.9761,500001
52,2865,1029,577,5.2539,500001
52,1603,727,464,3.9856,500001
52,3172,1259,806,4.1047,466700
52,2788,1302,764,4.199,400000
52,2994,1240,779,3.3715,500000
52,1976,1045,669,3.6893,475000
52,1006,349,233,3.2235,500000
52,1380,553,288,4.0417,500001
52,2657,1014,685,4.038,500001
52,2696,925,552,5.0365,500000
52,2520,959,607,5.7934,500001
52,2802,954,572,4.5399,500001
52,4079,1466,1024,4.5913,500001
48,4506,1980,1239,4.0156,500001
52,3565,1377,852,3.8068,500001
52,3486,1248,813,7.2623,500001
52,6186,2065,1374,5.8543,500001
52,1979,648,370,5.3124,500001
52,1335,402,157,10.8783,500001
52,2045,722,327,8.0755,500001
52,1447,483,181,15.0001,500001
52,2196,668,291,10.0914,500001
52,3069,1107,536,5.5634,500001
52,1734,731,429,1.4804,425000
52,1457,495,208,10.7097,500001
52,899,304,110,14.2959,500001
52,2106,743,348,5.2909,500001
52,1817,800,487,3.975,500001
52,3640,1525,796,4.4375,500001
52,3785,1371,799,6.4209,500001
52,3522,1319,887,4.3986,500001
52,3219,1152,830,4.2042,500001
52,2511,1202,804,2.6607,87500
6,670,655,284,3.4423,117500
50,3312,1475,997,2.7165,500001
52,3020,1294,769,3.4375,500001
25,1637,649,379,5.0049,460000
52,1903,831,433,4.4464,500001
52,2083,1224,483,4.0882,468800
52,1726,614,356,3.6812,500000
52,2695,1243,573,2.8569,372200
45,2747,1320,693,3.1576,333300
46,2009,761,453,3.7188,500001
52,3975,1515,691,5.0156,500001
24,2459,1362,957,2.6782,450000
10,2380,1245,789,1.3062,220000
39,1181,901,281,1.4866,237500
52,1345,560,294,3.7159,494400
52,2686,1392,578,4,355300
47,1682,837,375,5.2806,400000
37,1235,481,297,3.6875,492300
52,3510,1703,657,2.8654,280000
44,1545,561,326,3.875,412500
43,1452,897,393,4.1319,322700
48,1013,464,205,3.2011,428300
52,2033,2198,418,3.6667,418400
16,883,601,219,2.151,146900
49,2246,1277,546,2.9792,350000
52,3017,1588,800,3.3882,471400
52,2747,1309,653,2.943,341700
52,1118,514,284,2.4196,346200
31,1364,707,379,3.1607,293800
26,3587,1821,936,2.6392,287500
2,1205,577,363,3.6437,275000
19,4065,2079,1470,3.1462,187500
17,1257,1093,384,1.8438,72500
17,2728,1670,893,1.077,115000
24,2037,1371,585,0.9355,112500
52,989,634,341,2.4414,275000
52,1254,895,456,2.1516,187500
29,1310,1009,379,1.3844,177500
52,1952,1284,576,2.105,316700
52,4014,2070,927,2.8202,442900
52,3944,1913,973,2.9567,425000
52,2911,1696,676,2.5721,475000
52,2705,1355,628,2.0161,364300
52,2339,1090,507,3.3679,350000
52,3188,1526,664,3.3068,500001
52,1722,885,437,3.0906,500001
52,3475,1518,777,3.6186,500001
52,2296,1039,472,4.1417,500000
52,2191,1100,585,3.0409,500000
52,2645,1275,553,3.35,492900
52,3563,1712,787,3.3702,335700
52,1760,742,318,4.445,400000
52,2002,939,501,3.2239,488900
52,2994,1428,700,3.0766,438900
52,1086,589,361,2.5186,250000
52,1925,867,515,2.879,450000
52,1567,654,425,2.6914,366700
52,2514,1428,597,2.3977,412500
52,2416,1188,591,2.3887,337500
52,1862,872,471,3.2981,222700
52,4397,1939,1053,2.7587,354500
52,2685,1170,614,3.6894,418800
52,2537,849,530,5.1788,476900
52,5604,2023,1196,4.4085,400000
38,2202,833,435,6.8939,455900
52,3225,1494,619,4.4875,500001
52,3505,1374,714,4.3667,500001
50,2518,979,516,4.6912,500001
52,1457,621,315,4.6477,450000
52,3095,1269,639,3.575,500001
52,3939,1737,797,4.5052,500001
52,1928,2124,739,1.1185,55000
52,1534,1520,614,1.4554,375000
52,254,153,29,3.8625,350000
52,361,168,55,3.2292,275000
52,1963,1628,524,2.6083,193800
32,352,313,105,2.5742,350000
52,849,582,222,3.4671,250000
52,1014,1055,382,1.8519,32500
3,3464,1441,919,4.7105,275000
5,1405,725,392,3.6037,187500
52,94,113,27,4.6563,350000
26,5416,4531,962,2.7909,250000
52,464,286,148,1.6125,112500
52,144,1061,68,4.3958,225000
52,759,421,255,2.0548,162500
52,1176,1136,436,1.375,312500
37,1291,1846,557,1.3365,225000
52,2185,1266,626,2.7794,350000
52,4226,2619,1242,2.5755,325000
52,3587,2259,979,2.5403,250000
52,2714,1438,733,3.6031,275000
52,1582,868,329,3.8261,250000
52,2250,1051,562,2.8458,350000
52,2959,1145,666,4.2222,361600
30,5089,1935,1139,4.6053,386100
28,4930,2232,1321,4.3232,316200
35,1581,580,388,4.05,423100
50,2589,945,544,5.2519,376600
51,2564,810,442,5.6235,500001
52,1968,784,430,3.3702,370000
52,2110,816,438,3.9079,370000
52,2509,855,478,5.0731,405400
52,3771,1575,921,3.5655,427300
52,2242,751,464,4.75,500001
52,2356,909,481,4.2569,455400
52,3708,1531,822,3.3565,386400
52,4407,2280,1076,3.3937,270000
52,4001,2129,1037,3.5052,391200
52,2088,1082,488,2.6803,490000
52,1190,1270,332,2.0329,225000
52,2038,2007,596,2.5701,266700
52,1494,1630,590,1.65,265000
46,2150,2075,807,1.3824,212500
52,1855,1715,614,2.1289,250000
52,1207,1008,269,3.3816,262500
52,801,639,259,2.1971,275000
52,1609,1155,439,2.2328,250000
52,1974,935,465,2.7173,300000
52,2112,1227,513,3.5536,400000
52,2708,1460,741,2.9052,400000
52,1564,1162,374,3,275000
52,2700,1181,575,3.575,396800
52,1970,871,474,4.0625,355600
52,2459,1012,475,4.0568,387900
52,2332,861,406,4.4318,437500
52,2285,839,456,4.7946,355600
52,3114,1144,591,4,375000
52,2082,801,411,4.2708,368900
52,2721,1043,519,3.7545,383700
46,1519,573,289,4.2667,338800
52,1573,725,338,5.0505,380400
52,1615,633,378,3.5114,347500
52,3521,1415,687,4.875,362200
52,2960,1191,589,3.95,347700
52,2164,1122,469,3.2632,306000
52,2713,1370,594,4.6547,325700
52,1786,856,394,3.0833,328100
52,2229,1079,472,5.0196,324300
52,2155,962,490,3.775,325900
40,4850,1824,952,5.0519,356100
21,5457,2304,1180,4.5469,409700
23,6291,2818,1198,4.2672,391900
52,2074,909,394,4.8382,294900
23,184,118,40,4.5375,350000
52,3328,1260,614,4.7437,331000
52,2637,1159,497,3.8846,333100
52,1514,724,301,5.3292,300900
52,1142,494,206,5.0602,298900
52,1029,461,212,5.0782,310800
52,248,124,51,1.4886,450000
52,624,410,148,4.0042,208300
52,157,88,27,3.675,162500
52,1877,712,398,3.9722,290900
52,2316,1047,476,4.5057,321600
52,3390,1645,596,3.7051,253700
44,6848,3269,1383,2.8679,243300
52,4265,1555,836,4.119,298300
52,1495,506,275,4.4375,320000
52,1185,480,253,4.4074,277300
52,1427,620,236,1.9944,262500
52,1529,1347,348,2.9312,239100
52,3452,2987,753,2.8135,260300
52,2064,1726,466,3.4028,233300
52,492,316,168,3.0865,225000
52,351,308,75,2.6667,325000
52,2479,1816,496,3.0774,300000
52,2605,2071,611,3.2964,265000
52,1182,1029,306,2.0577,214600
52,1057,837,292,2.4531,229000
52,1919,1483,421,3.4063,253900
52,1892,1442,371,4.2891,230000
52,1678,1220,357,2.5809,255300
52,2164,2034,513,2.0325,178100
52,2452,1932,549,2.3903,236100
9,1282,1176,305,2.6538,206300
42,4110,2147,674,2.5694,201000
43,4864,3134,959,4.3393,217300
45,3490,2337,781,3.4472,225400
45,2462,1587,450,2.59,211800
18,4037,2722,834,1.4282,140400
15,6804,4737,1581,1.4133,203400
45,1462,924,302,2.1767,185300
20,120,55,19,2.625,187500
40,543,259,89,2.2167,193800
38,1388,871,265,2.1667,193800
46,1517,879,309,2.2222,195100
52,1931,1025,293,2.9063,192000
52,1070,567,207,2.8603,189000
48,1489,1115,356,2.6364,199300
28,1609,1064,290,1.1125,206300
45,2893,1923,535,3.6607,192300
52,135,93,26,2.1484,181300
52,3065,1405,606,3.7813,275900
38,1754,928,354,4.1417,270800
34,1403,839,255,4.7031,255200
52,2524,1430,476,3.4073,254700
52,2515,1209,540,3.5912,284900
48,409,148,70,3.6687,335000
52,831,415,159,1.9464,249000
52,1842,1032,357,5.5563,250800
52,2019,999,448,4.2212,271300
52,1916,889,424,4.0391,279900
52,1674,734,335,3.8864,281300
52,1271,1076,324,2.9911,263900
52,2163,1447,546,3.3555,275000
43,1663,935,335,4.1552,240900
47,1728,1178,315,3.2813,229600
52,2058,1208,399,3.6429,230000
50,3426,2261,671,2.888,246400
52,1651,973,366,3.4583,240900
52,2084,1438,516,2.3087,258600
52,1540,1136,363,4.3125,243000
52,3230,1765,611,3.3333,292300
52,1583,935,341,4.6786,263200
49,1435,1008,329,4,264000
52,1386,729,274,3.6694,275500
48,1289,782,235,3.6719,259800
52,1775,1102,367,4.3125,267200
52,2381,1485,447,4.3898,270000
52,866,587,171,5.0224,261900
46,1819,1534,406,4.0132,229400
35,1871,1055,310,4.625,279300
35,1791,988,304,4.5769,254500
52,1985,1337,424,4.1071,240900
42,2604,1703,507,3.4231,230200
50,1947,1170,384,3.4769,238700
42,1413,1027,362,2.3625,233000
52,1931,1092,356,3.7835,271300
41,2115,1168,365,4.0642,272500
48,1474,998,330,4.0781,250300
47,1465,1119,315,4.2672,219400
37,971,647,208,2.1187,239300
33,2789,1682,552,3.8643,276200
35,2104,1225,410,4.8214,242900
32,1650,904,295,4.0583,236200
37,2638,1789,521,4.0071,244700
50,2912,1989,537,3.6667,252600
49,3427,2363,661,3.6885,254000
52,2206,1583,456,3.7105,250500
52,2890,1769,541,3.8274,252000
52,3351,2101,706,3.0107,242000
52,3602,2270,647,3.8934,251800
52,1494,1463,360,3.1786,222600
49,1557,1173,385,3.4605,265000
48,2675,1773,540,3.9565,268500
52,1729,890,300,4.3036,261800
52,1380,847,284,3.7143,260000
46,2559,1562,498,4.3846,270600
52,1658,1086,326,3.8583,261600
41,1578,1159,299,3.9167,243600
52,1580,1425,330,4.0547,246200
47,1527,1102,282,4,231600
35,2878,1633,528,4.5,266900
52,1508,1138,304,4.0234,266500
52,1410,879,282,3.1908,255600
52,1507,929,281,3.8958,247700
52,2711,1848,524,3.9567,251500
46,1230,895,257,5.3913,248900
31,2370,1524,470,5.0201,264100
34,3131,2204,600,3.5536,251000
40,1948,1434,396,3.0313,219100
40,1883,1411,438,3.0469,238000
47,2289,1697,465,3.4773,226300
28,5015,3900,1029,1.2269,181900
40,2054,1738,429,4.9926,213900
49,1852,1615,447,3.495,217800
41,1975,1528,424,3.8625,218300
47,1167,953,253,4.2727,241900
52,2602,1330,647,3.5435,278600
52,2236,1186,532,3.4531,414300
52,1824,799,363,3.75,435700
52,1817,948,380,3.93,390000
31,5283,2659,1269,3.5744,500000
28,1072,363,168,6.1636,367700
26,2192,954,456,4.5352,374200
52,2941,1545,726,2.9899,406500
52,2680,1587,713,2.5933,359600
49,2842,1396,648,3.2679,345700
52,2465,1170,498,4.0793,306700
48,2064,1055,467,2.8711,329600
40,3525,1675,857,3.2083,330000
52,4001,1886,756,3.3239,350000
39,3200,1391,618,3.6346,338000
45,2399,911,423,4.4312,361000
51,2413,1095,437,4.0089,357000
49,2747,1281,448,5.482,366300
34,2807,1152,445,5.1893,420300
48,2464,1179,458,4.4946,358600
52,1590,622,232,5.8151,500001
52,1207,465,162,10.7569,500001
51,2713,1090,401,9.3603,500001
46,3238,1293,470,6.1592,381700
52,1598,689,265,4.6071,337400
52,1538,819,319,4.0846,333600
36,2303,862,371,6.0274,349000
36,1997,772,348,4.95,322600
35,1363,1786,301,3.0804,313400
52,1849,695,258,6.5372,394000
52,1596,642,273,4.375,349500
51,1905,707,284,6.2561,431000
46,6429,2535,1109,5.0887,335100
43,3700,1488,623,5.5622,313600
38,5688,2263,908,6.203,346800
52,2180,856,326,5.3961,416900
52,2053,791,287,10.959,500001
52,2055,735,252,8.1189,500001
52,3797,1633,658,5.6787,363600
52,3688,1605,567,4.9537,365600
52,2673,876,338,7.8476,500001
52,3547,1276,491,8.0069,426800
52,2951,1115,397,6.7228,405200
52,2134,936,285,5.9245,484600
52,2151,762,274,10.7309,500001
50,1653,641,224,10.6605,500001
46,1836,767,302,5.9114,399000
52,2401,812,328,6.8322,394100
52,2510,1153,407,5.1238,335100
52,2857,1431,496,5.2088,344200
39,1912,970,406,4.7813,275500
52,2838,1411,526,3.8304,261400
52,1350,752,246,3.2448,266200
52,2035,1193,430,5.0634,264200
46,3581,1670,703,4.1932,269200
52,982,653,171,4.2167,231900
46,1406,771,239,4.7143,219300
47,1773,1083,315,4.475,221200
51,2690,1795,539,3.6581,225000
47,1723,1216,399,3.3208,238600
49,1207,658,220,4.0859,228600
48,1690,962,317,3.2875,221500
45,2399,1225,399,4.0855,244100
39,2254,1388,404,2.9688,232000
44,2547,1577,516,4.1939,237900
42,1961,1211,409,3.5156,239400
43,968,434,162,2.5333,239300
46,1453,817,310,3,246700
49,1690,770,294,4.5913,259700
45,964,613,201,2.9119,228900
45,2253,1382,392,4.2562,221600
52,1642,1138,340,4.1406,219500
49,1711,1138,325,2.875,225000
37,1833,1093,363,3.0703,211800
48,2660,1491,602,3.9758,348600
48,2304,1273,512,3.275,332100
52,2684,1395,549,3.9097,323800
50,2236,1171,467,4.0977,322100
52,1845,1015,337,4.1397,331300
52,3260,1594,632,4.4094,336100
52,1382,708,279,5.8096,339800
52,2564,1092,459,3.5302,329600
52,2245,1091,409,3.5909,331200
52,1792,782,287,4.0391,332700
48,1351,650,265,3.5278,339800
49,1724,795,297,4.3977,353600
49,1637,729,281,4.3281,323100
51,2095,1126,429,4.4,318400
52,2515,1583,477,4.3393,317600
52,2453,1056,453,3.6859,311800
49,2203,1052,405,4.4375,329200
48,2555,1285,482,3.7734,314700
52,2074,1136,409,4.7703,331000
48,2181,1041,379,3.7361,320200
47,2140,1105,401,3.7054,308500
45,2341,1092,438,4.8036,297800
43,2044,979,378,3.9205,319100
48,2387,1041,408,3.7562,321200
52,2226,1177,416,4.8516,323800
52,2189,1147,420,3.4583,321300
52,2285,1211,442,4.0208,323100
52,2166,1072,370,4.131,314300
52,2841,1372,517,3.9236,335000
48,1190,497,199,6.2642,438500
48,1186,487,207,3.8333,340800
52,2442,1188,436,4.3909,317700
52,2302,1154,424,4.5744,315200
52,1597,566,231,5.1681,500001
47,2382,867,376,5.2598,371500
39,1937,742,307,5.1991,369400
37,1399,530,235,3.9219,433300
36,1821,742,298,5.6204,406200
38,3195,2410,778,3.1359,350000
47,1176,564,258,3.2059,350000
43,3850,1497,829,3.5296,400000
45,1405,733,342,4.1116,187500
46,2403,1281,603,3.2321,112500
52,2018,1142,463,3.7083,307700
43,2108,1299,447,3.1406,316200
50,1993,1009,374,3.9464,295600
48,1408,891,269,3.8333,296300
46,1491,841,306,4.5329,278800
45,1672,838,314,4.1419,291500
43,2373,1247,454,4.0985,283200
43,2345,1439,614,2.8448,268900
43,2527,1332,558,3.0465,274200
40,2320,1499,521,3.2792,260800
46,2226,1272,468,4.2644,284100
45,1673,1078,393,3.3393,272300
45,1620,941,328,4.3859,270200
44,1819,1137,354,3.4919,271800
45,1592,920,322,3.96,272200
44,1739,872,330,2.9632,286300
40,2310,1266,490,3.7969,297800
45,1771,1098,342,3.7552,296600
44,1472,820,310,5.6826,300000
44,2374,1087,426,3.5,275700
44,2527,1434,444,3.875,275700
46,2298,1429,477,4.0217,272400
44,2792,1640,579,4.0625,272800
42,1667,1041,387,3.9583,273700
44,2082,1154,403,4.3611,268100
42,2006,1230,435,4.1786,271100
52,2005,847,356,4.1029,500001
52,2165,1067,530,2.9293,350000
52,2594,1421,593,3.0265,350000
52,2059,999,402,3.7419,500001
52,3429,1584,696,3.7887,500001
51,1485,880,385,2.7431,307100
52,2635,1302,577,3.7292,416700
52,2844,1380,596,4.75,500001
52,437,194,87,2.8125,500001
52,2383,990,464,3.9688,483300
52,2388,1078,494,3.5221,443300
52,1941,955,425,4.1339,396400
48,2835,1674,684,3.129,375000
52,4683,2246,975,4.1148,457800
44,3371,1738,753,3.1653,335300
32,3028,1704,718,3.2028,322900
46,3304,1783,777,3.6148,352200
52,1647,546,227,9.1881,500001
52,3146,1143,455,6.1407,500001
52,2488,805,295,10.7058,500001
52,4140,2030,892,3.4236,376800
52,2632,1364,544,3.4605,441700
52,2051,1400,510,3.2396,375000
52,3088,1636,662,2.8553,360700
52,3193,2099,681,3.9375,402900
52,2241,1042,377,4.1635,398400
52,2275,1166,424,4.0652,421300
52,2169,1220,505,3.1989,446900
52,2951,1448,591,3.1392,422400
52,3021,1479,514,4.0208,414600
52,2042,1153,408,4.1856,404700
52,3143,1350,623,3.8571,366700
52,3047,1427,620,3.4883,337200
52,2666,1362,494,4.218,393800
52,2556,1202,568,3.8899,348500
50,2159,1111,417,3.5588,346400
52,2910,1508,515,3.5865,311400
47,2695,1505,644,3.0877,329100
52,3440,1663,665,3.0278,356300
52,2342,1170,458,3.7036,369200
52,2433,1070,420,4.125,359500
52,2050,1109,437,2.6719,318500
42,2723,1419,519,3.6429,328400
49,2176,1040,448,4.2414,500001
50,1922,1049,443,3.5833,348500
52,1769,1032,380,3.9954,324700
52,2299,1252,415,5.0562,336700
52,2739,1312,531,3.5833,322900
46,2646,1418,563,3.7167,332800
45,2564,1056,460,4.7328,351100
47,2496,1201,454,4.0353,342200
32,2131,1229,572,2.9201,322200
45,6927,4715,1165,3.4051,500001
52,8,13,1,15.0001,500001
17,2975,1453,828,3.527,318900
42,4219,3549,993,1.2387,212800
10,479,355,108,2.7083,180400
52,126,37,27,10.2264,225000
26,54,23,9,6.1359,225000
47,1088,558,166,4.2708,207100
47,1649,1183,356,3.3625,223700
28,1942,1618,638,0.9365,52500
49,1200,1448,318,1.1094,52500
46,1026,1109,333,1.2904,63300
52,888,630,258,1.2411,112500
52,287,154,85,0.8738,75000
16,761,438,282,0.7714,87500
9,674,575,193,2.2024,45000
52,107,167,53,0.7917,22500
24,1212,1202,343,1.7875,76800
48,1112,583,216,2.3393,77600
52,1610,1025,440,1.2962,110200
48,1778,1237,462,1.3438,103100
50,1669,1340,484,1.3191,92300
31,2668,1398,721,1.125,110400
52,1475,736,260,3.6591,105100
52,1354,679,311,1.7788,97400
52,2654,1157,494,3.226,107600
52,1829,694,319,3.3466,92600
47,2348,1455,479,1.65,66000
43,1624,1805,440,1.425,61300
43,557,573,144,1.7212,59000
52,1318,1368,310,1.8261,54600
38,512,676,124,1.7386,52000
44,1406,1489,386,1.4688,56800
48,1766,1406,421,1.7039,52700
52,288,272,54,0.696,42500
40,2827,2037,574,2.0303,63800
40,964,742,209,1.2625,43000
41,375,323,98,1.9531,45000
40,452,412,97,1.3417,60800
52,24,23,5,2.375,67500
36,40,64,14,2.625,55000
52,1938,788,320,3.6094,118400
47,1700,922,357,3.1845,87200
46,1832,975,373,2.0398,88100
42,1619,906,339,2.5488,80300
27,1839,2010,416,2.1284,59400
36,747,338,145,1.7885,62100
5,123,50,20,2.7656,50000
33,2493,1203,436,3.765,94600
23,2830,1554,654,3.0354,113700
33,3656,1698,671,3.1406,93900
32,614,227,107,3.9922,247400
21,1343,462,193,5.8995,189900
37,3247,1737,665,3.066,94100
36,3113,1746,544,3.4625,84600
38,3166,1351,561,3.5404,91600
46,2270,1097,453,3.3235,87800
43,2453,1093,438,2.9107,88800
20,1727,730,342,2.5195,92600
43,1511,721,320,3.5703,87400
36,1953,999,371,2.0043,90800
47,3386,1228,619,3.0625,141500
52,2980,1128,510,4.061,113600
42,1824,720,309,5.1915,183700
45,2604,988,442,3.6667,123100
42,625,533,159,2.625,65400
52,2995,1392,503,1.7794,98800
49,2501,1171,550,2.5043,76700
47,2373,990,444,4.175,98300
52,2259,766,385,2.2981,105400
41,930,463,185,3.4141,90600
30,1271,2019,524,1.5152,81300
38,2375,1167,471,2.6673,87500
39,3375,1388,631,2.6364,93800
42,495,284,97,2.8854,55700
32,3274,2050,738,2.1265,55700
43,2608,1322,528,2.5714,70000
43,1005,492,172,2.6812,72800
52,941,414,171,2.1429,69900
45,965,498,195,1.6944,75200
39,1023,550,224,1.1141,54400
43,527,367,152,2.5,63600
43,948,749,208,1.962,52700
52,583,310,93,2.5625,54200
41,1633,885,413,0.9782,54200
39,1765,1056,414,1.5329,48300
31,1189,891,292,2.5536,50500
34,1288,846,293,1.7895,63100
43,940,690,181,2.3056,62300
41,2398,1143,444,3.0352,69800
41,855,716,206,2.0375,75000
35,1511,892,304,1.7898,63500
40,1703,1208,373,2.0817,55300
44,819,677,183,1.725,59300
39,1841,1368,390,2.1583,62000
41,461,382,79,1.275,54000
40,535,335,102,2.5234,62800
26,2205,1730,472,2.4866,68300
29,874,788,222,1.9187,57700
46,2001,1384,401,1.9402,62200
36,361,169,62,3.7734,63800
30,1509,967,278,1.7798,65900
5,2232,1857,435,2.8705,113600
21,1185,960,245,2.0893,65000
28,964,782,218,2.3269,55900
31,1673,1734,400,2.0833,48300
33,2109,2248,588,1.4583,53000
43,1610,1409,365,1.7574,51700
24,1451,1413,283,2.125,61200
35,2680,2188,611,1.9375,56700
36,499,451,124,2.1705,60300
40,2806,2268,635,1.8814,57700
37,2488,1854,514,2.551,59100
24,1438,1294,342,2.7829,61800
23,1491,1223,343,2.1591,67800
30,1061,851,195,2.4412,61600
12,1096,1175,278,3.1053,73100
31,820,576,155,1.69,65900
21,1556,1140,304,2.4667,81400
28,3308,3201,720,1.7694,73900
33,450,236,103,1.1964,80400
47,886,517,188,2.1991,67200
37,1175,951,267,2.875,57700
37,2351,1591,549,1.6563,57200
44,2204,1277,435,1.5539,59200
36,811,514,152,2.625,89200
37,1514,1121,337,2.401,58400
30,1737,1177,347,1.9875,56400
31,1484,1163,336,2.625,72100
19,2109,1742,426,2.4097,66000
28,590,315,99,1.8958,85700
17,4535,1562,743,5.3224,225800
22,3564,1539,699,3.675,152400
6,1649,732,350,3.4231,123800
15,2430,1016,314,10.0088,242000
15,2682,1520,601,3.5982,94400
16,926,451,198,4.0221,173300
16,2178,1192,579,2.3339,87100
16,1080,507,182,4.5278,166900
17,2033,1114,446,3.2872,175000
27,1612,630,255,5.318,155100
32,3877,1642,647,4.0444,129200
32,4474,2177,884,3.2889,98900
36,1383,531,203,5.9191,151900
20,1903,919,359,2.6765,96400
36,391,171,79,2.7045,102800
21,1795,1114,472,2.0091,101500
22,2105,781,483,2.213,87500
14,3731,1679,750,3.1369,119600
15,4472,1837,976,2.5,175900
11,4487,2195,780,3.9615,194600
14,3111,1178,525,6.556,234700
15,3103,3061,861,1.3729,110300
20,1591,1916,536,1.3531,94600
9,2370,1129,386,5.143,176500
10,1564,643,347,2.7031,150000
8,1801,684,350,4.2589,134900
8,2628,1158,393,5.3002,191700
33,2854,1109,452,4.3008,136400
30,4375,2038,709,5.1202,133800
31,1466,608,254,3.1827,162100
37,1964,915,335,4.3008,119800
20,4213,2071,714,4.4063,130800
19,1708,906,288,4.918,130600
4,2477,1234,377,5.5427,162100
5,4303,2206,621,5.5842,159100
12,6217,3771,961,3.7206,146000
9,2167,1290,351,5.0285,148200
16,667,267,90,5.6147,244700
16,3295,2279,576,3.6083,146400
15,1933,965,260,4.6477,142700
10,629,635,146,2.2961,126700
16,4045,1862,625,4.875,143100
15,2903,1325,423,4.5179,145600
10,1421,657,209,5.1878,153900
8,1904,895,242,5.7201,155700
12,2707,1200,380,4.9861,133500
16,1665,1301,259,2.8403,132300
16,3158,1596,528,4.1739,131300
14,2356,1378,481,3.7375,138800
15,3583,2183,643,3.428,140700
5,2229,1010,474,4.1719,206100
7,3461,1518,741,3.5684,78700
30,249,167,45,4.5,92800
24,3050,1743,549,3.7413,105300
25,2474,1947,524,2.5742,98400
26,2851,1544,499,3.5379,99100
18,4893,3036,997,2.5212,110000
12,4038,3440,942,1.9698,112300
23,3135,1650,680,1.886,105300
23,3706,3785,1019,1.7774,100000
29,2289,1215,435,3.2788,100000
27,2918,1338,544,2.6495,116200
35,2097,977,358,4.3958,108400
19,908,306,154,3.9792,131900
24,4157,2734,879,2.7981,92100
30,2547,1547,501,3.994,95500
23,3251,1890,668,3.0729,104800
22,2101,1304,511,2.8348,101600
22,2575,1367,645,1.4274,90500
8,2668,1713,444,4.0156,117600
13,1014,712,197,3.1471,102800
10,1409,782,222,4.0227,107700
16,2128,1860,459,3.1779,97300
16,4356,1629,818,2.2672,91100
11,3585,2769,715,3.0907,94100
7,2021,1615,406,2.5842,111300
11,826,684,166,3.9265,107400
12,2006,1849,396,2.5437,99000
16,2717,3343,643,2.5473,106300
11,2866,1404,525,2.505,95000
4,1515,491,348,2.8523,87500
4,1392,1784,309,2.375,124500
2,6403,3327,957,4.4871,137900
8,1868,1258,389,3.175,95900
10,69,50,20,3.75,120800
26,378,164,65,3.4107,82800
32,342,138,52,2.9821,155000
52,122,62,25,1.15,112500
25,1967,1035,361,3.5735,106800
26,3080,1257,465,4.9861,201800
16,2397,1053,557,2.6994,112500
32,1829,677,243,6.1805,247900
42,343,116,49,5.5376,212500
29,2465,859,315,6.6605,220700
35,1841,783,285,2.8167,162100
22,1526,790,300,2.4342,125000
21,446,182,57,2.8958,135000
27,429,179,90,2.3333,87500
25,1471,721,304,2.4688,126800
38,523,226,72,5.5693,153100
27,849,373,131,5.0362,181300
39,440,270,97,6.0582,157700
35,703,290,107,3.225,177100
28,253,201,51,1.4732,156300
44,608,287,83,3.3882,125000
31,2450,1459,478,2.4674,130900
28,1374,769,229,3.6389,130400
32,2081,1342,411,2.7958,59000
27,1621,909,345,2.1513,99700
20,268,77,49,1.125,150000
21,336,206,73,4.75,121400
30,1055,629,170,2.8676,76900
35,411,193,59,2.5625,146900
16,50,20,6,2.625,137500
42,465,256,93,3.1719,158300
28,371,171,70,0.9614,55700
43,968,664,240,1.6458,83600
34,1010,678,234,2.9531,104000
38,226,125,38,2.9,125000
26,161,1542,30,5.7485,162500
29,488,308,115,2.6563,103100
49,98,59,26,3.65,162500
31,1860,1848,293,2.2891,162500
44,1158,1094,224,2.6842,156300
13,3192,1768,626,2.2619,123500
35,1507,868,283,2.0284,96300
42,2051,878,318,4.3553,185700
14,2049,1071,369,3.5,240800
5,3136,1327,467,5.5942,186900
32,1706,923,284,5.5057,147200
5,5428,2725,902,3.9323,130100
22,393,134,57,3.95,178100
48,561,240,69,3.6312,202800
23,633,236,83,6.4562,230000
35,930,525,201,2.0625,155000
31,335,154,55,2.0694,175000
21,1185,533,213,3.1917,204500
28,2103,1167,391,3.0592,152800
27,836,303,133,3.875,127400
17,3507,1867,709,3.2123,120700
34,2770,1409,535,3.2338,101800
34,1500,674,282,2.515,110800
31,1008,453,195,2.3917,113500
27,1004,470,192,2.8942,116700
23,2864,1298,499,3.2303,131800
23,4183,1886,628,4.8787,175300
37,3278,1431,575,3.3987,99500
33,3557,2659,894,2.2883,86900
40,929,576,229,2.125,137500
38,2803,1223,509,4.119,128800
48,1892,804,352,4.0625,143200
52,1081,437,225,2.1979,114100
40,2402,1197,486,2.1771,98200
32,3366,1916,697,2.5401,125400
34,3268,1906,628,2.8237,110700
44,2356,1043,443,2.4949,108000
20,3168,1390,490,5,154800
26,2256,937,372,5.0528,153700
18,1534,741,263,3.9607,132500
11,1792,767,263,7.6889,229300
5,5979,2679,1084,4.196,171700
11,3163,2106,762,2.4482,103000
10,2974,1559,568,3.8825,136800
15,2039,1178,375,3.8672,120100
13,2432,1441,606,2.5556,133100
14,1551,785,281,3.775,163300
39,2614,1862,654,1.9238,70700
37,2232,1455,471,2.5587,87800
38,1419,1226,397,2.2188,68800
27,1818,1182,428,1.8575,73800
25,1305,789,235,3.2993,91100
4,2058,933,316,4.2448,150900
8,2770,1611,633,3.1284,115100
16,1174,464,261,2.3,133300
10,3371,1823,654,3.5333,116800
35,2607,2016,618,1.75,82900
25,2549,2053,648,2.0875,83100
28,2593,1365,457,3.3929,113000
24,4411,2038,732,3.475,151200
19,1337,744,225,4.0924,244200
27,2643,1455,444,3.6398,146700
31,1953,999,316,2.4906,122500
14,2591,1371,479,3.5774,113900
13,651,301,104,3.6528,200000
18,4176,2164,699,4.0365,174200
19,3326,1544,511,2.9875,166300
23,762,358,141,2.4545,105000
27,2400,1085,444,3.7687,165200
21,2333,1073,332,4.8125,161100
27,1683,873,258,4.7069,176900
17,2474,1649,453,3.275,156500
32,1083,471,178,2.9241,187500
21,2064,1021,359,4.517,152200
36,683,505,141,3.4265,158900
32,2564,1198,459,2.9083,113400
13,4030,2248,766,3.6107,141300
20,2458,1227,481,2.7857,110900
28,2368,1231,403,2.883,141900
32,2262,1156,404,3.8534,157600
32,2916,1466,473,2.5643,200000
24,1713,1258,324,2.683,169400
31,677,523,159,2.4598,97100
28,409,244,98,3.4643,90900
35,1107,573,210,2.3924,102200
21,2376,1175,441,3.6016,134600
40,1126,667,235,3.3158,125900
11,3886,1605,529,4.4213,182700
35,1853,958,340,3.3578,149000
22,2606,1252,397,4.1833,192100
7,4956,3006,915,3.4426,139000
22,2430,1292,391,3.4009,182400
34,2123,1310,368,2.6368,165600
17,2879,1802,530,3.6378,126100
28,2608,1719,554,2.1186,94400
37,1038,521,211,2.125,91900
18,2404,1531,506,2.995,124300
31,699,460,170,2.7443,94200
44,300,160,73,2.1786,120800
45,370,167,70,1.4853,101800
33,811,446,198,1.6724,96900
33,1862,971,389,2.6053,99200
8,1883,999,301,5.193,172100
28,3264,1512,567,3.7546,135300
24,1698,927,313,3.5625,130800
36,866,502,149,2.4798,101500
37,311,171,54,4.0972,101800
12,3667,2173,652,5.0369,163900
22,1283,3082,239,3.5365,111800
35,2506,1316,398,3.8472,197600
18,3415,1912,562,4.4423,161400
26,395,193,72,7.3718,212500
8,4019,1959,782,2.7321,175000
16,1326,509,297,1.9464,112500
4,58,79,29,3.375,106300
20,273,149,49,4.8229,158300
7,5151,2553,805,4.075,195000
16,1853,1013,362,2.7083,173900
13,335,247,77,1.6111,74100
36,1052,712,212,1.7228,105000
38,2152,1320,457,2.5025,101900
21,1922,1130,372,4.0815,117900
5,3107,1549,443,4.4766,169400
23,1985,1198,389,2.7734,116800
11,2451,1155,533,2.2254,130800
6,3883,2319,787,3.5595,161000
15,2906,1886,557,4.2431,137100
20,1811,1191,327,4.0125,121500
13,4452,2740,937,3.1964,141500
16,2085,1236,345,5.5591,149300
8,1289,867,239,4.6821,138500
14,1847,1030,309,4.9271,155300
28,1347,713,225,4.0208,155700
9,6169,3378,945,5.1047,157900
35,1034,604,192,2.2391,120000
36,284,130,47,3.1429,179200
6,110,69,24,3.7292,475000
26,1170,830,216,2.6458,127500
32,696,443,144,2.5156,86300
10,9205,5935,1673,3.65,119400
19,2610,1290,452,4.1298,222800
20,2706,1236,474,4.15,322400
24,807,585,166,2.6181,163500
19,2364,1264,390,5.0176,274200
18,1544,825,286,4.3229,327300
20,2039,862,330,5.1629,222900
2,2239,766,219,5.75,240200
5,1365,591,156,6.0389,215100
7,8297,4189,1271,4.3696,170700
18,5501,2964,1009,4.1855,162100
33,1999,1061,390,3.5242,121400
45,818,340,138,4.8021,133500
38,773,320,134,2.825,152500
35,796,313,152,3.15,153200
33,1329,683,233,4.3687,128700
34,1280,754,294,3.1333,132000
41,1717,855,303,2.75,127300
42,1207,699,279,3.3611,117600
52,876,426,179,3.0865,119800
40,859,427,176,3.5789,110400
30,1912,1065,388,2.1424,125000
7,2125,1358,464,3.6312,147600
5,7264,3670,1146,5.0443,194800
15,3846,2360,635,4.6173,164800
33,1875,970,381,3.5096,141700
29,918,417,166,4.2768,151300
16,2229,1199,445,3.4821,170600
19,1393,915,355,1.1957,103100
52,966,589,228,1.6937,108300
52,994,623,264,1.725,111500
25,456,370,106,3.1319,112500
7,8363,3907,1068,5.3321,208100
40,1718,1312,388,2.9955,134700
2,2682,883,271,5.9934,196700
22,1630,4402,358,1.9792,63000
21,1494,781,255,4.3015,250000
14,1594,887,287,4.6625,294000
14,5020,2105,796,3.8158,248700
11,8997,1825,756,3.23,154300
15,1914,1130,421,2.2165,90600
14,3487,2352,796,1.6303,144900
38,2564,1301,481,2.0076,114000
43,3044,1456,608,2.4567,140000
35,3451,1550,653,2.9167,161700
31,3476,1476,567,3.3472,195200
8,2690,1085,381,4.2841,256700
6,12779,6085,2157,3.8661,168100
9,5782,3026,1130,2.6528,113500
9,3466,2356,619,2.9926,158200
9,4267,2065,691,3.7303,162700
15,4760,2459,734,2.811,142100
13,4461,1795,640,4.475,206900
9,6044,2239,972,3.24,264600
13,5383,1880,796,3.8019,271200
16,4109,1298,626,3.4799,320800
23,2059,636,278,3.6908,278800
27,3493,1481,666,2.3075,184200
23,1664,629,279,2.7344,188300
21,2787,1106,501,2.7043,186200
16,2168,782,374,3.0187,278100
18,3418,970,453,3.7738,279400
30,6346,1769,887,2.6864,283600
21,1033,588,187,2.8173,226900
28,4323,1650,705,2.7266,266800
27,2863,930,533,2.6205,221100
34,3279,1397,646,2.5552,200000
29,2046,846,410,1.65,227300
15,3276,1520,613,3.6412,207800
14,4155,2112,755,4.4766,192700
12,3522,1780,662,3.3958,215800
11,3252,1814,660,3.2226,183200
15,2419,1279,522,3.4762,189600
16,1576,595,262,3.588,266300
17,4197,1656,732,3.526,183900
23,3100,1515,609,2.8493,196100
15,2062,781,316,4.9359,317700
16,3924,1325,638,2.5172,293900
20,2200,996,365,3.587,330000
20,3389,1309,520,3.2112,204500
36,1940,850,298,3.1818,249600
23,1932,1380,472,1.9647,253600
16,2272,1689,649,1.7031,195000
19,1540,1799,635,0.7025,500001
20,626,3574,261,1.0298,300000
28,3952,1469,571,6.3144,328800
29,1785,1344,472,1.4492,222900
32,896,548,231,2.5455,165900
27,2034,768,316,4.2411,258900
15,2365,1446,490,2.5129,225900
21,3298,1862,687,2.1507,221500
23,1630,704,263,5.156,251300
39,2163,1153,599,2.084,233300
31,2773,1358,794,1.4036,209600
46,2054,1170,494,2.1786,206300
52,2254,1237,590,2.6208,227100
46,2217,1107,527,2.8009,192600
33,1664,1077,461,1.6875,174200
17,2719,1386,570,3.7337,208200
15,5540,2383,1165,2.2656,226200
32,4202,2309,956,2.2165,231700
24,3504,1490,506,4.6719,337000
37,1354,753,290,3.25,225000
26,4225,1795,704,2.2847,247000
44,2236,1036,437,3.0833,219300
20,1248,722,225,4.625,221800
14,3768,1884,664,4.6071,239900
9,2568,1149,398,5.4287,331600
26,1704,918,310,3.2464,208000
15,4210,1933,867,2.794,262500
46,118,6532,13,4.2639,350000
5,4413,2003,725,5.0267,253300
16,4208,1634,806,2.2868,233700
16,164,542,32,1.6563,42500
14,3414,1236,632,3.7635,336200
13,5138,1838,645,5.9676,380000
17,5805,1919,932,3.5352,357800
34,3100,1155,542,3.0938,245900
41,2666,940,507,1.9653,236100
16,2680,975,619,1.7878,55000
7,7922,2863,1197,4.849,275000
8,6638,2710,966,4.6776,295500
15,5818,2324,845,4.4033,267600
39,1656,866,317,2.8824,195200
18,2920,1068,552,3.5242,156800
25,3642,1729,673,3.155,205400
22,3342,1342,593,3.4509,217700
16,1671,935,340,2.5792,163800
27,3055,1407,610,2.1702,179700
17,2495,1292,501,2.2625,153000
20,3098,1449,611,3.5744,197800
31,1486,823,322,2.6974,165400
16,3431,1777,701,2.7301,190400
12,3430,1840,720,2.9821,162000
11,3733,1839,739,3.3062,158500
19,2949,1425,548,2.9615,178100
26,3971,1792,723,2.7128,209900
18,2241,1521,509,2.0292,155800
22,1240,768,288,2.655,160000
19,1583,704,269,2.1042,268300
14,2919,1896,577,2.4003,142100
17,2799,2015,592,3.0536,143600
16,3290,1497,655,2.6875,178200
37,523,374,95,1.4726,106300
13,2364,1257,380,4.6167,273100
14,6788,2866,1036,3.3603,280200
11,1317,655,243,4.3611,329700
16,2819,1068,365,4.5461,270800
16,947,477,137,3.851,315000
16,5209,2284,809,4.0403,346100
24,2314,1549,463,2.8203,152600
29,1315,926,249,2.9375,144800
10,10463,4660,1715,3.5682,277300
17,2721,1672,492,2.9798,204800
26,2758,1291,522,2.925,181400
17,1701,941,293,4.3218,209100
19,3369,1834,646,3.7672,173800
15,2752,1422,545,3.2813,175000
19,1861,1040,363,3.3125,163900
17,4422,2307,885,2.8285,171300
19,2310,1341,441,3.225,166900
6,5876,2877,1304,2.5437,146400
16,2666,1203,429,4.1375,222400
15,2608,1351,502,2.7798,205800
18,2339,1097,416,3.3438,176100
18,2474,1269,431,3.9063,184800
17,3748,1860,612,4.5179,225600
10,3979,1834,671,3.5,172100
7,9613,4487,1653,3.6667,250600
12,3098,1433,434,5.2508,292900
12,4161,1609,615,5.0947,267500
29,1649,671,264,3.0602,69800
17,3043,1457,545,3.1641,158600
15,6725,3139,1029,4.1875,261600
8,416,936,97,2.1154,117200
36,3595,1649,755,3.3816,253400
41,2267,1045,459,4.1146,272200
48,592,340,143,5.966,315200
23,1817,1376,382,2.4113,214200
44,2080,1781,478,3.6827,215300
24,4299,2249,788,4.6098,290400
19,1733,959,348,4.7708,281700
6,3523,1705,608,4.9318,258100
46,2193,1814,489,4.0125,230100
50,1441,1159,286,4.5417,233700
49,2244,1948,423,4.7639,251500
16,6457,4375,1231,5.1788,267000
37,1028,904,261,3.5035,238600
35,1983,1577,414,4.0833,266700
37,3029,2436,700,3.3214,243200
45,3290,2466,666,3.6588,238600
44,364,339,98,2.483,214300
45,1799,1436,389,3.65,239900
42,876,713,203,3.84,235900
44,2034,1491,373,4.5341,236500
37,1046,822,239,3.5,224400
39,2076,1738,445,3.1958,232100
33,4167,2923,1314,3.049,307000
33,4492,3477,1537,3.0546,297900
39,3615,1571,615,5.1149,314200
29,1048,455,152,6.1278,417600
36,3988,1793,708,4.2472,292500
35,5275,2892,842,4.6771,266400
35,2405,1583,471,5.0659,238000
29,3795,2494,696,5.2848,260300
36,1946,828,313,5.2811,287700
36,1344,782,265,4.5,275600
33,2347,1259,481,3.4492,264300
35,2644,1465,430,4.9375,277000
35,2576,1273,433,4.7391,272800
47,737,370,136,3.775,281300
27,2447,2104,657,3.449,239100
30,837,606,199,4.875,258800
42,2993,1594,546,4.4821,252400
43,2661,1384,456,4.2421,257500
26,4302,3320,1100,3.4375,277700
23,2812,1983,681,2.9413,229400
35,1720,1452,425,3.5909,256100
34,1954,1130,367,4.6447,304500
31,4077,2544,738,4.5337,306700
31,3506,2296,645,5.5647,268700
15,2897,2340,720,3.3906,303700
31,2609,1746,464,5.1054,294500
34,3718,2510,632,5.3311,270800
14,3395,2258,945,2.964,319700
17,2359,884,504,3.0625,87500
35,491,274,97,4.4286,238600
20,5689,3752,1002,5.5845,304300
18,4172,3226,790,5.7535,297900
16,3372,2049,1021,4.1303,146500
15,6082,3861,1198,5.4221,284700
21,2751,2027,491,5.2573,322900
36,1664,963,322,4.7813,246400
35,2738,1545,493,5.3446,263300
36,2535,1390,436,5.3398,260900
36,5456,2761,916,4.7755,280700
38,5277,2695,997,3.9722,276200
29,3541,2259,770,4.3039,278400
21,5108,3288,1405,3.1927,252600
36,1447,799,275,4.7639,265600
35,1814,1025,384,4.425,268400
42,2274,1255,397,5.1205,226300
37,2155,1255,428,3.8438,250700
41,2189,1063,409,4.7361,302600
28,3520,1746,602,4.9236,273500
36,725,335,140,4.125,327600
32,1385,1096,353,4.475,246700
34,1075,906,294,3.0052,242500
40,1294,1177,301,3.6667,218800
37,694,658,225,4.6103,237500
44,431,682,212,3.2833,233300
32,3436,2583,817,3.5039,232400
26,3253,2246,855,2.6631,244000
43,1769,1102,377,4.5493,281500
39,4402,2941,887,3.8565,239800
34,8400,4101,1717,4.1033,301000
42,4091,1861,771,4.207,272700
19,6326,3444,984,6.2498,353300
26,2806,1617,396,5.3922,353700
16,8676,5130,1574,4.8096,262000
17,3523,2150,666,4.5938,251200
27,8103,5023,1605,4.6452,236200
25,7778,4674,1451,5.4694,272400
20,4582,2325,1040,4.0556,275000
39,3348,1817,668,4.2593,227400
31,3109,1472,618,5.155,263900
34,696,398,162,3.525,254100
31,1256,785,297,3.2446,234600
27,2589,1386,608,2.9087,228200
7,120,50,27,12.5,281000
34,4551,2208,834,5.4364,279300
35,1481,747,254,4.4286,262100
35,2683,1498,484,5.1282,262500
36,1521,736,241,4.3542,237500
35,2197,971,326,4.25,241700
31,1331,598,225,4.1827,345500
20,64,59,21,2.2375,450000
33,3507,1697,660,4.0795,270600
29,5889,2784,923,5.3991,273000
34,4648,2282,814,4.5556,249000
21,12902,6160,2082,5.7653,325800
22,6728,3783,1310,5.0479,280400
26,3507,1712,509,6.7206,344600
28,4946,2683,824,5.748,302100
35,5113,3004,964,4.7625,281300
34,4135,2154,742,4.9732,342300
21,10252,4790,2428,4.1692,344500
49,1464,636,259,4.25,284100
46,2975,1479,577,3.8214,273600
37,1866,822,305,4.7,341300
39,1355,682,246,6.3443,324700
40,1545,756,282,4.4643,308100
17,1040,669,405,4.1513,137500
46,1811,796,333,3.43,292900
43,2367,1141,400,4.8295,319000
36,1017,407,159,4.8,306800
36,1538,671,247,4.4091,317900
39,3119,1807,696,3.2216,242700
32,3586,2249,911,3.1058,253000
39,4220,2720,1046,2.639,242500
41,98,68,19,2.225,212500
15,2748,1447,901,3.5214,144200
46,66,30,12,2.375,275000
37,1252,878,287,4.2262,228500
35,865,602,217,3,229100
44,1619,1064,335,4.0238,224200
38,1204,921,247,4.4464,215400
35,2084,1077,545,3.1628,318400
33,2577,1867,566,3.3632,265100
36,1770,1225,459,2.56,273100
42,1602,705,255,5.7398,336400
43,1934,847,300,4.7381,347400
31,4424,1915,817,4.1364,412000
34,3562,1542,563,5.8783,405100
26,2754,1128,395,6.3719,466900
34,3931,1717,621,6.2946,450000
40,2401,894,356,5.6493,422400
30,5351,2558,1074,3.5817,369300
52,1380,530,210,6.221,420300
44,2304,986,379,4.652,387100
34,707,381,156,4.375,340900
32,4497,1846,715,6.1323,500001
22,2754,1163,479,6.2306,500001
31,3052,1581,788,3.0744,457700
44,2089,837,317,4.6628,459200
36,6026,2314,892,7.8997,500001
26,3281,1145,480,6.358,500001
33,2064,813,303,6.0374,500001
35,520,185,76,6.4865,450000
26,15,11,3,5.048,350000
39,4645,2156,1113,3.4412,353800
49,1657,613,270,5.7837,378100
52,2272,963,376,5.7245,500000
52,2188,917,357,4.4,500000
52,1704,671,243,8.4704,500001
52,2039,772,303,6.471,500001
52,3084,1324,571,5.0756,374200
37,3325,1468,692,4.0987,434000
43,2506,967,428,4.7404,500001
52,1900,665,276,4.5486,500001
44,1395,736,288,5.6206,386400
40,2362,992,425,4.7917,359900
50,2784,1622,698,3.8413,372200
52,2495,1081,471,4.0855,410800
20,2638,1352,718,3.5125,350600
30,5039,2129,1536,3.3469,345000
26,854,396,231,2.8393,375000
39,2647,1254,555,4.2407,433800
52,2059,800,308,4.97,500001
34,2697,810,279,12.4291,500001
35,1774,588,207,10.7339,500001
32,4684,1512,511,15.0001,500001
21,7189,2440,846,11.6833,500001
39,3562,1139,391,12.6417,500001
25,4470,1507,504,13.3913,500001
23,6184,2165,700,10.1675,500001
52,1659,519,201,14.4219,500001
52,2635,967,374,7.0422,500001
52,2547,876,359,8.2598,500001
52,2170,784,274,10.4286,500001
28,3751,1691,846,3.9728,300000
43,2543,1301,606,3.1111,318400
27,3085,1453,896,3.4333,290000
27,5144,2518,1447,3.4836,287900
28,2784,1534,685,3.38,285400
34,3225,1958,656,3.6811,273000
44,1990,1141,424,3.9696,258300
45,1165,845,251,4.1875,267300
43,1772,1573,401,2.7474,233100
42,2574,2377,588,3.2891,237900
33,3384,2626,793,3.2285,234800
52,499,318,145,2.9934,256300
42,3157,1603,629,3.7422,292600
44,537,355,194,2.8571,250000
20,2126,1112,597,3.625,283300
9,1150,377,243,3.8317,237500
34,6394,2400,1496,3.4902,500001
49,2016,691,288,5.549,500001
26,2339,1283,654,3.162,415000
50,1975,644,251,10.0743,500001
50,2501,1050,410,4.6406,500001
51,2565,870,309,9.3694,500001
44,2465,843,324,6.9533,500001
52,2351,1126,482,3.9688,356900
52,900,371,166,3.25,296400
46,1437,607,263,4.8068,369700
44,2151,849,370,4.4583,397100
33,2199,827,319,6.1349,500001
34,3661,1608,656,5.0774,407200
27,3339,1354,458,7.3081,464600
18,4493,1784,725,6.7042,413000
27,2169,905,319,7.7743,453100
34,3559,1747,550,6.6959,411200
25,1729,769,352,4.0417,458500
17,6645,2557,1032,6.3892,480800
37,1338,535,221,5.4351,376600
40,1833,751,306,6,384200
38,984,429,157,5.3261,376800
35,1817,659,262,6.8336,457200
39,1160,508,185,5.9539,379100
39,4292,1758,987,2.9405,340500
43,1748,984,371,4.5116,337800
41,839,419,215,5.012,368200
45,1222,492,205,5.539,396900
46,2444,952,402,4.75,388200
41,1608,676,267,4.6125,361700
39,2795,1183,443,5.779,387100
27,3931,1877,851,3.9722,354100
49,1340,660,284,4.163,393800
38,1946,975,417,4.0726,385400
42,1159,465,247,3.1842,352800
35,3675,1930,715,3.9833,342800
45,507,305,139,2.6159,272900
45,1685,815,314,4.2955,309700
36,1727,952,337,4.7917,316000
45,1792,829,318,4.9013,330100
40,1351,701,297,3.32,292900
37,1437,979,331,4,273700
31,2197,1193,394,4.6371,271100
36,1973,1169,370,5.033,270900
37,1962,1267,382,4.7344,271800
36,2406,1189,403,4.7917,276100
34,1693,846,291,5.3683,339400
36,1379,750,227,5.5381,282000
36,805,445,139,5.8221,289400
35,1873,945,333,5.5184,274800
12,6474,2516,1390,5.0353,305800
17,4576,1941,807,5.9572,443800
17,1321,683,408,4.7045,500001
16,4789,1840,763,6.7474,338200
16,2118,770,318,7.2477,376000
15,1958,811,284,8.1221,483300
17,4199,2020,630,6.1228,375700
17,3211,1553,812,4.9434,292100
5,4921,1810,1073,5.6936,322200
13,1422,395,195,5.3247,327800
5,3264,1607,453,9.1415,500001
5,1649,779,376,6.9635,417300
5,2140,990,394,6.035,438800
16,3913,1752,557,7.3644,419700
15,2126,905,306,8.9083,500001
23,7283,3399,1298,5.6683,391000
23,7995,3484,1198,6.5948,404000
19,7976,3437,1338,5.6396,430300
27,3789,2243,866,4.39,270100
24,5114,3169,1268,3.9699,293200
43,2268,1151,449,4.9091,293200
37,991,463,177,5.1701,294200
39,1459,761,291,5.0081,298100
41,1743,811,349,4.9464,282400
35,2043,1089,504,3.0278,310600
15,5417,2593,1098,4.8047,438000
34,1980,970,391,5.1207,310900
43,1145,586,254,3.5,267400
25,3710,2068,958,3.5445,286700
33,4104,1837,771,5.3506,388100
27,2958,1285,577,4.0801,397800
29,1526,724,315,4.0313,435200
38,2197,1228,373,5.4719,397900
38,3767,1455,615,6.8787,386800
38,2769,994,395,5.5902,417000
35,2789,1156,404,5.4322,391000
32,2297,871,342,8.1039,382200
24,2328,969,354,7.7364,435800
26,4042,1611,578,8.4693,419200
22,14034,6266,2952,4.3939,491200
35,1051,517,234,3.7,339700
36,1406,598,237,5.8964,414800
35,3040,1374,518,6.1004,426400
34,483,291,157,3.0833,256300
46,672,351,136,5.3264,258100
45,989,504,180,4.8382,289400
44,348,154,73,4.7708,253800
39,3996,1744,761,4.5075,364900
29,3703,1611,1025,2.7075,323800
24,2307,842,507,3.6111,341500
52,878,393,186,3.7045,360500
45,1812,752,329,4.95,345000
43,2607,1225,461,4.224,349600
40,2709,1156,510,4.6366,395500
44,4420,1790,735,6.142,394700
44,6983,2818,1115,5.6271,374800
33,4719,1980,757,6.1064,405000
33,6499,2694,957,7.4787,431300
25,7335,2626,1049,6.5475,500001
29,4148,1638,627,6.912,457200
26,3542,1392,524,8.5184,500001
34,4453,1805,672,5.6038,451300
15,5480,2009,831,7.4678,500001
44,3022,1235,477,6.7058,495900
26,5067,1996,728,7.0001,500001
44,863,281,99,6.8879,500001
41,1183,455,171,5.1071,314100
37,3507,1663,608,5.0863,440300
40,1504,689,287,6.1244,308800
38,645,265,103,5.4688,305000
35,3183,1313,487,5.9062,383200
45,2743,974,400,7.1621,500001
45,4126,1722,668,4.8966,362100
40,4459,2080,982,3.5322,361900
47,2423,1010,407,6.2154,362700
30,2956,1191,594,3.7463,427600
38,4105,2561,909,3.8684,265600
39,1535,1204,370,2.8482,247200
11,840,1338,345,2.3333,241700
24,2528,2437,861,2.2746,225000
47,2570,3107,724,2.8058,229500
34,1541,1564,558,2.56,250000
19,322,191,102,2.5833,500001
3,6164,2198,975,6.7413,435900
16,4428,1677,623,7.6864,422500
4,5233,1690,907,6.2007,311800
14,1472,876,292,4.3594,366000
18,2962,1639,851,2.7399,87500
35,7067,5380,1597,4.1776,265300
20,505,326,216,2.9286,237500
37,1326,1771,335,3.0147,218100
32,640,991,160,1.9844,270000
41,733,652,140,5.1654,233600
30,1170,610,243,3.4427,263500
45,886,492,173,4.2708,267000
38,1300,608,292,4.5568,286900
44,1371,589,301,4.8068,312300
44,1927,846,362,4.2083,278200
37,1053,939,267,3.1989,320800
37,1403,1587,331,2.8258,232800
33,1266,1991,334,2.92,202800
26,1777,1966,497,3.0472,211000
43,733,497,175,3.2708,255300
23,7740,4124,1743,3.3268,322800
35,367,398,109,2.5,166700
28,5956,3571,1549,3.1864,272800
33,3108,1895,717,3.3015,267700
39,5264,3057,1265,3.623,276600
38,1578,879,388,2.7969,298400
35,2283,1148,436,4.5556,318600
36,2021,1117,432,3.929,303100
33,2643,1015,427,4.2232,363700
26,4670,2103,933,4.4167,333800
33,6841,2681,980,7.1088,443300
36,4686,2254,845,6.1043,343500
17,2742,986,421,5.9285,496000
36,6090,3081,1075,5.6629,343600
37,2586,1208,502,4.3214,342700
34,4177,1586,660,5.0457,395100
29,1617,758,246,7.7932,469900
13,2888,1182,504,6.0255,409300
40,1723,976,209,9.8892,500001
31,2328,722,247,15.0001,500001
32,4281,1318,484,15.0001,500001
48,2560,921,301,10.8758,500001
40,1777,577,207,15.0001,500001
40,2529,831,258,15.0001,500001
40,2959,985,365,9.9025,500001
37,2848,852,327,13.367,500001
44,2581,1006,414,5.397,341700
39,2427,1178,408,5.9629,352700
33,3687,3091,852,2.6506,162600
36,2238,1949,457,2.3769,157300
46,30,13,5,15.0001,500001
36,1210,981,239,4.0039,148900
36,2081,1931,373,3.7917,160600
36,880,795,188,3.8194,159400
25,1630,1546,371,5.0893,173400
37,1576,1385,323,2.5294,159400
35,1321,1133,287,3.7312,159600
38,1276,955,287,2.0096,155700
31,2247,1711,511,3.2642,185600
30,1480,1126,301,4.983,166700
37,3373,2909,705,2.8868,156600
37,1844,1634,417,2.7993,145500
38,1560,1331,316,3.0521,151500
30,4198,2678,1147,3.6712,308600
27,5580,4165,1763,2.4375,189000
39,1295,566,242,5.6407,326400
42,1995,794,374,5.6234,379600
45,2068,844,366,6.227,417800
50,196,76,42,7.6129,412500
32,2663,1403,733,4.2667,410200
47,2312,1044,282,9.459,500001
34,5419,2002,1138,4.1985,500001
33,1828,766,378,4.4531,500001
35,1025,388,232,5.1995,500001
43,2061,817,385,4.4688,460200
37,5257,2128,1264,4,394300
18,1636,853,439,5.1032,464600
44,2237,948,346,8.2436,500001
38,3383,1203,465,9.3198,500001
39,4402,1616,631,8.9955,500001
38,3626,1350,532,7.3681,500001
35,1140,486,199,4.6908,500001
40,2223,1050,417,5.2421,444500
39,2392,937,406,6.6136,472800
22,3294,1337,655,5.2391,500001
33,1606,727,271,8.6963,500001
23,5741,1843,888,5.7211,500001
16,1945,512,300,7.4542,500001
47,932,295,116,8.4375,500001
20,975,324,146,9.7796,500001
28,564,191,79,11.9666,500001
37,1296,540,192,8.2782,500001
30,2612,980,324,10.0481,500001
28,4518,1489,559,11.3176,500001
17,3095,1173,424,13.2986,500001
34,1476,613,223,8.2883,500001
26,440,322,218,5.1831,350000
34,1559,600,242,8.7382,500001
32,2297,814,283,15.0001,500001
34,2999,927,369,10.2811,500001
41,830,353,153,6.3824,500001
36,2410,934,377,7.652,500001
33,1601,629,215,15.0001,500001
33,370,153,53,10.6514,500001
28,1103,415,154,7.8633,500001
30,6373,2149,798,10.6868,500001
23,949,399,149,5.6286,411300
18,2297,1086,381,4.875,334600
25,950,404,195,3.1937,319200
22,1564,761,270,4.7578,318500
15,4974,2222,774,6.7606,364300
16,7077,3502,1148,5.9919,345100
19,4768,2199,805,6.1896,331100
15,3456,1527,535,6.3256,368000
17,1574,672,241,7.2929,355800
11,749,355,124,8.2364,371800
21,1209,801,259,4.5625,500000
17,11999,5467,1989,4.8405,354300
21,1799,576,277,7.439,500001
33,1054,400,161,7.7773,456300
52,573,232,92,6.2263,500001
37,2607,1346,507,5.3951,277700
30,2762,1581,502,5.1002,319400
52,1746,941,220,3.3047,286100
24,5652,2312,1294,2.4717,295300
9,1830,1515,220,4.2109,450000
24,2746,1076,380,5.8635,348700
26,3578,1504,618,4.1375,395000
28,1080,524,251,1.8432,327300
28,1985,1092,548,2.4701,290900
6,2864,1404,603,5.5073,263800
21,2377,1007,328,7.9248,500001
26,3563,1479,575,5.9522,438400
23,2077,705,256,6.4744,500001
38,1729,801,395,3.1364,357500
35,2703,1383,631,4.5278,340400
26,4257,1861,950,3.4047,294500
30,2491,1091,576,2.5139,279500
27,984,777,313,2.5694,275000
46,1332,746,310,3.6719,357400
36,1156,521,304,2.6014,320600
33,1028,753,356,2.3454,243800
18,1170,681,346,2.1974,255000
31,1643,1253,499,3.1563,267000
47,1572,790,384,2.6429,279200
50,3265,1256,443,6.3997,500001
52,1837,711,355,4.1316,443000
37,1462,678,322,5.1545,418400
48,2408,1005,497,3.5213,458600
39,1486,758,409,2.6875,320600
52,977,412,272,2.125,300000
32,3725,1304,527,7.7261,500001
34,3262,1265,502,5.8411,381800
35,2183,988,351,5.5922,384400
41,2220,927,355,5.3184,376000
43,1781,663,358,4.7,293800
39,1489,700,268,3.8819,289900
48,2114,973,367,4.8021,351100
44,2261,763,294,6.7449,415600
27,1251,503,283,2.8,353000
29,2526,1092,409,6.0597,383100
41,1989,666,269,6.8406,500001
44,2440,1011,442,4.149,443600
35,1402,654,385,2.6205,318800
43,1257,671,263,2.875,280600
37,2801,1150,476,5.8311,387700
23,2600,917,374,8.7394,500001
35,2700,1995,383,4.9757,500001
26,2790,1014,397,6.5631,500001
27,5509,2591,979,3.8456,500001
32,3202,1316,538,5.2888,463800
30,1273,1082,325,2.5104,228100
33,1961,1693,445,2.9896,236000
49,1785,1267,380,3.5208,251200
28,1814,849,420,3.1625,364300
38,1452,1139,340,2.707,236800
39,1467,1404,374,2.3681,241400
37,1673,1477,446,2.0643,246700
23,1333,1369,381,2.5947,232600
52,1364,804,400,2.375,293800
52,329,291,102,1.4722,350000
41,725,582,214,3.1667,362500
17,1826,1325,532,1.2762,253600
52,302,392,114,2.5978,258300
52,1838,851,576,1.4851,237500
49,1560,1041,411,2.925,246900
39,1172,606,316,2.16,259100
50,840,488,270,2.2097,258300
43,1802,1490,538,2.675,247900
52,1526,1633,449,2.2069,226500
37,1635,1027,408,3.5905,264700
31,1524,1257,398,2.6019,250000
49,1610,961,351,2.6983,260100
52,1759,980,402,4.0125,261000
52,1411,1091,306,4.1062,252900
23,2068,1898,570,2.5506,230800
31,1034,997,308,2.6538,231800
20,1648,905,307,4.375,335200
34,1706,628,243,4.1842,364000
35,1604,904,337,4.7411,336400
36,1846,748,329,4.2283,326800
25,1858,865,460,3.0938,312500
35,871,354,154,4.3214,341800
27,3782,1742,751,4.0451,395100
18,1225,694,306,3.6823,255000
19,1215,1349,423,2.6607,226500
19,2086,1701,530,2.8042,236100
39,1383,677,362,2.25,281300
44,1208,603,297,2.6103,500000
23,2982,1317,787,3.3776,283200
26,3119,1459,562,5.0434,340400
31,1997,826,301,6.8927,500001
27,1448,978,338,2.303,261000
23,1364,638,238,5.3279,413900
25,2024,907,335,5.4127,392800
35,1853,878,338,4.9044,335300
30,2365,1053,409,5.5959,346200
29,1769,703,269,4.4375,350000
26,1648,954,405,3.2895,335000
34,1664,705,257,5,329400
32,1479,830,288,5.345,322600
42,1765,753,260,8.5608,500001
34,3045,1002,488,5.623,500001
29,3865,1266,613,6.0069,500001
32,1872,749,296,4.625,500001
33,3597,1207,479,5.3963,500001
37,3188,984,376,9.4522,500001
16,2665,794,311,9.0267,500001
8,1705,886,391,3.9659,297400
20,4489,2867,765,4.806,279700
24,3422,1763,601,5.2039,301300
15,1112,411,245,2.0625,314300
23,1414,889,345,2.6397,250000
32,1921,951,334,3.233,346000
20,1834,1305,417,3.2125,251000
22,2323,1301,478,2.7864,300000
14,1671,1079,365,3.1389,248700
28,3506,1362,483,6.091,500001
17,1951,681,350,2.7275,500001
22,2512,919,341,5.759,425000
28,2718,1066,442,4.2059,500001
35,622,278,139,3.6969,335000
39,308,59,21,11.7794,500001
17,4617,2303,923,3.9224,230600
35,2469,1168,427,2.4583,62100
17,2074,1035,359,3.7958,400000
14,1289,693,237,3.2569,230800
25,1337,671,225,3.1912,226400
14,2647,1487,488,4.4519,227900
15,2958,1348,617,3.8582,215200
11,2137,916,338,5.5221,394900
10,2426,966,419,5.5106,290900
22,2136,1143,409,2.9479,243100
17,921,434,219,3.0185,500001
9,2536,832,385,2.5743,309800
24,1601,731,285,4.2026,259800
13,3942,1542,515,6.6054,500001
18,1348,631,247,5.3154,289400
18,2375,1048,369,4.2222,375000
11,3478,1693,582,4.6554,272300
18,2708,988,359,5.5194,367000
16,2943,959,359,6.2094,440000
11,586,317,74,2.8906,84400
24,1874,820,315,5.1909,390200
30,2992,1288,465,3.9375,292900
12,3189,1200,442,5.299,226800
16,712,355,162,2.56,150000
20,3842,2490,662,3.0559,120100
15,2143,929,315,5.7306,269700
9,3124,1169,407,6.7694,275100
4,1533,545,191,7.5696,328700
13,2312,1084,388,5.038,194000
23,3415,1492,633,2.2791,114800
11,1633,504,327,2.0508,275000
26,2384,1323,400,4.8185,157900
15,978,407,182,4.375,158000
17,3172,1538,473,4.3125,168100
17,1932,874,312,3.8203,141500
17,2649,1057,362,4.7813,326800
24,2590,1093,338,3.9375,341200
4,6986,2801,1212,3.2135,212700
27,2019,1029,346,3.5391,144700
30,2388,1117,375,4.1058,164000
8,3119,1159,544,3.5288,165500
24,2020,855,283,5.0099,162500
30,1979,999,320,5.0286,158000
28,2862,1384,463,4.6694,158200
22,2580,1149,372,5.0113,158600
18,2505,1162,382,4.8359,195700
21,2131,1094,353,4.6648,193000
26,1699,799,266,3.9871,157700
4,3680,1678,569,5.0639,201700
10,2197,1064,319,4.9766,199600
32,1997,866,281,5.062,158900
15,1534,761,240,4.9028,193600
52,1391,632,276,1.7431,131500
33,3404,1579,639,3.1078,146700
50,1966,985,403,2.3506,136100
43,2020,692,310,3.6815,181800
32,2844,1337,516,2.7188,133700
4,2866,1311,578,2.8649,186500
10,2980,1593,562,3.285,218300
21,2725,1466,488,3.6639,128600
28,1433,1001,278,4.0125,130100
20,1678,840,316,4.4342,160700
24,2739,1171,413,4.8155,162900
24,1799,1416,408,2.0673,136900
31,3518,1386,572,3.6212,151400
19,2298,1246,513,2.212,132000
19,2350,1291,515,1.0349,130800
18,1932,1071,346,4.125,139800
16,2299,1245,395,4.2125,148300
14,2069,1240,338,4.5066,149800
9,2813,1144,490,4.0431,226800
21,1774,724,237,4.65,152500
9,2712,1116,415,4.5536,190100
8,1885,835,290,5.0206,261000
6,5762,2551,919,3.0723,137300
22,1619,1509,384,1.7941,110300
26,1705,1605,307,3.7589,113700
25,1920,1434,388,3.0368,129300
10,1897,1353,357,3.7679,131300
29,2374,1617,463,2.6531,108300
30,1685,1290,368,3.4722,112500
21,2121,2211,463,4.0603,117600
11,1299,1158,223,2.5556,129200
39,1228,851,341,1.899,113300
34,1248,986,272,2.9167,104200
26,1949,1575,377,2.875,121400
32,1574,1772,463,1.8625,90200
24,2481,1101,474,3.1576,147200
17,1368,642,303,1.8633,109400
15,868,1133,253,2.0995,87500
16,2098,1252,492,2.1509,67500
38,3004,2601,747,2.2743,106400
10,2207,2232,543,2.375,98500
29,1877,1634,492,1.6875,122700
7,1479,1057,459,2.2538,162500
26,1058,891,243,3.6422,120600
24,1702,1240,417,2.4091,115500
23,1353,1322,336,1.8185,97800
27,1401,1306,286,2.5809,83200
38,1145,1107,296,2.1776,89100
5,2090,1911,482,2.4318,86100
44,711,384,116,2.1094,73800
29,17738,12427,2826,2.7377,28300
26,3069,1524,539,4.3162,136400
11,562,504,147,2.0161,118800
22,1298,1272,363,1.6488,117500
26,2364,1520,529,1.9444,129400
8,2482,1427,540,3.071,120400
31,1438,816,270,2.4583,128100
16,686,614,200,0.8106,83300
8,787,446,133,4.6023,163400
30,2330,1255,449,3.8512,134600
27,2696,1322,543,3.0352,135400
40,1051,574,201,2.0865,111500
10,2143,1167,548,2.0819,103300
14,885,533,224,2.5966,109300
32,2193,1074,377,2.3333,130200
16,2549,1486,432,4.2875,150700
27,2253,1197,384,3.3203,134700
30,2265,1402,471,1.975,134000
27,2215,1544,527,1.9257,135300
21,1182,733,251,3.1442,131600
25,980,896,245,2,87500
48,1408,682,279,2.9271,146600
37,1697,740,272,2.3804,148000
16,1912,1009,417,3.4063,138000
17,1226,484,224,3.2167,112500
34,2571,1105,451,3.7778,150000
32,1840,828,333,4.5486,172400
22,3231,1739,581,4.5417,142400
7,3329,1462,452,4.7875,198300
5,2904,1302,618,3.0081,135200
4,3376,1684,535,4.9237,166600
40,2162,1010,332,2.5667,239300
4,1897,915,336,4.1563,172600
26,1933,1001,319,4.4628,134400
25,2445,983,363,4.9286,180100
23,2441,1392,434,3.7917,142200
15,2185,827,336,5.3765,223100
21,1868,522,255,6.4678,249300
17,2830,1035,416,4.9292,207200
24,2387,1051,382,4.4595,152700
21,2535,1012,368,5.6177,183800
18,1868,747,265,4.7946,290600
26,2353,1420,389,3.87,125800
33,2054,1067,358,3.6023,128300
6,2187,697,273,6.2685,307400
23,1450,1258,607,1.179,225000
25,2741,2272,624,2.2647,216700
14,2307,5723,615,2.1652,37500
14,2472,1292,621,3.3026,229500
16,1734,962,391,4.4777,282500
16,2206,1227,554,3.75,223100
22,2367,1333,488,3.6304,312200
24,2001,1170,330,6.0992,268800
24,2168,934,366,5.4197,280900
28,977,537,159,4.2404,274300
26,4424,1839,601,6.3654,331200
28,1765,1173,297,6.0256,276800
26,4382,1728,587,7.4734,432200
22,3488,1479,458,7.1687,384400
23,1915,724,267,6.2987,348200
27,4724,2394,738,5.5954,261400
25,2786,1669,462,5.5184,268300
25,3160,1514,523,5.0767,271200
17,2143,1073,330,6.0321,402600
21,1241,746,211,3.8056,425000
28,1062,1058,305,1.5071,316700
24,1576,1630,531,1.24,325000
26,1626,1580,359,2.1471,187500
24,3678,1554,570,6.5173,334000
23,3172,1467,559,4.6806,288900
24,3592,1683,528,6.7247,333800
26,1739,599,368,3.0875,198400
22,2239,1016,434,4.875,295400
14,961,662,286,3.2115,206300
15,1482,669,379,3.0773,112500
16,1414,793,439,3.6034,150000
28,1992,1622,509,2.7689,228200
35,796,567,257,2.1389,260000
31,798,699,301,2.1417,205000
22,2552,1066,424,5.1271,342500
28,3318,1604,404,9.7821,500001
20,3104,1061,380,9.6885,500001
27,2674,1176,416,5.0294,280200
27,3143,1760,570,4.6957,271500
22,2845,1456,454,5.6604,276400
25,1479,977,309,4.1797,271800
28,2864,1364,482,4.835,353400
26,3611,2089,540,5.1615,276200
38,1141,1028,291,2.7333,182500
37,1525,1075,374,2.8971,186100
30,2453,1845,530,3.7396,210700
44,1668,1143,365,3.2083,181900
47,1007,581,240,2.9545,237500
52,1034,531,223,2.7411,227100
42,2082,1396,610,3.25,185300
50,1345,791,254,3.5966,245800
52,241,385,64,2.619,212500
35,357,377,99,3.0139,204200
42,2101,1212,526,3.6389,239200
52,2584,1087,433,4.4,391300
52,2009,841,338,5.5259,295800
52,2962,1215,506,4.7768,301100
44,1449,676,282,3.575,292200
44,2142,846,375,5.4273,421000
34,1809,863,302,4.3,330500
35,2189,1193,562,2.8042,240900
28,454,366,140,2.9853,187500
52,2562,973,398,4.8854,330600
52,2125,930,387,5.2831,299500
34,197,152,47,4.05,200000
52,2212,1195,532,2.894,209500
49,658,467,316,0.7068,200000
11,1283,718,345,4.226,166700
52,1009,929,210,2.5,162500
40,1547,1493,543,1.2887,212500
6,1495,1087,557,2.8798,225000
36,1904,3561,632,2.0972,187500
48,1562,1469,424,2.5673,177500
46,1197,898,370,2.1714,190600
20,1106,851,448,0.8894,350000
43,1423,1013,428,1.6708,204200
52,1390,921,352,2.1442,188900
42,2087,1342,423,4.2149,199000
49,1728,1146,391,3.5781,193000
47,2879,2229,606,3.2599,183100
43,1185,933,244,2.925,170800
44,2019,1243,518,2.0549,193800
43,1086,715,226,4.2381,193500
37,1566,1223,346,3.2793,174500
44,1267,1018,327,2.4196,194400
52,1704,1336,411,2.8167,183500
52,1170,604,207,2.6667,325900
52,1087,650,194,6.6345,309000
39,2479,1990,506,2.4306,289100
52,867,1264,227,2.6312,302900
27,3500,3019,955,2.9222,153700
46,1448,1094,331,2.4968,174100
52,1557,1580,434,2.3277,183700
29,5274,6234,1639,2.5947,177300
40,2277,1718,434,3.0089,185200
41,395,549,184,2.375,175000
35,3300,3120,1075,1.473,213600
37,3137,2048,651,3.0156,270300
45,1192,1084,345,2.8594,205900
42,1279,1254,340,2.2583,192500
34,1014,952,215,2.8864,172500
30,1242,1438,325,2.6607,169300
40,1331,1276,389,2.7546,172500
43,1105,982,206,2.1149,184900
41,977,865,253,3.2317,184800
52,1994,1014,389,4.3882,223600
52,2125,1014,443,5.8186,281100
48,1274,971,291,3.7738,220600
42,1067,608,280,3.0096,180800
16,2962,1555,795,2.5804,216300
52,1460,1165,455,2.5833,167500
37,818,576,261,2.1902,250000
46,2451,1163,448,4.8519,225800
51,2711,1607,724,3,184700
39,836,704,272,3.5256,192600
31,1902,1485,494,2.4207,165600
28,2089,1666,587,2.3633,198400
50,1135,500,207,4.2614,211300
5,2364,1102,502,5.2642,246400
30,1680,858,310,4.0474,280500
26,4348,2347,810,4.7275,293000
16,1111,317,199,2.7153,233300
26,2182,1638,704,2.8981,229800
34,876,424,163,5.2769,241100
26,3242,2100,741,3.1107,247900
16,2111,1285,499,5.0477,292500
29,1377,969,399,2.6573,252800
13,6035,2946,1481,4.0524,213900
14,6277,3025,1630,4.0653,234200
36,2088,772,347,4.2762,310100
35,1335,635,296,3.6053,345800
28,3104,1488,754,3.6429,332600
46,3052,1373,590,4.7287,340000
39,3627,1531,635,4.537,345900
43,828,446,145,4.4375,327600
31,2095,829,405,3.6563,344700
31,616,185,107,3.625,265000
40,1844,719,305,3.3682,235200
28,3085,1277,512,4.5795,262800
47,1604,639,278,5.8415,283300
52,2071,825,364,4.2414,284800
47,2986,1399,613,3.7455,247400
52,1456,582,277,5.036,296600
52,1575,629,284,5.6437,312000
42,1867,927,389,4.325,247000
44,2026,908,383,4.1406,274100
47,2355,961,428,5.3955,282300
46,2639,938,424,5.0662,331600
38,1568,710,339,2.7042,286600
26,1797,626,244,7.8575,424600
36,1389,623,223,6.6331,283300
34,943,378,139,5.1765,344600
36,945,371,158,5.6266,320500
35,2189,800,320,7.6659,426900
18,3597,1321,593,5.3077,351400
36,2241,989,442,3.9625,288200
32,1260,560,207,6.5858,346700
34,2422,1010,395,5.6494,376200
10,3163,1537,797,4.1674,214000
18,4356,1968,1245,3.6294,240000
27,2859,1144,430,5.0822,327500
30,2862,1387,542,5.1104,278100
23,1932,997,482,3.662,211900
39,1030,537,175,3.9265,236900
43,2104,1137,403,4.9236,238000
21,3843,1850,705,4.6758,264200
10,3611,1599,716,5.2,248700
34,1482,584,246,5.5121,264700
16,3942,1894,737,5.2894,332800
39,1103,446,163,2.8125,291300
33,1306,762,237,4.5208,230700
36,3874,1826,639,4.9662,258500
31,1944,975,334,4.9205,240500
27,3028,1284,498,4.5833,308800
33,3280,1583,559,4.5625,253500
35,1855,985,329,6.0196,255100
28,3428,1753,729,4.1033,281000
26,6201,2381,819,7.9819,397000
29,5536,2651,881,5.6358,282100
30,4412,2168,772,5.0062,232000
29,5650,2098,813,6.4285,337300
26,3756,1408,535,5.6427,320000
33,3410,1739,588,5.0714,255600
28,2714,1389,490,5.7385,240400
20,5483,2892,1057,4.6845,250000
28,4538,1996,667,5.4609,263600
20,4447,2062,660,6.8088,283300
25,4258,2290,743,5.1461,267200
32,3776,1790,612,5.4675,261100
32,3983,1989,794,3.5625,255200
23,2705,1180,442,6.0791,316500
26,1864,956,325,5.5,231700
25,3025,1755,661,3.8893,218600
13,1893,1018,464,3.8047,204700
13,1676,710,406,3.8936,225900
24,968,631,250,2.8636,240300
21,2080,1040,325,5.2887,264500
26,1741,1007,339,4.7069,234800
36,2959,1125,520,4.2614,268800
35,2418,988,374,6.0936,365400
34,4613,2050,725,5.3922,302900
33,2951,1288,521,4.1554,313100
32,4308,2002,695,4.1645,281900
27,2019,1020,351,5.8178,267400
24,4567,2102,695,5.6895,289000
25,3319,1560,502,5.8479,263300
28,1481,688,221,5.2088,240900
39,1839,1528,456,2.6818,184900
36,1471,1182,326,2.7031,175800
38,1787,2113,530,2.6386,177600
45,2213,1920,514,3.2806,164200
24,1939,1808,625,2.2259,112500
28,859,455,211,2.3293,215900
6,3797,2437,904,3.6802,152400
14,360,134,84,2.7411,112500
16,2692,1674,681,2.6763,191100
13,2519,2094,530,4.3621,173400
19,2228,2845,551,2.6,172800
14,5762,3979,1389,3.6953,192600
16,2987,4241,841,2.8024,127900
19,735,597,134,4.5208,188100
22,3015,2491,530,4.3419,176300
16,1866,1835,412,5.3363,212800
18,1892,974,553,2.3715,228000
21,3305,2459,701,3.9688,249600
14,6160,2472,1204,4.1444,178400
17,4208,1476,904,2.3971,87500
16,5684,4203,1318,3.1964,185800
19,6275,4312,1466,2.7768,178600
24,3403,2829,612,4.775,191900
4,2937,1780,665,4.3851,160400
18,2749,1779,561,3.925,166100
19,11181,7817,1853,5.6058,232700
17,1299,825,217,4.5,235800
15,5957,3838,997,6.2907,253100
17,2277,1887,422,5.7078,217000
33,2873,1946,475,5.0709,176400
10,1828,1356,409,4.5943,123500
20,1649,1729,362,3.3833,115200
33,1115,1168,261,3.9009,178600
19,2644,2317,780,3.1042,183100
31,1340,1336,270,4.2361,179500
20,2308,2223,456,4.2589,191000
16,2085,1705,391,5.0225,222800
17,1887,1906,597,2.5652,165300
22,2044,1925,429,3.7102,177500
15,1504,1267,291,5.5145,219400
14,2731,1109,551,3.1382,139700
15,1898,1527,381,4.4792,212500
26,2528,2677,512,4.1165,164900
10,2506,2634,622,3.135,231400
23,3279,2582,630,4.3782,175800
26,1125,943,214,4.825,181000
4,5532,3651,770,7.2982,343000
25,1642,1146,279,5.2088,231400
20,2686,1507,405,5.8068,263900
20,2018,1196,323,4.9318,262400
15,2781,1389,475,5.614,223300
21,1959,891,300,7.375,338400
18,1947,605,184,8.1871,500001
8,3088,1799,456,7.2707,355300
9,3160,1675,470,7.5443,348400
11,3195,1774,418,7.0671,378200
13,2978,1794,485,6.6813,277800
18,3611,2381,642,5.6345,231000
10,3283,2491,522,6.6633,283700
10,2829,1510,386,6.68,359500
20,2473,2228,501,5.6817,224200
23,1829,1277,324,4.8092,217400
14,4412,2698,891,4.7027,227600
6,2850,2160,581,5.5336,241900
20,3034,1669,430,6.2742,241300
5,4153,2435,697,5.6306,286200
14,1870,1214,347,4.9769,186500
15,1794,1533,371,5.7843,209900
15,1807,1277,341,4.5045,164500
16,906,605,148,4.8173,235600
15,1929,1683,347,5.5248,235600
21,2630,1789,389,5.0543,232000
22,2199,1270,386,5.1149,235700
25,2093,983,338,6.4664,271500
10,5469,3083,906,5.9399,241900
17,660,431,123,4.9097,241000
12,1961,985,269,6.7159,362700
7,1973,1047,303,6.234,292200
16,1649,769,230,6.6455,302600
15,2267,1150,327,7.1267,277900
6,3526,1378,491,6.1463,335500
23,1801,548,393,2.5052,133700
6,7292,2468,1262,5.6411,294700
15,1486,455,296,4.3365,221000
33,1019,938,215,4.0929,165000
28,1535,1937,317,4.1146,160100
26,1934,2059,416,3.6765,163600
21,4559,5124,1124,3.2052,179000
24,2298,2409,569,3.4509,182400
23,7609,6034,1414,4.8424,195300
28,3477,2990,648,4.4671,172600
29,2396,2000,481,4.375,185500
27,2358,1562,383,5.2297,192800
17,2529,1756,429,5.1017,240700
27,2512,3033,526,4.25,162900
27,3127,3257,604,4.6333,173600
21,6404,6047,1235,4.2098,193400
26,1848,1952,327,4.087,182500
34,938,769,226,3.5625,194500
35,2391,1886,595,2.5551,182100
43,1536,1256,357,2.8,153300
27,1481,1505,391,2.5769,137500
22,2914,2962,762,2.2031,164000
29,3515,3572,776,2.7562,160100
20,3375,4610,860,2.6894,182200
15,8162,8793,2086,3.3306,210300
15,3315,2749,1059,2.3199,140100
15,3148,3556,1037,3.0466,159600
18,1525,1705,448,3.7198,128600
11,2109,2744,607,4.0452,205900
31,1602,1179,354,4.4896,156800
34,762,611,193,3.5625,201800
12,12980,8190,2515,5.2415,286500
31,5524,2848,879,5.5592,229900
15,4430,3278,1018,4.5533,209900
33,835,781,169,5.1082,195800
31,3633,2677,797,3.2222,184800
43,821,370,135,4.25,209100
43,1461,800,258,3.2279,182400
42,1237,900,241,3.8571,187500
28,1579,1252,353,4.1615,214800
40,802,445,143,4.0446,196300
29,4045,3036,845,3.1982,171700
22,3936,3508,877,4.2312,183800
31,2914,3547,645,3.7143,178600
41,1558,970,304,4.4167,215200
26,2987,1931,518,5.1099,213100
33,1624,1412,323,4.0385,167600
34,1834,1450,347,3.7188,161500
42,2913,1873,580,3.7214,167900
34,2218,827,299,7.4559,456500
37,4137,1569,578,6.1008,286200
32,3747,1687,649,5.4949,330800
29,570,244,72,12.3292,416700
32,1650,768,263,6.8462,320900
24,962,492,155,7.2861,328000
22,3650,1637,520,5.3774,325600
20,3189,1234,389,7.5813,374100
9,2522,1591,481,4.9091,259700
16,2655,1862,448,6.057,246800
16,1050,722,228,4.5187,163500
16,3275,1863,527,5.5429,269100
13,3334,2240,561,7.105,273900
17,3719,2089,561,6.7867,273700
16,1767,1061,280,6.9584,351600
19,4043,2196,708,6.1504,268400
16,1334,1103,415,3.7153,229800
17,1777,1235,329,5.4225,258100
15,8748,4784,1524,5.8322,276600
13,3752,1581,526,6.1091,329400
25,2496,1034,367,7.0544,320700
25,1866,840,275,6.8677,288500
27,1145,492,160,5.716,348300
16,2998,1606,615,3.7622,150000
42,42,26,14,1.7361,500001
20,78,120,69,1.0938,187500
14,6016,3258,1316,3.5745,333700
14,3851,2052,478,7.0735,335600
15,2052,1380,409,5.8686,181100
2,1136,535,257,4.375,425000
9,6751,4240,1438,5.34,257400
3,4778,2522,990,5.7695,271400
3,4430,2559,801,6.0959,272700
16,2391,1419,373,5.8721,267800
21,1386,946,257,6.5226,258500
25,1837,1006,271,6.6842,265300
23,1793,1145,310,5.5968,243200
16,2938,1718,568,5.5073,178900
17,2156,1400,393,5.6096,199100
16,1603,1080,296,6.1256,266900
16,1489,945,263,7.3861,267000
16,2411,1671,442,6.5004,263600
12,4228,2594,732,6.6086,299400
4,1646,853,410,5.0821,265500
9,957,532,142,8.6675,441000
8,2534,1527,364,7.8532,422800
17,3469,2762,808,3.3884,245800
31,2573,1898,475,5.6651,204100
22,3805,2118,621,6.2892,254200
8,426,241,55,7.309,367900
19,12128,6810,2040,6.4419,264500
24,3308,1891,544,5.6683,248700
23,3224,2183,655,4.3807,226900
20,5032,2695,801,6.6227,264800
25,4430,2685,721,5.6965,261100
17,1621,1028,293,5.2722,186900
20,1351,1427,394,4.4712,144000
26,1471,1089,320,5.3057,226400
23,1310,910,261,5.3994,237900
5,1519,705,186,10.3798,500001
5,1819,802,228,10.9722,500001
15,2428,1687,519,4.75,254400
14,2073,1107,330,6.7093,311200
43,91,58,16,15.0001,500001
29,2385,1788,510,3.8421,220700
26,2762,1716,459,5.6062,226800
18,4900,2984,758,6.6176,276200
16,2952,1525,460,5.6063,320500
19,1684,1224,376,4.1389,174100
24,4759,3188,902,5.6344,228700
26,40,52,7,7.7197,225000
10,3937,2032,1002,3.2617,252200
26,1669,951,278,4.7794,225800
19,2174,1645,484,5.0362,255100
24,1212,799,242,5.0808,212500
33,2791,1714,485,4.8304,224900
21,4599,2756,943,2.9817,225000
18,2514,2205,545,3.3859,158000
17,127,219,22,4.5179,112500
24,3217,1196,684,3.4896,226700
35,1845,1343,317,5.3912,235300
25,3495,2484,797,4.8145,230700
33,2015,1285,419,4.0655,226800
14,4841,813,517,3.7614,137500
17,5121,1470,968,2.9706,81300
17,4324,1656,885,3.6619,232400
35,1542,1164,318,5.9145,236900
24,1297,441,282,3.1439,47500
33,2154,1655,434,5.7962,229800
17,3208,2286,602,5.2937,238000
17,2937,1662,533,5.8792,255500
20,1032,658,238,4.5062,219300
24,5230,3795,970,5.4228,264100
22,765,390,176,3.1812,87500
13,2164,1087,411,4.7625,137500
16,3936,1910,769,4.7049,112500
34,148,132,13,3.375,67500
42,3224,1940,674,3.2153,199700
42,198,158,32,3.1563,137500
39,446,317,127,3.0357,208300
27,3236,2230,798,3.5625,208600
25,3472,2267,944,2.7727,235600
36,1823,1589,387,3.1065,234100
48,2068,946,452,3.0375,218500
36,1651,1062,331,4.575,215400
32,1199,814,238,4.6719,252100
35,995,615,199,5.0942,217500
27,1797,1610,531,4.2422,237500
24,4841,2656,920,6.0573,254500
34,884,534,154,6.0116,271200
35,1880,926,321,4.2273,269900
16,5040,3150,1196,4.2837,264500
33,2581,1598,628,3.5199,261400
36,815,353,122,6.3191,258300
36,765,306,136,4.575,247600
34,1735,1019,301,4.5625,242700
33,1582,809,267,5.7059,287200
35,1293,701,216,7.8543,281900
35,1440,743,259,5.0866,254600
32,1754,917,330,4.6761,298300
33,2321,1230,451,4.9091,270300
33,2677,1469,633,3.2048,261800
33,2545,1287,458,5.5,282200
41,1150,729,260,3.5491,261100
18,1712,972,467,4.3971,238900
16,3249,1637,841,4.5427,198400
25,1527,707,339,4.375,212200
36,1054,546,187,4.5625,240000
30,1955,999,386,4.6328,287100
33,3570,1922,761,4.9562,238700
18,6649,3604,1651,4.5368,307400
26,3637,2249,905,3.9625,262900
37,1755,699,321,3.925,251300
33,3162,1553,686,3.6682,266100
35,1249,556,247,3.925,287100
32,1484,673,272,5.2019,279900
36,832,545,211,3.2813,244400
52,906,1662,219,3.1667,231600
18,1922,1096,545,2.3713,244000
48,1246,697,284,3.6118,235500
42,1421,659,303,3.3333,237900
52,2382,1096,492,4.2656,236100
42,2174,1304,464,3.1429,286500
29,3377,1674,792,3.4233,229300
41,2151,1092,469,3.7321,250000
36,1893,797,360,3.6818,257600
37,1822,845,348,4.75,251100
36,3142,1372,560,5.0175,246100
25,5236,2529,1213,3.1702,256100
31,1866,821,447,2.3547,275900
36,1683,740,324,4.7604,294700
26,3269,1427,696,4.2136,288300
35,2294,1054,449,4.0667,276900
42,2001,942,375,4.4453,255400
36,844,373,160,5.791,254100
18,4438,1901,895,5.3873,288300
34,1461,739,276,3.4375,252600
37,663,293,132,3.7813,247800
30,2645,1506,480,6.3716,330500
30,3742,1721,631,6.1388,302400
27,3353,1571,621,5.273,315600
21,8275,3636,1524,5.1506,302100
25,3223,1529,602,5.121,287600
35,1907,912,313,5.9567,294300
35,1802,841,315,4.8365,313900
33,2023,1016,405,3.9417,285800
28,3840,1883,662,6.4095,335900
28,4863,2110,868,5.1483,342000
28,5096,2588,954,5.357,355200
17,9789,4748,2206,4.2531,279800
20,4461,2042,808,4.7083,217700
32,2248,1191,419,5.606,288900
34,2034,1016,375,5.8127,288300
26,3285,1443,530,5.7833,339600
19,4620,2672,1308,3.699,237500
11,1711,1094,543,3.73,227700
39,1164,619,231,4.6304,263200
20,1145,431,173,3.1103,281900
27,4140,2135,893,3.6292,264600
26,4310,1819,686,7.0469,365500
31,3890,1898,717,5.2534,290900
21,7628,3637,1749,3.6401,267500
25,5775,3580,1138,3.9187,314900
25,5463,2758,1310,3.0079,277300
33,726,351,147,3.1458,270500
30,4238,1914,972,3.7632,307000
27,2462,1278,565,3.5652,329500
30,1758,814,256,6.623,332500
21,4193,2487,1011,3.7188,293000
25,1455,734,331,3.2727,262500
25,5641,3786,1410,3.3958,267500
20,4228,2334,1007,4.3081,227300
22,2593,1249,623,3.75,212500
20,710,363,176,4.0962,214100
17,1330,408,258,1.7171,181300
52,777,362,144,4.0208,262500
9,1503,715,349,4.6371,234300
30,3734,1834,824,3.4505,260000
19,7027,3759,1753,3.1509,242900
30,3404,1794,633,4.6312,283200
33,2120,907,336,7.5443,283000
31,2750,1459,660,3.2287,264900
33,1940,877,314,5.4386,280400
25,4707,1995,642,6.6437,296100
27,2427,1301,438,5.0385,277300
26,1182,620,306,3.3922,269100
28,3688,1877,620,5.7251,272600
27,3526,1725,553,5.7812,275000
27,2937,1454,511,5.4051,273500
32,2930,1336,481,6.4631,344100
23,4040,2181,843,4.0403,303400
31,3340,1891,686,4.8542,275000
24,1240,690,276,5,283000
25,4096,2027,741,5.3294,300300
29,2721,1602,646,3.337,265300
17,1527,775,260,5.9658,278000
25,3075,1633,543,5.2528,269400
29,2658,1318,498,5.3561,298900
28,5018,2846,998,4.0174,273900
22,6114,2983,1163,5.2533,269100
31,3347,1566,597,5.5151,286800
19,2174,998,426,4.6827,255100
22,1408,636,294,1.8542,333300
30,3298,1532,602,5.0863,332000
37,3109,1566,544,6.0235,413500
32,1382,705,251,6.0957,405400
26,3032,1208,562,5.4683,430900
35,1018,484,174,6.1648,371900
34,2906,1282,522,5.5127,268200
36,1089,535,170,4.69,252600
21,1354,639,273,4.5333,234200
34,2231,1035,365,4.7917,243200
32,1555,779,284,6.0358,260100
35,1484,664,238,4.675,245300
24,5046,2449,968,4.7118,274600
30,2327,1114,372,4.7279,272000
26,6777,3319,1061,6.3663,279400
19,1741,632,279,5.5944,290500
26,2561,1165,393,7.3522,363800
26,2574,1096,428,6.0738,335900
27,1265,660,232,5.3911,281200
22,2614,1240,462,6.0712,271800
27,4866,1956,659,7.3843,405000
21,4872,1811,560,9.3834,500001
36,4423,1719,608,7.8407,476400
22,2781,1291,516,4.6065,445900
46,10088,3728,1781,5.2321,500001
35,4709,1866,694,8.492,500001
20,2345,890,276,10.0187,500001
35,2553,1117,498,4.4063,436100
33,3585,1511,835,3.1176,396300
36,3191,1234,440,9.0704,500001
19,1858,790,347,4.5156,339300
32,2892,1193,492,6.131,367800
27,2331,1178,447,4.6654,340700
21,1214,500,185,7.598,347800
17,4034,1158,560,8.2069,442500
19,755,267,99,15,500001
25,1743,604,200,10.7582,500001
21,2775,856,350,7.9135,496400
22,4240,1480,514,11.2463,500001
35,3574,1325,476,8.5425,500001
33,1664,759,272,5.7876,415800
27,3340,1220,447,8.8178,500001
24,2411,847,299,10.2666,500001
34,1764,692,223,8.0331,500001
31,1574,551,191,10.2311,500001
29,2718,982,339,7.9234,500001
14,2561,1172,378,7.6107,500001
34,2892,903,365,7.8711,500001
24,1521,539,192,11.1557,500001
28,2796,1085,363,10.6834,500001
22,3118,1147,425,10.3653,500001
18,2550,999,320,8.7939,500001
25,3845,1461,475,10.3979,500001
31,3136,1190,412,7.5,500001
22,2038,773,281,9.1569,500001
35,3133,1449,555,5.7295,346100
33,2170,854,303,8.3605,500001
32,2782,1092,455,5.4103,335900
32,4350,1551,609,7.8279,500001
29,3752,1320,471,9.8937,500001
25,3437,1198,411,9.3464,500001
28,3825,1415,480,10.675,500001
16,1612,567,208,10.5793,500001
19,3625,1252,409,12.2145,500001
25,4460,1608,561,10.7958,500001
24,4973,1692,696,7.8627,500001
29,1945,826,275,8.248,498800
30,3033,1440,507,6.2182,380800
25,4601,2003,666,8.0727,455500
25,4111,1585,568,9.2298,500001
11,5488,1947,641,10.7326,500001
13,2173,891,345,8.0158,420000
23,4507,2167,722,7.0102,500001
24,4401,1818,685,7.2986,500001
30,2268,1197,372,7.0813,485300
17,2560,959,400,7.8528,368900
20,4475,2271,1021,4.8836,396200
13,2057,790,436,5.0081,288300
21,2052,933,351,5.3167,416300
26,2690,1264,429,7.7643,474700
17,3674,1364,694,6.3131,436400
22,4011,2206,879,4.5721,351200
27,2826,1259,439,5.7528,431400
29,2476,1217,416,6.2045,393800
24,3388,1627,585,5.154,355100
26,1714,778,262,6.075,417000
25,2366,1076,398,6.9238,345900
25,2131,1132,395,5.3508,409100
25,3807,1678,600,6.6818,411300
25,4044,1699,533,8.0837,380600
23,6846,2951,1063,6.3702,332000
28,3811,1795,581,7.8383,372700
29,3429,1518,520,7.218,400700
19,2885,1520,784,3.375,275700
30,3007,1551,616,5.8521,326300
22,3583,1792,695,5.4842,335300
34,2629,1301,431,6.083,341400
35,2355,1248,378,5.9714,332500
26,1983,924,297,6.7123,354600
32,2134,903,322,6.359,341900
27,4336,2009,734,6.3923,348300
33,2563,1230,418,6.3197,340100
15,5132,2156,982,5.6511,404800
34,3450,1915,689,4.7402,244500
26,1391,700,236,6.6766,332700
32,3108,1577,603,4.6613,284000
33,4211,2389,861,4.7235,242200
25,3823,1689,571,7.3693,373600
23,4221,1782,641,7.4863,412300
16,1755,674,410,5.1602,231200
30,1036,467,156,6.448,360600
30,4033,1788,807,5.6932,338700
26,2785,1221,422,8.1078,365700
22,3219,1479,667,4.1473,354400
26,1992,980,342,6.2475,350000
28,2488,1190,410,5.7881,344700
25,5404,2338,883,6.0577,451800
25,3095,1251,507,5.5388,352100
33,2517,1158,443,5.0785,289500
20,4304,2059,835,5.1674,333000
27,1716,817,301,5.9158,343100
31,3344,1604,572,5.2108,351500
31,3080,1493,582,6.3052,344200
34,2494,1399,382,7.3753,388100
34,2515,1079,399,7.7865,423900
31,1443,627,222,6.6087,416500
20,3435,1293,553,6.7578,451400
28,3250,1328,473,7.4729,431600
28,3081,1260,461,7.5372,432600
16,1156,455,216,7.2779,292900
28,1582,696,270,5.678,370100
25,1994,704,283,7.7799,447300
17,1165,598,287,4.0129,342400
23,2590,1795,680,3.16,225000
19,3694,2496,986,3.6991,271500
35,1365,662,262,5.6533,291400
34,2400,1017,384,4.1369,316900
27,2621,1063,523,3.9848,409700
31,1795,872,282,8.0599,381800
35,2693,1343,455,6.0777,327500
32,2510,1160,581,4.9087,322700
23,5135,2351,863,5.2319,430100
28,2490,948,361,6.4913,411900
20,2016,767,310,6.837,383000
29,1733,679,278,7.5337,406800
26,3298,1241,472,6.8753,403000
27,3885,1537,606,6.6085,344700
16,2697,1369,723,4.4699,367400
17,2975,1465,577,5.8779,362200
18,1221,507,271,5.3679,228400
19,3811,1930,1153,3.5154,311400
16,3402,1479,1043,3.5861,500001
21,2471,1486,689,3.9038,243800
25,2074,1273,383,4.7609,378000
16,1105,499,324,4.2061,253600
24,1709,892,408,4.9671,335200
25,2796,1267,426,6.6329,349000
21,2483,1194,424,7.1273,346300
16,3716,1551,759,4.5,323600
19,2237,1158,426,6.7718,368300
17,2070,797,275,8.6155,411200
25,3534,1880,849,3.4238,337000
17,6012,3539,1625,3.8464,239400
9,2966,1430,740,3.0047,256000
41,2123,1032,435,4.6957,284800
30,1269,556,266,3.8125,325000
42,1125,616,258,3.6765,252800
33,2757,1201,481,5.0453,311600
38,2850,1518,514,4.2028,273600
21,2667,1433,727,3.8732,252400
43,1261,836,333,4.0911,224600
32,726,538,203,4.505,230400
8,5686,3250,1329,4.2782,327700
11,2559,1309,668,4.1847,167300
25,2213,1066,390,7.2165,360900
16,1434,804,361,3.7045,178100
22,3280,1842,795,4.4107,232700
32,1889,1321,508,3.2574,254400
26,2500,2374,879,3.5586,222200
36,1976,1348,371,5.6447,252600
36,1236,880,247,5.791,239400
34,2600,1994,650,4.0223,250200
35,2348,1475,498,4.35,261000
16,3015,1769,807,4.0068,249500
35,2297,1428,497,4.7431,239700
5,8745,3959,2019,4.7685,280100
23,3200,2029,866,3.5649,450000
24,2424,1367,507,4.072,364200
29,1875,816,350,5.4351,336500
20,4293,2389,1210,4.2719,270800
27,2687,1362,725,3.4028,324200
25,347,148,77,4.4531,350000
21,12855,7273,3052,4.3351,267400
26,18,8,4,3.75,375000
22,1236,413,274,3.6875,40000
20,3401,1497,747,4.2188,500001
21,1798,837,410,5.6999,470000
18,3058,1377,675,6.1299,500001
20,2976,1227,634,4.8625,262500
19,1465,646,345,4.712,289300
23,806,373,156,5.9291,284600
16,3352,1440,729,3.7359,262500
26,1184,815,218,5.7657,322300
15,2940,943,711,4.359,192200
19,3565,1639,744,4.1544,277000
25,1750,999,319,5.806,308700
20,1896,1069,436,4.6875,288900
36,1575,1036,382,5.1408,264700
33,6277,3025,1211,5.4721,343300
8,1480,856,445,2.8203,284100
14,753,421,153,4.2463,266700
18,1476,838,415,3.575,274000
22,1489,662,470,3.5179,197200
17,748,412,180,3.4375,290600
23,4874,2699,1163,3.8003,229800
27,5110,2764,1482,3.4198,351900
26,3218,2087,964,3.2875,182700
27,3410,2314,1086,3.4868,165600
23,1755,1374,506,4.3077,293500
19,1085,1009,305,3.9091,276000
16,1994,1173,472,4.1875,266400
15,255,138,74,4.6591,175000
23,514,367,206,3.1736,181300
52,766,448,196,2.5208,316700
43,2065,1029,500,3.7318,327700
30,1722,1057,517,3.725,261300
24,3983,2645,1072,3.6742,275000
44,1498,848,400,2.8438,307100
46,1115,543,248,3.2083,334300
4,2292,1050,584,4.8036,340000
30,1695,932,447,3.5045,352500
37,1169,589,249,5.0131,330300
26,1272,562,284,4.5644,280200
39,2210,1023,450,4.5833,342400
31,1117,591,302,3.5909,353100
36,1860,794,366,5.0871,354500
34,1508,774,443,2.7279,365600
36,1035,475,205,5.5385,359000
34,1959,849,357,6.2884,414700
36,2587,1055,410,6.1995,407200
33,2771,1496,581,3.4042,353600
36,857,448,168,5.0086,366700
36,1199,485,199,5.0796,373400
36,782,348,128,6.828,383900
29,1229,707,194,7.1108,465000
27,1269,464,182,6.8374,500001
34,2165,776,339,5.2971,442100
25,830,368,174,3.3917,342900
22,3770,1657,762,4.8021,457500
30,2937,1097,407,7.9813,473500
21,3244,1158,415,7.5,500001
34,1747,662,257,6.8268,500001
28,4612,1686,567,10.0346,500001
31,2717,1001,381,9.281,500001
37,1550,805,250,5.0222,500001
37,2269,930,321,7.5274,500001
28,2181,728,238,8.2266,500001
30,2040,787,278,8.758,500001
33,1208,495,216,5.4659,500001
35,1172,512,175,7.3561,500001
35,1447,619,206,9.8144,500001
35,1579,570,196,8.5888,500001
35,1347,548,189,7.7068,500001
30,1851,631,236,10.1007,500001
23,2597,922,338,10.5142,500001
28,1643,594,205,12.367,500001
33,2398,832,314,10.3591,500001
37,4167,1577,597,7.5655,500001
37,2511,945,348,8.3924,500001
40,2224,929,345,8.1064,500001
22,1477,520,187,10.3329,500001
36,3598,1296,533,7.8177,500001
22,3638,1329,650,5.0804,500001
49,1068,410,171,7.2045,500001
18,1617,555,222,8.9021,500001
31,2836,1138,481,4.9519,500001
36,1660,655,249,6.3967,500001
35,2471,881,342,7.6229,500001
31,2356,921,358,7.0245,500001
34,3561,1336,501,8.9172,500001
34,1443,504,200,8.4709,500001
32,3514,1583,480,10.3894,500001
29,6027,2687,1171,5.1335,461200
36,4787,2039,890,5.4063,440900
35,2419,949,433,6.4588,437100
46,206,134,51,4.15,265000
36,3982,2251,995,3.5364,314100
33,2892,1250,581,5.3727,360900
35,3584,1405,538,7.3023,451300
35,3905,1562,553,7.313,463700
32,3058,1267,540,6.4949,417800
35,2712,1084,425,7.1382,443800
33,1641,659,282,6.0884,432900
35,2445,1187,519,5.2803,362100
36,2607,1165,523,5.1524,373100
40,3454,1498,647,5.2114,438400
32,4398,1799,792,4.7375,431900
36,3212,1455,574,6.46,425500
33,2974,1435,588,5.485,406300
42,2390,1146,468,6.3111,397400
33,1509,748,268,4.875,373400
35,2016,1023,376,5.6413,376600
33,3262,1411,626,5.316,398100
37,2295,933,332,6.7257,500001
37,1287,510,206,7.9029,500001
41,3233,1251,506,6.6354,500001
43,3004,1088,427,9.1508,500001
38,2835,1148,446,5.9277,446600
39,906,353,112,10.3942,500001
52,1135,441,200,7.5418,492000
52,1803,683,259,10.9508,500001
52,3841,1391,540,7.8647,500001
52,2117,734,328,6.767,500001
48,2074,700,279,8.7051,500001
52,568,219,75,6.1575,500001
47,4234,1808,1093,4.2297,425000
19,2207,1304,775,2.1406,402500
37,2926,1363,815,4.5987,356000
34,2199,1193,532,4.2972,405900
52,2063,774,309,7.2543,500001
52,1400,522,227,4.9861,500001
52,1945,708,275,6.1655,500001
52,3117,1114,421,6.6756,500001
52,1944,696,293,8.2664,500001
52,1327,467,189,12.5902,500001
52,1383,551,249,6.5829,500001
47,2600,1149,465,5.0203,476300
44,3558,1779,832,3.9243,404800
18,2060,1144,600,4.0686,378600
20,11709,7604,3589,1.9045,375000
34,4448,2571,581,11.0492,500001
15,2577,979,364,10.476,500001
24,3924,7174,950,4.0972,387500
29,473,359,87,7.0309,475000
21,1034,323,117,10.7237,500001
27,3385,1248,409,12.0372,500001
37,1446,549,190,10.7355,500001
34,1575,511,180,13.1867,500001
30,2139,742,242,11.806,500001
26,2859,951,336,10.4277,500001
32,1433,498,201,9.3586,500001
35,2063,676,252,8.5294,500001
37,1795,791,261,7.5794,500001
30,1502,501,180,10.0259,500001
23,11294,3840,1367,12.1387,500001
23,3814,1344,464,12.9792,500001
7,189,84,29,13.8093,500001
11,436,212,75,8.6196,500001
21,349,149,56,5.8691,360000
21,427,182,70,11.3283,500001
37,3852,1534,567,5.8596,318700
42,2533,957,398,5.3468,279900
43,1529,570,250,5.2366,293300
37,1150,511,179,5.7415,398500
24,4420,2981,975,3.506,226400
24,7521,3970,1318,4.4004,255800
18,7245,2893,1049,6.9508,361200
24,4337,1936,652,5.8904,271400
21,6203,2494,800,7.7201,362700
14,5636,2281,680,8.4262,459200
6,9176,3637,1138,8.3837,473400
17,2825,1052,345,8.0595,485000
26,1921,725,253,7.6933,405900
23,2552,916,316,9.1974,500001
18,1080,382,121,9.08,500001
7,5389,2232,825,6.6659,500001
45,1797,870,281,4.5417,434500
15,5468,2221,675,8.3792,418300
6,3694,1554,527,6.8333,348000
14,2714,1259,375,7.7738,387500
16,3574,1503,487,8.1988,355900
20,7754,3094,941,8.19,361600
14,7174,2782,899,8.3065,394200
19,7357,3018,981,6.9473,361400
16,3298,1542,423,6.7064,305600
25,1730,721,243,7.5845,279300
19,1852,866,272,5.6139,279500
18,3561,1753,553,5.0292,269400
17,4393,2292,692,5.6876,246500
15,4713,2519,778,5.6958,253800
16,1617,667,264,4.5221,191100
16,3992,2097,555,6.7287,299300
16,4274,2240,704,5.4218,233900
25,5939,3275,954,5.6488,234600
22,5507,2785,848,6.0889,245200
18,3574,1803,536,6.7836,274100
24,7991,4017,1213,5.4741,238800
17,6425,3934,1238,5.1228,237600
16,6958,2965,1217,4.2885,262400
17,3057,2030,602,5.2166,230900
20,3244,1769,469,5.9214,224000
17,3912,2693,746,5.0772,221500
16,2030,1343,365,6.3566,279100
22,2996,2169,607,4.3438,209700
26,1394,990,315,4.8862,195000
18,3631,2357,757,2.875,184400
17,1957,863,269,7.3339,294200
9,3624,1856,721,4.2083,198400
17,2795,1904,506,5.0186,250800
8,4454,2595,1027,4.5615,282600
16,2429,1293,363,5.5,253200
14,2855,1420,383,6.6712,311500
10,3030,1623,589,5.1356,218700
11,2394,1393,409,5.5875,259300
14,3379,1465,620,4.0547,236200
16,1911,1158,332,5.9359,249500
20,3398,1231,744,2.0288,350000
12,2070,1216,532,4.1926,244500
7,3609,1739,682,4.5033,213100
16,2650,1969,586,3.9461,194300
17,2332,1636,623,3.1932,123400
17,1051,446,173,5.6652,234500
16,2814,1305,465,5.5121,224100
24,2383,1146,341,5.6223,265700
16,1982,1030,297,6.4339,289200
16,2312,1158,295,7.4323,311800
16,1816,793,234,6.8194,291200
5,1808,825,339,5.0509,184800
15,3243,1752,551,5.5849,257400
17,2363,1369,442,4.8355,141600
4,2498,1213,631,3.7844,183900
20,3773,1965,607,5.4939,241200
23,2543,1297,385,5.9164,237400
21,3250,1978,568,4.5,234400
20,3671,1944,589,6.0538,241000
24,3344,1768,541,5.8305,245600
25,4021,2178,650,5.1663,241200
5,1975,861,440,4.4565,159000
25,4096,2128,618,6.2957,251800
23,4487,2024,580,7.5218,291500
25,2349,1266,383,4.9688,233100
16,1674,850,254,5.3157,253300
19,2635,1497,410,6.3178,248000
24,2413,1237,381,6.4328,257200
17,2319,1076,338,6.4664,278300
17,2123,1067,339,6.0062,262700
18,2127,1547,402,5.0958,217100
18,1747,1055,285,5.898,229100
16,2240,1221,305,6.0198,289600
17,2281,1226,394,5.4193,259500
18,3179,1663,507,5.9225,265800
18,2581,1284,377,6.7385,272400
10,3301,2190,575,6.223,260700
16,1868,995,284,5.9053,260500
17,250,141,51,4.6458,500001
12,10236,5674,1816,4.747,261100
15,531,469,155,4.65,385700
11,1290,881,191,4.2039,500001
21,1062,631,185,4.7386,394100
18,3167,1414,482,6.8773,467700
19,3754,1692,550,6.7644,412600
16,5498,2051,694,7.8601,416300
14,9483,4108,1281,7.5,344500
13,4780,2795,764,6.1684,288100
14,5487,2823,979,4.175,229800
17,1830,1110,388,2.4821,248200
12,4077,1618,540,5.2951,386200
20,4477,2656,871,3.8788,226900
14,4721,2648,888,3.6895,239300
19,3785,2198,610,5.1514,436700
14,6006,2915,898,5.9356,321700
14,5034,2124,790,4.9028,335000
19,3269,1383,452,5.6205,300800
17,6725,3439,1027,6.4313,393100
21,5322,3011,895,5.5936,386800
24,1511,1052,292,3.625,350000
37,1593,1030,287,3.9306,260700
44,3192,1439,568,4.3693,234000
18,7241,4168,1138,4.5714,260300
14,5231,2634,799,4.9702,279800
15,2873,1582,567,5.1519,264700
16,865,403,130,5.7396,308700
16,6637,3575,1162,4.3227,251500
5,6529,3071,977,5.6754,298500
16,3120,2383,681,3.5551,198600
27,2303,1447,467,3.2019,203600
14,6355,3704,1224,4.4233,228600
17,2889,2681,608,2.9417,178000
44,1448,1066,357,2.0625,170300
20,3976,3866,950,2.5387,160100
27,2361,1782,397,3.2614,305000
19,2372,1142,365,4.0238,374600
34,440,217,93,5.2327,500001
39,759,252,106,3.6964,262500
52,220,55,26,15.0001,131300
25,474,300,104,3.8062,340900
10,212,78,21,6.0622,390000
26,50,17,4,15.0001,400000
37,74,63,17,9.5908,350000
16,32,36,5,2.625,137500
29,227,112,41,6.4469,271400
28,1321,652,239,4.9808,263100
29,3119,1476,487,5.8123,281500
40,1104,669,215,4.3409,256300
43,1636,792,325,3.5562,239200
41,2548,1290,488,3.6902,233000
47,1250,607,234,4.0417,265300
30,2156,1023,458,2.7875,245000
21,1484,984,380,2.1734,187500
44,1153,657,219,3.2368,212500
35,2155,866,335,5.6188,404700
33,797,385,133,6.7974,367600
30,2695,1098,420,5.3972,362300
14,1547,4731,348,2.4732,131300
20,2428,1145,454,3.6797,263800
16,3363,1603,556,4.2542,294100
15,3385,1571,615,4.2254,320900
51,1076,495,201,2.9286,258300
45,1302,621,258,5.1806,266400
52,1901,955,301,3.8259,253100
49,792,331,137,5.2128,238600
44,1294,645,259,3.2437,223900
37,2817,1341,662,2.1553,255400
47,2403,1144,455,2.5954,229400
35,1053,552,237,2.7125,217500
21,607,226,136,1.9063,166700
29,2568,1743,659,1.9286,195300
43,2162,1208,464,2.5417,260900
52,920,525,264,2.9444,232800
35,1605,743,382,2.5368,240000
20,2502,981,399,4.3,275000
27,2820,1511,745,2.589,242400
30,1029,753,249,3.1205,240500
51,1616,608,302,3.1932,400000
52,1217,508,237,2.0547,326700
51,924,488,228,2.1964,234400
36,337,223,68,3.2404,225000
52,403,200,73,1.6923,262500
40,1193,570,204,4.4659,237500
18,2677,1391,656,2.5067,232600
44,594,325,139,1.1552,250000
39,2124,1365,606,1.6642,281300
52,775,1054,305,2.0172,112500
40,584,316,139,3.5938,243500
28,1607,926,385,2.425,216100
32,1438,802,293,4.1964,202000
42,538,200,104,2.1667,196400
42,1149,703,232,2.5865,206400
32,2182,1122,370,3.52,284200
36,1862,1080,364,4.4567,263800
19,691,324,167,3.1312,388500
30,971,644,173,4.2045,226500
52,65,24,10,4.5,258300
18,2232,1091,458,3.8269,276000
27,1987,961,343,3.9667,265800
52,3365,796,333,2.9712,116600
32,1461,1494,416,2.8056,173200
29,1210,863,262,3.1062,156000
17,2648,1193,540,2.4461,151700
14,3355,1350,697,2.6506,164600
24,4026,2264,863,3.1327,218100
48,1801,1071,361,3.6,194500
46,1362,1068,305,2.4615,177800
36,2096,1454,394,3.2216,238300
46,947,1120,264,3.4125,160700
52,1211,1102,392,1.6875,161400
23,1276,1359,376,1.9609,155000
42,1368,2312,484,2.5599,151400
8,2715,2580,718,2.8348,162000
44,919,1321,301,2.0775,121400
20,2587,1534,540,2.4375,190400
24,1943,1844,461,3.0192,184300
33,1406,1075,301,3.2813,190000
20,2687,2154,610,2.6434,169700
9,4934,3198,977,3.5,194800
19,2512,1856,537,3.1815,189100
19,1515,975,266,4.3906,241200
21,2794,2236,565,2.4053,178400
18,1063,1033,313,2.0192,171300
34,2152,1516,386,3.7863,192200
29,2377,1669,499,2.8214,190100
20,1201,601,234,2.5556,177500
18,2420,1278,416,5.2101,334000
18,3337,1449,519,5.1412,315800
27,991,543,155,4.7188,350000
26,1127,543,199,4.9792,240000
46,695,408,148,3.9408,222600
32,2637,1031,410,3.6474,231600
36,1397,661,243,4.125,239600
33,3581,1780,663,4.3429,214300
35,1541,791,277,4.425,204800
35,6422,2755,1064,5.0165,202300
51,2419,1078,435,2.7933,206900
17,1457,591,235,5.5785,284100
32,1602,752,275,5.1664,185100
18,808,420,145,7.1831,273300
23,506,264,89,7.1366,273900
46,1993,850,327,5.208,206800
29,3201,1722,570,4.4597,204100
39,2854,1338,518,3.9423,180300
15,1969,822,324,7.8774,394900
17,4413,1674,608,6.9772,383300
30,1427,686,251,4.0781,154500
36,2066,942,344,5.2417,196400
39,1065,497,208,4.5972,146300
21,5639,2670,871,6.0809,270000
41,2422,915,366,4.1679,201300
31,1634,939,332,3.8625,232300
34,2800,1353,512,4.1161,220900
36,4682,2143,832,4.5096,203700
17,4977,1987,947,3.8854,312300
21,4650,2014,704,5.6233,322000
20,1005,345,129,10.0968,500001
30,2077,816,328,5.2078,440500
20,467,229,86,4.8,261500
35,1818,682,254,4.8611,240000
12,2010,784,407,3.9728,190900
19,4113,2006,732,5.1121,308100
17,4154,2149,693,5.5919,373400
21,2387,913,341,7.736,397700
20,922,361,135,6.3617,331500
20,1918,798,302,7.5755,402300
23,1708,670,238,6.4517,356600
36,1522,677,206,5.8642,363500
17,1343,511,185,4.625,386400
14,679,306,113,6.4214,340600
16,1321,650,206,6.3258,390000
19,2023,955,328,5.2486,353000
20,2403,1149,369,6.0621,304400
21,5904,2616,916,5.9039,355300
21,2073,1044,351,4.5682,371600
14,6787,3416,1357,3.5943,262400
25,990,522,185,4.8269,272900
29,2681,1652,620,3.075,215800
16,1592,1039,351,3.6364,207000
25,2113,1365,439,4.6484,234600
19,5613,3018,1268,3.1914,215600
21,3349,1952,718,3.7273,251900
20,3495,2186,772,3.1167,258300
15,3044,1306,693,2.1771,213200
39,2702,1136,491,2.8941,256700
42,1275,451,200,4.7321,422400
16,875,300,157,2.625,377300
37,2846,939,433,4.7468,294400
24,3665,1954,833,2.8036,228500
27,4001,1808,945,2.561,234600
31,3209,1489,692,3.6619,245100
16,4907,2265,1048,2.6757,229200
17,2813,1337,477,3.7083,252400
15,2849,1546,582,2.7587,228600
23,4324,1844,875,3.0777,263800
24,3010,1360,504,4.2006,290700
21,3520,1486,753,3.0905,264300
34,3745,1622,802,3.1546,261200
31,1738,746,355,2.5172,330800
19,6356,2954,1070,4.7325,283500
32,2210,1082,396,4.1587,315200
20,3847,1725,737,3.3447,305200
23,3209,1423,666,2.7375,238000
11,4571,2004,847,4.2898,221700
16,8638,3706,1251,5.503,351800
23,5675,2197,880,4.8693,322300
16,1957,865,369,2.6875,233300
21,4117,2001,763,4.8953,289500
19,4920,1807,922,3.5112,231900
29,3457,1327,563,3.6597,252300
18,4910,1971,773,5.8325,308800
21,3707,1420,608,4.4485,295200
18,6355,2304,972,6.0281,321100
22,7281,1849,832,5.3276,335500
7,3703,1375,608,4.9219,368400
29,4921,2319,823,4.9517,307900
18,2774,1283,353,5.368,352000
22,2442,1301,290,3.1563,300000
17,1573,142,55,2.1719,420000
28,2715,1154,386,4.8021,290400
19,4431,1764,679,4.3321,298600
16,2599,1417,445,4.6611,349300
22,1903,760,322,2.9559,288400
21,1416,779,200,3.1987,279800
18,943,544,179,3.934,228600
23,1229,687,232,5.1433,305600
19,3461,2790,607,4.7569,190800
27,1580,1066,306,4.7071,202700
20,4228,2389,844,3.525,229100
29,2931,1954,506,3.2917,224700
22,569,542,125,2.1875,187500
26,1279,1276,420,1.2404,81300
44,1625,944,347,1.5972,68900
25,2054,835,475,2.1538,76900
34,1262,520,259,1.6983,72600
36,1808,807,383,1.8375,74800
17,1220,800,261,1.9181,118800
7,4843,2223,932,3.0549,101700
22,589,338,107,3.2639,87500
24,1610,748,307,2.6591,82800
43,2251,1479,512,1.5676,58200
23,2281,1164,420,3.5347,101200
36,1216,647,228,2.6944,75300
28,2213,1096,378,3.6923,86900
40,3895,1782,910,1.3329,78200
35,2072,1029,375,2.8512,75600
43,1455,747,279,2.7857,104200
38,855,468,150,1.4091,84400
24,5045,2220,979,2.6792,138900
17,785,417,136,2.3289,58200
17,1712,963,329,3.9375,148700
10,7949,3176,1163,4.1099,120100
23,1321,749,222,1.655,90100
9,4794,2162,865,3.1439,103100
5,2614,1275,411,3.4464,122900
22,2195,1021,460,1.4125,66500
14,4773,2101,1072,1.7227,105000
7,5178,2557,1283,2.4079,111400
13,3604,1598,670,2.4141,78700
11,3896,1902,843,2.2905,94200
10,2183,1061,325,3.6853,151600
5,6383,2965,1141,3.8103,111100
2,1937,756,274,3,114200
19,1043,505,183,1.6033,98800
20,3592,1865,781,2.0258,64800
26,1435,544,232,2.6705,136700
21,2500,1428,502,2.6513,113300
13,2085,1077,333,5.2149,146500
19,3753,1952,738,3.0954,86500
28,1127,538,208,2.037,72000
28,1427,692,285,2.125,80800
24,2068,951,332,3.9306,85900
20,1750,834,340,2.485,100600
18,4547,2269,766,3.7896,98100
16,2801,1695,563,1.9,81600
12,3900,2145,864,1.9881,85200
17,2280,976,434,2.71,97800
31,431,231,78,2.184,77300
18,2226,859,451,1.6821,69400
26,2187,1339,463,2.0395,67900
16,2777,1432,500,2.5592,75900
15,2524,1374,467,3.3816,93800
11,13714,6511,2267,3.5522,100100
16,2247,1206,463,1.9946,119200
23,2801,1318,454,3.5081,116700
18,4026,1731,705,3.35,118400
21,2405,1197,412,2.6488,83100
22,2390,1131,452,2.1458,84700
15,2532,1183,450,2.5417,92200
23,2248,1132,444,1.6429,80400
21,1774,875,354,1.7422,61500
32,3611,2060,759,1.7427,60600
36,1822,930,399,1.3801,56600
28,1745,1011,370,2.0391,59800
10,2281,1274,438,2.212,65600
17,2786,1528,517,2.0119,75800
11,3664,1686,613,2.9338,141600
16,2753,1414,459,3.8323,128300
16,1141,563,200,2.3287,130700
15,2771,1423,505,3.6413,108500
18,2879,1399,586,2.4036,105400
18,1411,494,227,1.4911,75800
17,2255,1171,411,2.875,129800
14,2539,1271,438,3.9762,138500
18,1633,750,252,5.1585,150800
23,2216,1006,338,4.559,116800
10,1187,728,248,2.0469,66800
25,2596,1536,549,2.0221,60400
30,1270,840,324,1.3904,48100
21,2842,1658,608,1.9943,59800
20,2858,1422,589,1.9657,63000
26,2723,1326,547,2.3594,66000
32,1286,694,236,1.6579,68500
14,2633,1324,513,2.2768,78600
27,1804,782,300,3.5978,80600
17,1429,692,245,2.8611,98700
18,2102,1059,384,3.0556,95500
26,1833,939,408,1.3571,59000
17,1682,887,316,1.8438,76400
26,695,319,124,3.2788,101600
30,2502,1296,481,2.125,66100
21,2333,1308,509,2.0899,74800
18,1748,921,327,3.3315,85400
16,994,495,181,2.1875,76400
16,3552,1801,658,2.1496,97700
16,2734,1413,484,2.8085,105700
12,3783,1970,639,3.3005,98500
17,3019,1538,545,2.793,76500
20,1182,512,210,1.7935,74500
27,1540,883,321,2.8036,93400
13,3013,1361,515,4.5357,171200
22,2153,903,314,2.125,123200
33,2149,631,273,1.8816,65800
18,754,247,107,2.2583,78800
20,2701,892,358,2.7736,107800
14,2721,1356,468,3.0299,73200
26,1183,513,206,2.225,52000
17,2816,1027,406,2.503,65600
14,821,477,129,3.15,87500
14,3099,1447,494,4.0132,141200
17,3057,1497,556,3.5189,101000
13,4581,1799,734,2.2993,99500
8,2411,786,297,2.1513,80400
14,2413,805,329,2.7857,77400
24,2237,834,318,1.7538,90300
31,1581,776,287,2.9063,77800
15,2909,1537,522,3.0179,61300
17,2548,1118,461,2.267,57800
23,1922,872,350,2.2337,64500
16,2668,915,362,2.3393,90300
22,2737,1168,442,2.83,88700
33,2029,936,343,2.67,77500
32,1404,544,201,2.7778,72900
14,1781,734,287,2.46,93000
32,1516,304,131,1.8839,71000
40,690,305,110,2.3625,62500
17,1791,432,190,3.8826,92400
52,296,143,56,3.625,68600
48,1276,358,145,1.875,66600
26,2286,498,216,2.065,96100
40,3272,1467,553,1.7885,43500
28,4225,1908,686,1.74,44000
19,3599,1572,601,2.234,58600
21,2400,1109,443,1.7639,55400
17,1885,953,328,2.1607,61400
18,1867,802,314,1.8242,53500
25,2344,1117,424,2.7222,64600
25,1941,1000,390,2.2976,54400
23,1654,669,273,1.965,65400
23,4017,1634,619,2.3571,62000
21,2010,947,306,2.4107,70100
15,4206,1863,869,2.0591,55700
33,2644,1113,483,3.3095,81300
36,3319,1492,631,1.8694,71200
50,1525,661,285,2.2206,63200
15,3643,1784,743,1.8533,57500
19,2200,950,367,2.5357,94200
19,2722,1108,430,3.1062,100000
29,1729,848,328,2.2024,60900
20,4288,1800,660,2.723,79600
31,1277,600,241,1.7292,61700
34,2773,1066,424,1.6757,63300
14,4453,1817,685,2.7468,81100
19,3689,1544,566,3.125,76100
45,2245,1155,421,1.6509,46200
28,1729,929,370,1.27,53100
23,910,370,169,1.7448,80100
45,1393,521,249,1.1915,71900
13,2300,1151,488,2.1571,81500
29,4059,1700,702,2.4526,97100
15,5266,2147,885,2.8036,110100
15,2740,1188,445,3.4519,128800
26,178,55,25,2.0375,57500
40,1958,725,331,2.1898,65500
52,4513,1926,815,1.5923,56000
31,602,112,47,1.0667,34200
52,4019,1728,706,2.2462,62900
15,14125,6456,2147,5.1014,179500
5,7854,4361,1395,4.9504,214800
31,2766,1441,552,3.1768,131000
35,2122,1189,408,3.0962,124600
36,3018,1445,556,3.8029,129900
43,1939,968,392,3.1848,112700
38,931,566,207,3.0221,93300
40,2549,1275,494,2.9469,111600
44,2256,1057,426,3.1204,110800
44,3013,1353,512,3.4559,111900
47,2161,966,360,2.2734,88700
37,4368,2083,741,3.8667,127000
18,6860,3205,1058,5.2957,171900
37,2811,1574,516,3.1053,96700
37,4590,2920,832,3.436,94800
4,15654,7025,2168,5.8171,225200
48,833,652,165,2.2417,87900
26,4397,2539,965,2.4875,90000
13,5451,2957,1081,2.6098,162500
24,1213,699,386,1.3007,94600
30,3317,1794,990,1.1835,133300
52,248,173,69,2.3,109400
52,1780,824,317,2.75,109900
52,2315,1113,486,2.5042,147900
52,1591,817,357,2.1411,97200
46,4143,2240,847,2.4201,92800
49,1851,849,307,2.9432,103500
52,2050,1277,463,3.0507,107300
42,1743,889,341,2.3241,99200
47,1303,694,269,2.5969,92800
49,2715,1006,429,4.2308,145800
47,3007,1152,486,4,141500
52,2111,772,323,4.775,148200
29,5154,2459,1019,3.2664,142900
37,3223,1325,539,4.0938,126900
39,2967,1243,523,4.2902,152400
42,1625,578,243,4.0114,166900
47,1339,794,286,2.5865,109800
49,2365,1131,458,2.6133,103100
52,2846,1519,620,2.1976,97900
52,793,505,194,1.9667,93800
52,1560,670,287,1.7411,98400
52,2573,1238,529,2.6708,109700
28,3102,1623,639,3.1025,103700
45,4423,2109,874,2.6937,111800
42,5266,3124,1025,2.7375,120000
26,3699,2388,699,4.0515,121900
34,963,392,176,4.0156,134700
16,3921,2830,680,4.5053,123700
12,5382,3928,921,5.3785,150600
28,3072,1375,705,1.6368,91200
15,8479,5008,1646,3.724,131600
10,6817,4163,1135,4.4529,144100
24,2917,1878,531,3.7014,123600
7,5129,2824,738,5.5138,171100
33,1253,753,236,1.756,86400
36,1412,792,268,2.3056,90400
14,2804,1083,573,2.6466,168500
52,1888,830,408,3.1373,185100
34,2434,926,423,4.6776,208300
20,3000,1207,491,4.6406,217500
10,4976,2089,803,5.3288,201800
15,2125,857,272,6.4599,219700
14,6360,2876,1127,4.5321,190300
16,3515,1764,626,4.4397,187100
10,3008,1381,522,5.3661,195800
7,18392,8276,2742,6.4232,229200
5,9567,4620,1580,4.4821,210000
8,614,278,115,6.3735,166300
27,3794,1756,724,3.2891,150600
31,3401,1750,602,4.6761,143100
11,673,318,137,2.3929,122500
40,1538,669,263,3.3281,170200
17,1625,703,224,6.5891,328800
18,1953,658,270,8.0113,393000
21,2475,812,308,7.2589,320400
4,3273,1497,454,5.3345,176100
7,4093,2228,646,5.2523,161300
15,1173,450,154,6.0487,197700
13,7367,3193,983,5.3102,195000
14,6920,3196,978,5.0672,171300
8,6761,3237,1177,4.3586,173400
2,6718,2012,654,6.8872,305200
12,3861,2129,806,3.676,135000
25,3304,1464,488,5.2527,130600
15,5114,2418,778,4.4882,144000
5,1569,713,209,6.6779,223900
3,7030,3238,1055,4.962,161700
4,8778,4010,1188,5.4399,187100
36,263,88,42,2.5313,162500
32,1070,631,195,2.6827,98900
37,1336,680,231,3.815,99000
36,1818,953,298,3.3153,99000
34,1562,898,307,3.3598,107200
36,1248,672,222,3.3839,105900
15,7937,4390,1567,3.5464,129800
38,1214,632,254,2.8438,94200
39,199,101,38,6.2299,105400
34,3082,1795,703,2.7885,105900
37,1176,648,271,2.7167,92200
32,1203,571,255,3.0938,110400
52,582,241,106,2.4,125000
21,7195,3927,1377,3.0912,126300
16,8517,4508,1837,3.1853,129600
24,3580,1959,731,2.7284,118500
25,4617,2685,1011,2.9576,108500
27,3440,2085,748,2.5896,104700
35,1940,1177,403,3.1389,101100
20,2237,1169,425,3.2115,99100
20,3899,2198,779,3.2061,120400
17,9089,4758,1520,4.0619,126600
8,2894,1566,572,3.6335,131600
1,2062,872,268,5.2636,191300
16,1104,495,156,5.4074,157700
22,2761,2612,641,1.6875,87500
30,2081,1005,438,1.9954,92900
13,3334,1923,538,4.0905,134800
11,6550,3570,1123,3.8583,137900
16,1081,792,184,4.6779,131300
10,2237,1255,429,3.1176,126500
7,11768,6657,1874,4.9222,142900
4,2487,1545,452,4.9103,140400
12,4132,2087,633,4.5987,139700
16,4138,1762,723,3.1979,137500
18,921,368,120,6.0842,261100
35,10869,9879,2152,2.5681,81300
17,7973,2899,1502,2.8357,120100
14,1156,574,227,3.2396,143800
25,182,71,52,1.0208,78600
2,4953,1791,562,5.0346,205100
17,1824,934,305,4.6719,250000
12,2344,1035,321,4.9773,281200
11,2838,1331,426,4.945,298400
17,3053,1434,557,3.4741,245800
19,3011,1665,535,5.1534,232800
15,1263,665,208,4.5,260900
26,2056,933,367,2.7051,193800
15,2857,1325,359,6.0252,151700
14,3035,1597,663,3.6036,143500
16,2084,1099,292,5.8269,150200
8,3157,1758,569,4.412,140100
2,7747,3481,1083,6.1112,181000
9,4999,2687,817,4.2324,142100
3,7985,3664,1215,4.976,158300
12,5127,2749,976,4.0458,130600
25,185,85,32,4.875,250000
45,19,7460,6,10.2264,137500
33,1083,562,203,2.433,101700
45,1778,839,319,2.4659,102900
38,1918,745,348,2.5707,126000
34,1084,561,198,4.2115,118900
24,745,300,115,3.6176,158500
18,4486,1600,697,3.8651,189700
15,476,213,73,7.1053,315200
30,140,103,35,4.163,112500
17,5678,3182,1135,3.7388,122000
11,1500,899,304,4.5568,127200
20,1415,667,250,4.0938,117300
7,3292,1911,702,3.89,140300
11,3208,1772,694,2.7434,218800
16,1697,832,277,4.4375,132600
13,3616,2022,652,4.0536,134800
16,2331,1074,400,4.0329,126800
18,3876,2386,867,2.5938,129500
16,1470,748,256,4.0433,132200
13,3252,1915,631,4.2137,151700
34,432,208,71,5.5435,136000
16,2509,1043,339,6.0704,173400
16,3996,1673,539,5.778,175700
28,1967,734,291,4.9583,146200
16,808,371,145,6.0767,216400
16,2495,1118,338,6.4894,198000
15,1176,485,171,5.9441,228200
3,9488,4095,1335,5.1781,191900
21,3027,2018,642,2.8438,111500
24,2434,1538,574,2.1067,101100
18,1048,469,162,3.625,125000
35,2728,1290,452,3.2768,117600
34,2735,1390,491,2.7262,118800
33,146,75,31,3.5179,84400
34,1502,860,297,3.3438,135600
26,1974,1002,362,3.3036,210000
18,4518,2230,715,3.9309,178500
19,686,348,109,3.9306,93800
24,1951,1140,338,3.7061,128500
10,6331,3419,1110,3.7083,154800
2,790,235,87,5.0862,166500
15,5115,2540,794,4.8611,146400
32,2139,1154,411,3.2672,107500
36,839,446,167,2.3438,122700
24,1307,917,291,2.2244,98100
30,1674,756,292,3.9286,133100
32,1495,905,281,2.625,212500
33,1808,824,340,3.2937,96400
46,2292,970,431,2.2888,94900
40,1266,547,247,3.0288,164400
22,1910,1001,345,4.8173,115800
33,596,212,94,4.2813,81300
25,3282,1244,483,4.5313,308400
33,1486,781,274,3.5647,251800
37,1549,863,275,2.7457,254700
24,1946,718,380,3.5507,257900
15,4885,2175,924,3.4031,209500
18,1479,550,217,4.7356,333300
25,3106,1262,665,1.9487,233500
21,2423,1098,503,2.364,173300
35,1762,686,339,3.5982,271700
20,3306,1374,460,5.7984,297600
14,3732,1277,775,2.5658,208000
25,5024,1994,838,4.2237,262300
18,2405,872,367,5.2155,248300
22,3577,1371,501,5.795,332300
30,1631,788,284,3.3098,195500
27,3078,1411,586,3.25,195500
14,2844,1613,544,3.3571,193600
17,2703,1241,515,2.652,171300
26,1726,672,251,3.8,242100
8,5092,1657,936,3.5625,213200
15,2411,1144,407,4.3472,261000
17,3308,1587,632,3.2727,176000
31,1701,680,324,3.1375,192100
29,2375,1124,502,2.3276,166200
19,2398,1266,471,2.7727,186800
42,2106,1141,445,3.1129,149300
24,2220,894,365,4.2891,211700
27,3800,1587,605,4.7237,306600
36,1860,777,339,4.1307,295700
25,1566,784,362,3.075,165100
40,2725,1167,458,3.7969,202800
25,2990,1335,434,4.7,190100
17,1728,897,284,3.4896,185900
18,2042,914,400,2.9871,193800
19,1687,893,257,6.204,201800
18,2915,1340,421,5.2452,204900
16,1410,741,229,4.725,204500
18,2933,1279,443,5.0849,188500
16,2621,1247,386,4.8603,198400
20,3460,1707,568,3.7115,181900
33,1369,758,246,4.0341,156500
33,1453,677,237,4.0962,170200
17,2864,1482,547,4.6833,215200
20,1888,826,396,2.875,189100
24,2388,1187,362,4.6534,196500
7,6508,2902,1010,5.3707,250500
8,5875,2808,1029,3.6392,246300
9,4764,2077,755,5.1391,234500
7,7808,3551,1392,4.6069,202300
16,1523,477,315,2.1696,75000
45,1615,823,327,2.5179,145500
45,2264,1076,472,3.0139,194100
52,1075,519,210,3.0769,230900
49,2300,1061,429,4.075,228800
34,878,372,167,4.0417,232100
17,2652,1199,350,5.565,267100
22,2933,1283,449,6.2034,291100
37,1966,875,381,4.0703,223800
52,1735,712,343,3.1711,200800
52,2156,1070,467,3.3011,252300
52,1923,910,345,3.45,200600
39,2889,1351,489,4.3056,251300
52,1621,635,349,2.5202,244000
40,1974,1039,398,3.7917,151600
23,4030,1852,778,3.402,193300
24,1948,922,313,4.95,243600
49,3273,1431,539,4.275,227600
31,2554,1507,533,3.8,162600
32,2344,1066,384,4.0313,285000
32,1333,660,206,4.0729,288500
29,1315,650,228,3.8269,306000
29,2644,1372,450,5.0544,261800
32,3201,1869,519,3.2442,268000
35,3941,1668,620,4.385,317700
47,2090,1053,377,3.5673,310300
16,3049,1675,618,2.4117,162500
26,1644,801,291,4.3906,248000
28,1915,930,342,3.7875,292700
30,3919,1693,693,3.3827,292100
44,743,434,162,2.5819,209600
16,3741,1938,658,4.6324,183600
13,4011,2064,914,3.6953,157600
14,3155,1208,501,4.1964,258100
16,1244,696,236,3.6369,158700
15,2536,1400,426,5.6613,172400
23,2846,1526,492,3.733,163500
26,1887,1060,364,3.0078,160400
22,1249,699,308,2.6033,121600
26,1584,846,295,3.375,156300
12,1550,685,188,7.226,255300
15,3091,1602,682,4.0071,135500
11,2242,1203,642,2.3464,104200
14,2313,954,397,3.7813,146500
14,1555,493,335,1.6033,67500
19,2987,1782,688,2.8261,154500
23,2744,1493,557,3.1781,162000
8,6322,2969,1043,4.8233,214000
16,2355,1014,348,5.6018,253000
16,1689,921,270,4.4444,191800
6,5496,2502,1189,2.4827,177500
16,1328,607,197,5.0366,257800
11,5817,2538,876,4.221,227100
15,2153,979,335,5.1966,325400
8,7520,3833,1287,4.3278,184100
12,3876,2146,764,4.0844,165400
4,8072,4323,1475,3.9518,220300
16,1683,880,327,3.2857,160200
32,2826,1767,628,3.1047,141400
28,1585,1362,424,1.6685,114100
23,1569,1031,368,1.6267,129200
17,1690,833,445,1.439,140600
16,4922,2557,1088,2.0915,168100
10,9772,3741,1242,6.5261,324700
17,5815,2614,887,4.3657,215900
29,2551,1165,456,4.3587,196400
18,2723,1150,520,3.5885,191900
21,1059,400,154,6.8586,343100
15,1848,786,282,5.7204,344100
17,1804,750,298,4.5588,196400
17,2007,895,403,3.2813,202700
14,5315,2228,950,4.023,208400
29,488,161,62,6.0774,334400
15,2936,1182,501,3.3981,246900
13,7731,2543,1249,4.6957,259800
10,3597,1132,639,3.9375,269200
14,1665,505,348,3.183,201200
20,2791,785,512,3.4561,216700
20,1151,478,183,5.93,384600
14,2364,1300,625,2.6023,221100
26,2081,906,323,4.4375,293500
24,2622,1027,510,2.9222,242600
32,3771,1786,721,3.2415,172200
29,2796,1346,562,2.9107,169700
47,904,310,144,3.9766,190600
36,1686,744,304,4.0139,163100
40,1449,636,295,2.7222,161200
35,1356,620,216,3.5521,168300
36,1311,648,268,3.4545,161200
45,883,401,194,3.2845,178300
36,1943,711,318,3.9191,183000
31,1808,691,280,3.8583,193200
42,709,547,172,2.1912,165000
35,1304,822,304,3.2935,157800
52,1439,738,316,2.2262,129900
38,1689,1071,529,1.5026,124000
52,1059,627,273,1.5357,137500
52,988,475,242,1.3684,258300
27,966,462,230,1.7,350000
29,1706,990,394,1.9932,164800
35,1445,795,308,2.9073,157000
41,1743,780,357,3.1467,175500
42,1574,844,369,2.314,169400
41,1974,965,458,2.905,159300
36,2175,1087,477,3.0444,167200
39,2739,1223,569,2.9663,185400
48,3118,1275,530,3.455,222100
26,2011,855,530,1.125,233300
52,2259,957,520,2.1827,188800
15,1575,716,259,5.3409,244600
16,3452,1567,731,2.4722,194300
17,3201,1244,495,4.7143,202900
19,1848,1130,433,3.0568,190300
15,1811,718,403,2.3929,141300
23,3220,1299,591,3.9261,213300
29,2891,1012,441,5.0415,240200
32,2970,1117,512,5,275900
39,2015,640,315,4.1734,240500
23,2296,902,334,6.0298,289100
19,4976,1926,625,7.3003,381300
15,5645,2324,769,6.6104,330900
16,2697,1462,515,4.2051,190300
16,2724,1124,586,2.825,186200
23,2246,1035,386,3.7617,172600
14,2096,926,397,4.0647,187800
21,2066,919,395,3.267,176200
20,2806,1369,460,4.75,190500
18,3364,1442,506,6.6854,313000
19,3244,1174,454,5.8369,255700
24,2268,847,296,3.858,214400
17,1528,606,251,6.6004,341500
24,2409,1006,403,4.5167,265200
19,2107,874,341,5.7819,265600
17,1090,473,163,5.5061,231800
6,6719,2699,997,5.4886,254200
23,2511,1052,527,2.4922,192000
18,4839,2755,841,3.75,248300
6,2073,826,375,3.055,224100
16,4196,1713,615,5.449,252100
14,4042,2323,1158,2.0651,135400
16,1834,994,390,3.7266,156500
16,1426,525,260,3.0714,161700
9,2268,1311,585,2.6607,91500
12,4174,1882,647,4.551,178300
4,6487,2958,1131,4.5417,197400
7,6837,3468,1405,3.1662,191000
28,3580,1634,567,4.745,248600
13,4323,2566,728,3.0147,142800
16,2653,1693,586,2.6384,146900
14,4742,2149,732,4.5152,199200
14,4794,2252,768,4.2061,213100
14,2324,1026,677,1.722,150000
17,3064,1704,590,3.9329,170900
25,2696,1296,514,4.0798,179200
23,2819,1644,546,2.6576,147900
20,2919,1711,500,3.875,140300
48,707,458,172,3.1797,140400
35,1120,659,274,2.3824,145000
28,1073,652,238,2.4,146200
52,188,301,72,0.9437,129200
17,2287,1240,493,3.5845,164300
11,4670,2430,962,3.0341,142300
15,3265,1629,629,3.7132,167600
8,5823,2864,1041,3.6292,183600
23,1551,555,243,4.6792,304700
11,2895,1633,534,4.7283,170200
14,4376,1809,746,3.8244,180000
14,4143,1569,629,3.9766,345300
9,4967,2581,915,5.038,185600
42,2050,1073,416,2.375,141000
29,2677,1880,664,2.1864,143200
31,2020,1408,437,2.5735,131100
26,1168,937,248,1.9458,146000
26,3604,2605,704,3.0969,143800
26,1446,884,295,4.3523,150000
30,2099,1156,401,2.8036,152300
30,3689,2250,697,2.975,157300
40,1389,841,288,3.1094,183300
36,1599,1086,314,2.6667,149100
43,1351,1011,297,2.5917,144000
35,2611,1293,463,2.75,197500
17,3150,1857,610,3.9688,165000
32,701,489,168,2.785,169300
29,2756,1381,531,2.9625,237300
38,1166,584,225,3.6667,244400
19,2191,1065,404,4.125,204600
37,2217,1019,428,3.1217,178500
15,3080,1446,599,3.6696,194400
21,795,414,162,3.7991,175000
40,2406,1054,426,3.8846,215900
26,1634,909,317,4.1731,257200
26,2273,1124,420,2.9453,166700
16,1688,793,280,4.4357,216900
19,1765,868,388,2.462,260300
22,1288,593,220,3.625,233700
32,1437,752,245,4.7422,240900
27,2565,1227,467,4.5132,259900
30,2260,958,359,5.0323,222400
34,1138,541,180,4.5147,271400
32,2054,843,306,4.5875,290700
25,3067,1602,550,3.9917,244100
20,3404,1641,585,5.0574,276200
18,2399,1131,391,5.2769,293900
16,1762,810,297,4.4437,305000
16,2017,931,336,5.7664,267500
31,1534,716,288,3.4471,209500
28,2388,1015,381,5.1512,268300
36,1987,1065,347,4.0446,172200
19,1968,852,308,4.6705,269800
22,2900,1445,515,4.511,296800
30,3977,1387,582,2.6161,132500
52,2154,524,259,2.0556,120000
29,4450,1328,590,3.1,162100
37,1179,354,176,1.3712,118300
35,2157,768,322,3.2315,136900
33,1565,759,311,2.6726,153100
44,3234,1112,470,1.9265,132700
48,3939,1257,571,2.1165,98700
49,1141,505,184,3.7143,148800
46,2280,807,366,2.6316,117000
37,2469,1137,474,3.6343,146500
27,3894,1832,715,3.5085,187800
25,1563,737,305,2.5687,249200
22,3328,1309,512,4.7105,266200
37,3169,777,344,2.7072,117100
18,2021,912,329,4.5,251900
4,7042,2936,1043,5.0555,240800
8,6190,2967,1000,3.8616,195100
13,4808,2568,762,3.6583,183200
9,3659,1889,632,4.2716,250800
12,2289,919,540,1.1553,139300
27,1823,907,317,3.276,172900
5,3986,1887,687,3.7768,213800
23,2676,1456,500,3.7361,173700
52,1514,767,354,2.1903,160000
52,1753,982,380,3.4013,183300
35,2597,1231,499,2.7432,174000
18,2721,1667,539,3.1875,176100
29,2176,1117,374,3.8681,188600
17,5199,2036,890,3.2452,168800
41,2720,987,364,4.0294,201700
16,4418,1908,697,4.5913,244600
33,914,394,132,4.6875,246200
33,1530,728,250,5.1005,266700
26,4050,2072,636,4.0781,287800
37,1548,863,287,2.9792,151300
32,4073,2053,629,3.7352,228000
18,2856,1027,405,4.6953,241700
43,1384,582,224,3.9063,210000
16,4047,1998,673,3.375,171900
35,956,488,215,3.025,140600
45,1717,916,367,3.2425,138800
21,360,131,74,3.5156,133300
32,2697,1417,535,3.2546,134100
20,3109,1643,638,2.8344,164400
9,5409,594,327,3.3125,295400
38,1460,569,176,2.7171,131300
27,3658,1278,518,3.3536,157500
28,3297,923,373,3.9167,232600
50,2530,940,361,2.9375,122900
31,855,280,139,2.3611,112500
18,2562,1128,414,3.9336,262500
16,1496,778,284,3.8589,268800
8,3223,851,418,5.6445,364800
27,471,195,72,3.3333,208300
17,4227,1809,679,3.2667,269500
27,4213,2142,746,3.7031,173300
20,570,304,108,2.2024,156300
27,508,263,81,3.1136,183300
14,3531,1505,497,5.5228,275300
16,1343,732,195,3.5833,187500
46,431,239,80,3.3182,282100
9,4838,2460,923,3.5959,142700
52,436,197,68,1.8625,85400
45,621,257,124,1.7188,109400
38,1545,662,266,3.825,96400
28,1208,535,232,2.3523,94700
16,1174,601,242,1.7143,113300
20,651,421,151,2.0833,77300
37,1738,936,366,2.4717,77100
32,964,623,201,3.0917,88900
16,2022,1126,408,2.5655,116400
26,28,9,5,1.625,85000
15,3553,1684,611,3.3169,131200
25,421,303,106,2.2679,71300
35,404,261,100,2.4583,75000
30,1120,609,237,2.2386,87200
20,1717,1062,401,1.6759,116700
10,423,295,94,1.3583,85200
21,435,219,83,2.9125,112500
16,893,548,155,3.6875,121900
37,1956,1265,397,2.3023,91900
35,1166,515,266,2.3469,90200
18,3453,1958,601,3.0043,156500
12,3609,2650,742,2.8565,92700
14,2799,2294,596,2.6343,81500
18,391,247,71,4.3864,179500
22,434,195,86,2.4211,268800
14,9849,4356,1780,3.5877,160900
14,5514,2819,970,3.8598,174400
19,1690,855,296,3.25,176700
31,840,429,150,2.4063,170200
24,527,270,112,1.6172,156300
25,1005,390,139,4.4,174100
19,3725,1412,463,5.7476,248600
14,2368,796,301,8.7783,435000
23,1373,677,245,2.5486,161100
5,2256,1246,397,4.9236,155900
39,223,92,37,3.375,212500
19,6473,3559,1123,3.2246,129300
29,1343,751,225,3.2391,187500
30,1653,800,291,3.3482,220000
42,1787,921,287,3.8864,171400
43,1244,611,197,2.875,187500
7,9374,4827,1722,3.462,151900
52,349,121,40,3.3036,197500
5,9601,4449,1575,4.5332,195500
25,207,87,43,3.6023,131300
6,2607,1266,475,3.4632,137700
16,3476,2126,665,3.3438,125400
52,102,35,33,2.25,175000
12,9148,4656,1853,3.2447,142200
31,906,383,129,3.4167,196900
6,3655,1993,596,4.6053,150100
5,3096,1760,519,4.5701,146400
11,1658,913,298,4.1705,162800
8,1959,995,365,3.3567,129100
37,375,120,37,3.9844,150000
16,19,166,9,0.536,162500
18,3469,1452,628,3.4079,147500
20,3275,1538,705,2.48,135600
33,828,373,133,5.5,146200
15,1232,408,196,6.9682,182400
29,2911,1170,460,4.9904,158100
33,3230,1579,560,3.5775,109700
26,90,47,18,1.125,87500
18,5129,3622,1128,2.0272,92700
28,1909,1140,380,2.3783,81400
19,3814,2219,804,3.5208,145000
5,4034,1967,742,3.8065,146000
9,6333,3265,1265,3.0217,160900
25,3262,1834,578,3.996,114500
20,3204,2016,605,2.6567,110400
27,1956,1004,307,3.7857,110500
28,2875,1608,558,3.5489,106400
4,13315,6420,2289,4.2471,162100
15,3062,1624,538,4.3864,137600
16,4961,2654,804,4.2823,138300
16,4478,1990,672,5.1473,188400
37,136,72,22,2.2279,225000
6,3491,2075,644,3.3844,138500
10,7566,3227,1199,4.744,148100
17,1147,327,136,6.8654,290500
18,3176,1296,471,5.5684,185100
25,2773,1060,381,6.4788,199400
30,1975,732,326,2.6932,94900
24,705,347,141,3.1912,149600
16,2793,1279,477,3.4667,160900
15,4065,1986,680,3.072,114300
16,2349,1302,392,3.1625,130300
9,1114,529,174,4.7159,163700
27,4006,1806,718,3.1848,112800
28,3269,1595,617,2.2336,112700
16,568,307,116,2.1518,107400
13,1221,682,275,3.65,155500
16,2493,1370,504,3.3368,121200
18,4197,2203,874,2.166,118600
16,1499,1292,271,4.3851,117300
17,2434,1558,546,2.9219,114300
18,1442,538,220,4.2969,163200
31,1648,792,294,2.4,121500
19,1974,799,377,3.1286,137500
15,2485,1296,434,3.8542,145200
24,2930,1448,570,3.5395,127900
21,2760,1260,576,2.0227,179800
33,1959,984,356,4.5208,114200
40,3012,1423,595,2.6346,100600
36,826,432,150,2.5,103100
10,934,401,255,0.9336,127100
33,1433,824,302,2.7621,109100
28,1768,1066,392,1.8315,90500
30,1718,914,400,1.933,107000
39,1748,831,302,2.5938,135600
46,1750,754,356,2.9137,106000
44,2848,1408,576,2.1487,86600
52,3887,1768,779,2.5089,119000
27,2278,995,449,2.5148,110200
37,2483,1072,445,3.0721,108100
36,3679,1366,581,4.5,151400
43,2369,944,422,3.2632,138100
43,2039,875,342,3.9844,152000
47,1713,570,297,2.1969,149400
32,3951,1916,740,2.6722,111500
24,2162,1468,441,3.1857,98300
31,887,614,199,2.1528,75500
36,3495,1688,684,3.1568,109900
28,1437,806,338,1.6078,125000
20,2973,1996,570,3.0645,106000
22,2001,1520,387,3.148,102300
5,2881,1490,570,3.0398,120000
33,1438,569,208,3.3516,150000
37,1043,555,197,3.4125,125000
42,1437,1035,284,2.1036,88300
35,1591,1290,352,1.564,81800
30,1721,1878,382,2.5363,83900
33,1469,1318,349,1.7104,59000
43,1241,612,266,2.8194,81300
46,2331,1210,484,2.5313,77700
14,5737,4722,1210,1.6731,95800
52,201,74,22,1.3036,75000
36,1981,1998,468,1.9013,69900
33,693,598,192,1.0217,81300
43,311,293,94,1.2902,67500
41,1580,881,361,2.7538,99600
50,683,459,195,1.8162,70000
17,484,198,204,0.6825,187500
52,178,152,62,0.4999,82500
19,121,658,41,0.9573,162500
52,530,325,158,1.1875,90600
16,3960,1776,724,3.9886,137500
41,1467,673,310,2.7917,90700
42,2359,1131,480,2.0833,95500
40,422,158,63,7.3841,172200
45,1913,839,333,3.1397,110700
40,1791,679,322,2.1458,130300
19,3377,2426,663,2.9783,82500
36,1320,720,232,2.6523,76300
26,1762,855,308,1.6767,81300
13,5075,3033,838,3.0577,119000
1,2254,402,112,4.25,189200
23,505,163,129,1.3696,275000
14,5200,3221,1102,2.6964,107000
34,1700,972,326,2.4485,95500
32,3487,1957,685,2.7209,88300
43,244,176,60,1.425,69400
39,45,22,9,1.7679,450000
36,60,51,14,3.625,67500
39,2617,2052,642,1.6952,65000
39,2360,2047,605,1.7054,58800
31,215,192,66,1.75,73800
49,2051,1525,467,1.59,80900
41,2764,2122,600,1.9643,74900
35,568,622,145,1.8167,79500
35,2074,1687,431,2.0885,73700
26,3819,3010,932,1.9206,81300
21,319,276,85,2.4792,60000
28,1153,1043,357,1.0801,75000
37,2014,1787,515,1.5515,54100
5,3655,2316,647,3.4703,129300
36,2647,2045,550,2.273,62900
22,4412,3116,817,2.6899,82100
33,1009,1027,246,2.5993,68000
36,1437,1073,320,2.1779,58400
39,512,443,127,1.2857,60000
2,5042,2784,787,4.6484,145900
11,4236,2410,850,2.3849,122000
29,1727,1063,386,1.8929,63600
13,3309,1796,555,3.8372,129300
17,4054,2034,667,4.6833,142200
23,3497,2467,816,1.9444,93400
16,1326,884,375,1.871,103900
35,1493,729,268,2.9821,97400
30,3257,1804,588,3.5331,102900
43,1561,862,332,1.8466,81500
16,3964,2622,766,2.3152,111300
19,1549,770,370,2.0493,99500
11,4981,1934,686,3.7041,174800
7,8489,5807,1575,2.9451,127800
18,335,189,67,1.2273,87500
16,284,239,46,1.8958,137500
24,2282,1167,398,3.8214,116100
5,6660,3012,1087,3.0809,143600
40,1010,488,157,3.8984,170500
20,3375,1505,598,2.69,201300
8,3294,2277,652,2.6417,96800
25,3214,2319,640,2.0385,84300
17,315,130,58,1.4464,79200
36,291,124,47,5.6945,154200
27,1170,660,222,2.3906,81800
30,816,531,147,3.2604,87900
30,918,469,139,3.9688,175000
35,1395,756,253,3.6181,178600
30,1527,757,240,3.6629,171400
27,819,451,150,3.4934,193800
22,1440,774,249,3.9821,204300
30,455,220,69,4.8958,142500
32,4579,2742,856,2.6619,86200
25,1178,709,214,4.5625,133600
33,1016,617,209,2.151,195800
12,4485,2445,832,3.7611,123100
26,1705,642,236,2.6591,180500
26,3396,2446,694,2.0521,65400
17,1812,672,334,1.55,166100
29,1179,672,243,3.1125,154800
27,925,449,168,2.6406,129700
36,1285,706,273,1.7169,121400
27,958,580,177,2.1875,82800
32,1717,1356,307,2.6705,91900
32,946,624,173,1.9728,97900
33,613,343,116,3.1875,129200
26,467,244,83,4.1346,187500
5,4109,3062,713,3.2396,125200
38,2427,1272,474,2.8833,115200
6,1772,1011,331,3.7045,128100
37,1995,1559,443,2.1833,92700
12,2263,913,330,3.5795,145600
4,2919,1592,491,5.2452,161900
30,2110,1301,345,2.3173,86500
31,1223,1067,245,2.8558,100000
33,69,47,14,0.536,112500
34,294,147,47,3,162500
37,1358,586,214,3.1645,170800
33,1401,915,282,3.4464,162500
52,504,295,97,3.5,73500
42,412,227,75,2.5,74200
36,48,27,8,4,75000
40,524,329,96,1.7188,112500
41,1045,632,230,2.3583,95000
17,1926,1054,321,1.6214,71500
27,1333,730,229,3.06,106000
42,2905,1457,551,2.2566,82100
6,2657,1409,392,3.3824,115500
14,3643,2070,697,3.1523,141800
18,2829,1751,712,1.6445,156900
18,239,92,36,5.3168,175000
45,350,187,63,2.5938,275000
30,509,275,115,2.2679,250000
42,1200,647,192,2.5402,157500
29,1468,747,231,3.4643,125000
30,1288,720,233,2.3864,139100
32,1256,682,236,2.9844,135900
27,1380,810,262,2.1875,137500
18,1802,1110,329,3.1641,96300
20,1417,853,263,3.3083,108300
29,1162,726,225,2.1932,90600
15,570,189,107,1.875,181300
20,707,282,86,6.1324,164800
13,2920,1602,490,3.9286,145800
17,729,431,121,4.2188,131300
44,1186,687,234,3.4167,160700
11,2285,1468,471,2.7857,110300
27,1118,647,209,2.9135,159400
29,1940,1070,332,3.6597,145600
2,1871,707,256,2.6103,133600
7,4966,2431,904,3.1042,122500
34,4272,2916,962,1.9829,82800
39,2840,2606,737,1.9429,76400
37,1084,893,236,1.6213,69500
22,2140,1441,409,2.4706,89400
42,264,310,70,1.4063,61500
10,2874,1960,596,2.7381,104600
9,9885,5372,1843,3.4821,127100
5,2899,1593,633,2.2292,127500
15,1131,728,281,1.5531,93100
47,2310,1126,447,2.2083,97300
52,1724,922,348,1.7227,85700
25,2383,1234,583,1.4529,86100
25,1611,882,261,3.5547,122400
17,1664,736,254,4.4083,165800
34,3078,1226,487,4.601,150000
21,2974,1313,461,4.4886,135400
30,1340,631,231,3.375,118500
8,1191,688,260,2.7243,138400
14,6337,3909,1480,2.0643,106500
6,1488,773,259,4.1859,150000
16,4527,2531,825,3.7065,124800
20,1901,1258,320,3.8958,126800
13,3795,1639,609,4.6635,198400
7,4480,2271,767,3.809,110700
7,1879,1065,410,2.4183,103800
27,336,195,68,5.3946,71800
16,2037,1267,451,2.4556,97100
16,1547,940,400,1.5613,72500
27,2991,1419,606,1.8849,73500
36,2321,1168,489,3.0962,74000
23,1984,1043,452,1.9375,65300
39,1874,822,377,2.5038,68300
41,2183,1202,506,1.6902,61500
44,2035,1030,453,1.4661,65200
41,1317,856,337,1.6719,64100
26,2355,1047,497,1.8208,79500
41,1147,583,239,2.2431,63400
21,1432,933,336,1.6823,83800
34,1991,804,344,3.4492,98800
35,2787,1431,601,2.5469,65900
33,2559,1583,504,1.4727,53000
21,1299,1494,311,1.3348,225000
26,1405,627,215,4.2188,94200
32,2574,1099,391,4.3864,117500
5,2320,1245,489,3.2465,97200
22,3585,1757,577,4.174,100100
11,3519,1459,549,4.2792,123800
21,2693,1337,435,3.8534,99700
17,1969,717,268,3.4698,179700
11,4833,2336,841,2.6842,89100
19,1366,596,203,4.0625,141700
13,6408,3294,1106,4.2656,110700
18,3212,1817,508,3.3793,92900
27,2098,1090,333,4.45,96200
26,2121,1125,366,3.3958,94600
14,2774,1292,428,4.3833,115200
22,2264,1056,403,3.6111,112300
13,1907,821,367,2.0978,134000
22,2144,1200,370,3.4426,102400
16,5022,2087,956,2.3963,114800
15,2659,1159,407,5.234,124900
37,1871,806,294,4,101400
29,1860,1137,365,1.5281,61600
25,2857,2076,685,1.8095,64100
37,1189,627,219,3.8611,100000
29,3041,2106,687,1.6315,58000
25,3819,1983,658,2.4464,72500
20,2302,1205,399,2.8,71200
42,1282,451,159,3.2917,97900
45,845,343,136,2.125,62000
48,540,234,74,3.6111,67500
46,645,410,122,1.7417,110400
38,412,304,95,2.6597,86000
36,1826,1068,318,1.9797,118800
26,2668,1437,505,3.3125,100000
34,2129,969,314,2.7039,106300
32,1650,802,284,2.9048,98200
25,778,340,155,1.7857,258300
29,1716,850,282,2.9324,137500
26,633,305,140,2.1827,72700
19,2611,1185,483,2.3657,94000
34,1950,1029,376,2.5197,82300
28,1782,873,311,3.3594,79100
26,4815,1341,539,2.881,79800
14,388,35,17,6.1359,106300
16,1978,961,333,2.6827,83900
12,3848,2008,683,2.6352,92200
10,2336,1003,368,3.0833,81300
16,2077,1155,389,3.1361,84800
15,3873,1697,627,2.4555,55600
16,396,188,72,1.3889,87500
15,2102,957,371,3.1908,137900
16,2722,1366,495,2.8447,87700
10,1621,866,283,3.5,104300
35,2467,1194,444,2.0425,63700
29,1912,859,325,3.7,70500
17,762,322,139,4.2917,128800
39,2191,1307,499,1.6483,60800
51,2378,1083,494,1.577,51900
47,1554,846,301,1.8077,54100
13,3719,1754,764,2.3517,88900
19,3404,1421,683,2.6149,84400
30,2750,1296,464,3.5305,73600
30,744,410,165,2.1898,63200
19,3182,1741,642,1.9727,64900
19,2500,1293,494,2.035,55100
21,1401,651,299,2.225,64700
14,2297,1637,551,1.787,51600
15,1677,858,327,2.4375,59200
24,1631,1042,333,1.7708,59000
21,1548,744,265,1.9773,55000
30,1952,961,333,2.25,68200
31,2053,1193,447,1.4923,44400
21,916,451,178,2.125,63300
25,2516,1266,494,1.7566,58400
32,1435,690,254,2.3043,68400
27,852,464,148,1.7125,58200
27,1065,508,198,2.625,91700
16,4006,2028,752,2.3929,77200
16,1566,652,287,1.9038,60800
32,2352,1316,447,2.2292,57400
27,1079,625,197,3.1319,62700
21,2087,888,361,2.207,86400
9,1296,768,260,1.9191,54400
21,1730,982,322,1.8375,79800
20,2563,1363,611,1.023,54200
35,1387,610,237,2.1759,59500
39,2467,1433,502,1.8571,53500
32,817,224,89,3.631,90400
16,2050,588,195,2.7083,88900
29,1637,753,270,3.2891,93100
20,3758,1685,757,2.3667,91200
14,712,270,90,2.3958,102100
17,3851,1352,560,2.125,71700
12,1350,423,172,1.7393,81300
17,1498,574,242,2.0268,94200
26,2231,987,364,2.4792,88800
23,141,47,23,1.125,66000
20,2680,918,345,2.2115,75000
15,619,287,104,1.9107,79200
25,767,301,121,1.625,79200
18,1650,675,282,1.8933,84700
17,769,301,126,1.7875,55000
23,708,316,136,1.1602,65000
18,1451,695,254,1.7262,73700
27,1573,847,330,1.9034,49600
23,1091,539,201,1.8696,61500
16,241,152,61,1.375,48800
15,661,131,57,0.4999,56700
10,365,140,49,1.7969,37500
36,98,18,8,0.536,14999
27,1848,396,150,2.8472,41300
19,518,216,80,2.7083,64500
20,133,87,37,3.625,67500
17,449,141,53,0.8362,87500
18,1302,320,133,3.1964,80000
30,2747,1368,453,2.9828,85200
24,1268,636,183,1.742,118800
20,1431,570,225,1.4821,143300
20,2749,1195,491,3.0391,139700
10,2271,986,358,4.0703,147100
33,560,310,113,2.5417,118800
35,1675,1131,316,1.6722,59100
33,1470,1222,301,1.8163,57400
18,2581,2732,592,1.8429,58300
21,2467,1721,515,2.5521,65600
32,728,461,149,3.0156,109100
27,1546,1704,395,1.1728,41700
26,337,277,73,2.3438,100000
38,402,311,87,3.1719,106300
22,1389,1185,271,2.0857,49200
39,3027,2199,592,2.6445,62000
32,3451,1968,574,2.9554,110300
27,1621,882,324,2.75,93500
28,2112,1011,335,4.2222,108900
19,3000,2202,590,2.5141,67400
30,1669,837,325,3.3869,80400
14,3965,1945,733,2.6906,95300
31,2342,1411,465,3.017,72000
25,1180,611,212,2.0729,84700
33,2465,2030,522,1.5223,51800
38,1281,1423,293,1.9602,51400
34,1590,1272,407,1.8068,59000
30,1408,1184,324,1.7165,59100
28,2201,1524,412,2.75,65000
19,1402,1327,316,2.25,53200
33,1509,1734,336,1.625,50300
39,858,1222,224,1.5714,43000
35,1689,1475,329,2.5719,74300
24,1039,643,193,2.6711,71300
26,1775,1217,383,1.8801,57600
15,1517,1275,343,1.5875,55800
17,877,966,218,2,52500
31,1533,1518,386,1.5608,51700
23,1885,1056,338,3.2159,92800
36,1508,1283,312,2.1205,60000
39,1730,899,309,2.6648,129200
17,2076,998,340,4.3281,145700
39,1660,1061,306,1.4812,53500
31,1465,1013,297,2.0363,53500
18,2158,1461,395,2.0216,58000
18,1115,1742,176,2.7969,123800
32,2293,1538,468,1.9342,68600
22,1824,1076,282,2.3365,69600
20,1743,1390,336,2.2222,52900
20,1469,1031,259,1.6645,48000
15,1740,1332,308,2.5743,60200
10,1832,1664,429,2.0227,53300
24,1855,1520,410,2.3304,64900
27,1515,1178,309,1.4432,48100
14,2985,2250,607,2.1602,65200
18,2060,1348,397,3.4312,68400
20,1132,518,178,5.3767,231300
20,1896,674,277,9.0376,239100
18,2603,1158,423,4.5938,150500
5,4505,1917,775,4.0144,126600
17,2250,1218,468,4.1812,93700
14,1195,568,229,3.1486,105600
11,3221,1351,565,2.9844,132000
28,1440,2178,440,1.2634,50600
35,1235,1246,341,1.474,71000
45,3723,2256,770,1.8299,63100
32,1893,1744,425,1.4729,54100
19,792,641,222,0.7445,112500
46,1636,772,332,2.425,84900
16,3245,1471,450,5.8673,154800
7,3433,1793,626,3.5296,83700
7,3598,2080,678,3.1111,72400
10,1051,927,274,0.78,55500
26,2057,1453,439,2.4113,58600
9,3289,1866,631,3.1599,95000
33,2199,1245,394,2.73,96900
21,3146,1580,513,2.7857,92700
18,1666,859,301,2.6065,93800
33,3379,1565,618,2.7321,76500
29,1638,942,322,2.1731,66200
18,2377,1359,424,4.4,79300
7,2946,1608,622,1.6829,80200
18,1435,657,254,2.4281,72500
32,2084,1410,420,1.5321,48300
36,788,405,180,1.47,61900
19,1427,1026,293,2.625,57000
32,1355,1427,384,1.3444,45600
23,951,806,222,1.7734,41400
18,1433,1092,276,1.9135,49400
17,2079,2022,462,1.5464,54100
23,1494,678,235,2.6875,69100
22,2295,1654,478,1.684,65900
27,1513,839,350,1.2012,64600
35,1898,1123,433,1.1419,62900
29,2274,1234,521,1.9138,66900
33,2107,1364,442,2.2024,67200
16,2812,1620,523,3.7404,89200
6,2881,1432,504,4.0806,110200
9,3631,1881,628,4.7723,113100
32,1821,812,299,2.75,72200
18,3578,1540,640,2.425,84600
44,2060,819,355,2.8795,77000
23,3521,1712,636,3.3875,92500
44,2032,791,336,4.0298,109000
23,2945,1419,532,2.5733,88800
14,2382,1278,386,5.1896,101900
34,1439,607,223,3.0972,82800
16,2234,1150,361,4.2778,97300
18,3860,1643,664,2.0714,92600
20,1256,566,195,4.0221,86300
14,3023,1523,492,5.3602,118600
20,1157,572,191,5.3495,177300
16,3331,1955,763,1.6148,86600
14,1204,633,247,3.925,83800
10,3817,1686,714,3.8235,94600
6,3266,1769,580,3.1574,89200
20,2025,1039,346,3.5313,82800
35,2316,849,378,4.3816,88600
23,3137,1446,548,2.5,85500
19,2778,1092,451,5.2561,121300
29,2409,1142,440,3.6895,87700
21,2309,1047,453,2.9886,87500
17,2401,1100,409,4.0577,107300
15,1472,892,257,5.3909,113000
11,3045,1563,516,5.4337,133800
15,2864,1480,475,2.9698,93400
14,1635,870,399,2.7,88900
13,2394,1177,389,2.6875,74400
12,2172,1013,354,4.9464,115600
14,1932,997,291,3.6875,93200
16,2624,1077,520,2.125,104200
14,1680,931,350,2.7336,89200
23,1895,749,313,2.2333,120100
32,1702,1016,350,2.5,73600
25,1696,909,291,2.3,132800
10,2445,1262,476,1.9355,68300
19,1673,1298,343,2.706,64800
18,1082,793,213,2.4032,60000
32,1290,852,309,1.4429,54600
26,2481,1445,498,1.6378,60300
25,1170,804,257,1.3889,50200
35,2228,1567,449,1.4455,54100
12,4965,2191,804,3.5611,90200
29,2051,915,343,3.1944,106800
38,2708,1260,455,3.0905,78200
29,1735,805,293,3.5039,89900
38,3115,1238,606,2.6083,67000
30,749,537,199,0.8229,68400
9,3748,1955,620,4.2011,108100
5,2319,1283,423,3.6343,95400
29,1220,619,246,3.3125,78300
21,1231,609,206,2.8365,90000
24,2015,1031,351,3.4306,139200
23,3180,1829,498,2.6098,66000
24,1248,641,200,2.4722,129200
22,2935,1927,530,2.5875,70400
21,2645,1245,407,2.9145,114200
28,1606,1158,317,3.0324,55600
20,1911,1241,348,2.5156,59300
34,1715,780,297,3.4306,74300
43,1335,943,288,1.9861,47700
38,1901,1613,400,1.8828,44600
38,727,559,176,2.4653,49500
10,1972,1469,442,1.5407,58400
22,1033,442,136,2.6447,137500
30,2685,951,523,2.6184,113900
43,1281,534,231,2.8906,65700
11,4103,356,171,2.1029,99100
10,443,48,21,3.125,71300
20,4642,658,247,2.3937,82100
38,298,161,47,4.125,71300
14,3263,1910,594,2.8603,128900
30,1677,1159,365,2.4554,61200
17,1564,713,362,1.6186,77100
22,3065,2165,738,1.4792,54400
12,1632,1303,315,2.0333,54400
27,418,332,141,1.0714,63800
23,1837,1064,335,3.1453,74500
25,2360,1424,436,2.3152,63100
25,1427,772,221,2.2262,64500
15,1562,961,287,3.4231,83300
11,1281,861,313,1.0962,72300
11,3136,2013,583,3.335,69700
31,1783,1266,358,2.2264,50800
29,1938,1487,414,1.7462,51100
33,1955,1412,397,2.25,51500
24,1306,889,276,2.4922,66100
6,958,734,230,1.0349,67800
27,2119,1268,345,2.8152,106900
21,2751,1496,489,2.3882,49200
18,408,253,75,2.0313,112500
20,2236,1405,412,1.8827,48700
39,915,580,175,1.8894,112500
29,1016,481,140,2.2917,112500
30,1471,1418,357,1.7432,42500
29,1815,1421,339,1.9091,71300
41,759,408,129,3.9,85900
28,1673,1434,371,2.0586,40900
21,2271,1145,372,3.1528,113700
24,2259,1169,395,1.7106,95500
20,1282,852,247,1.6354,49000
25,2402,1527,461,2.3194,52900
32,1838,1628,425,1.6452,41500
27,1575,1063,317,2.1477,53900
26,1748,891,303,1.9439,62100
17,3915,1768,688,2.375,79800
28,1148,521,212,2.9208,98500
25,1880,1003,315,2.7298,103400
21,1344,868,221,2.5893,63600
11,2572,1402,415,3.6786,72900
15,2288,1238,429,3.0278,77400
9,3297,1749,568,4.0217,99200
17,2623,1912,618,1.5893,52000
19,2554,1301,419,4.1856,72100
5,2693,1785,491,3,71000
11,2265,1285,387,3.2042,76200
20,2683,1497,548,1.7031,64600
21,2472,1238,504,1.7756,62900
23,2344,1184,406,3.1625,70600
15,2234,1254,420,3.0234,88600
31,1620,1154,348,1.8857,55500
19,2736,1432,503,2.6944,67700
19,2471,1040,426,3.25,80600
26,2185,1108,419,2.2277,78000
26,3210,1908,642,2.4167,77600
29,2610,1659,571,1.5911,60800
39,1173,702,232,1.6146,53100
44,2450,1330,508,1.6103,50900
19,2988,1654,576,2.3792,90000
33,2043,1497,417,2.343,47400
24,3208,1986,662,1.5506,52300
26,1289,1100,244,1.975,51400
21,983,672,169,2.975,63900
19,2153,1317,386,1.7564,42600
41,937,396,142,4.0833,81300
20,1042,509,175,2.9815,73000
36,1925,1405,422,2.162,51900
41,2279,1908,511,1.3952,43100
25,1505,1392,359,1.6812,47700
27,1127,839,276,1.3807,53100
22,2078,1336,456,2.2202,65200
21,554,426,122,2.3516,47500
26,1460,880,286,1.3676,47800
20,2911,1746,588,1.7372,51000
25,2014,1160,362,1.881,52500
22,1750,1113,338,1.505,42700
20,1934,1341,336,2.1434,62600
37,736,564,138,2.4167,58300
19,1809,2051,416,1.8144,49800
18,1855,1839,392,1.7572,53300
32,1393,1282,336,1.5069,43700
12,972,1134,286,1.63,49500
24,1590,1686,372,1.6469,47600
18,3501,2009,660,2.6576,65700
18,1187,1343,277,1.875,51700
25,1009,994,222,1.8462,55800
17,1668,888,277,3.7794,96200
17,2098,912,354,2.6544,112600
33,2177,891,383,3.212,105200
19,2010,910,390,2.6696,121200
52,1056,584,255,2.1513,86700
30,473,242,93,2.5417,123200
3,1167,422,186,2.4191,217500
36,2864,1155,565,2.3571,113400
29,2508,1112,550,1.6021,91400
47,1060,496,205,2.5781,104800
17,301,122,47,4.0583,87500
13,1996,618,218,2.9083,104600
12,1430,517,240,2.6544,128100
16,1499,733,286,2.5729,118800
20,1551,647,228,2.6094,139100
14,2061,859,462,2.1289,115300
15,1613,655,251,3.6875,186000
11,2366,1046,387,3.8203,139700
6,1281,422,160,3.2875,111300
13,2095,860,331,3.6838,145700
13,3839,1486,532,3.1875,99800
12,3014,1424,485,3.0729,105100
23,1908,984,374,2.517,153500
14,1944,822,314,3.5,170700
22,4173,1086,444,2.5562,136200
21,4924,1175,454,2.9457,116500
14,3803,1129,477,2.7188,137000
43,102,44,13,0.4999,162500
17,8651,2071,757,3.1076,115800
37,3355,338,136,2.0625,88900
26,7005,416,189,2.125,132500
12,2726,1351,474,3.5,107100
11,1214,633,199,3.125,148600
14,1954,917,316,3.1523,93300
17,1047,530,196,2.1538,153300
34,1747,935,362,1.625,79400
52,1230,609,243,2.0057,68200
13,493,196,68,3.375,134100
5,111,58,25,1.675,112500
4,1658,676,278,3.5714,149500
17,2530,1024,496,2.0057,118900
17,3243,1408,566,2.474,120100
17,1459,753,271,3.05,144800
16,108,54,22,4.375,100000
25,287,118,50,2.3056,162500
16,324,135,61,2.4615,137500
9,13670,2811,1193,3.2589,137900
30,1189,446,165,3.4838,112500
18,473,88,41,4.0833,137500
17,346,51,20,3.4861,137500
25,2505,1145,483,2.006,103000
18,3059,1335,581,2.5129,115900
19,2787,1208,532,2.4922,98700
10,2554,922,439,2.1094,164000
22,1022,517,198,3.625,99400
13,2104,960,401,2.4,177000
16,744,311,122,4.4231,87500
8,2687,5087,385,3.1719,115400
19,961,479,138,3.3438,156300
10,416,436,70,2.2222,262500
28,1000,545,154,2.4167,191700
45,1610,1148,347,2.7,120400
20,728,360,115,6.1244,375000
34,1328,795,227,4.4219,338100
33,1775,1071,296,4.6607,187900
17,3275,2422,637,3.7092,190500
23,1290,1060,279,3.3152,198000
22,2702,2664,571,3.0893,173400
35,4431,2304,720,4.2599,209100
30,2861,2065,586,3.2024,176100
16,2614,1163,524,1.5781,134400
33,1465,731,266,3.9464,230300
32,3885,2504,736,3.6453,201700
22,1815,2428,473,2.8417,162500
50,1236,1079,257,2.6991,181300
21,2424,1379,484,2.6786,184000
35,462,334,96,5.3582,281300
52,1409,981,304,2.7951,199300
52,1239,934,298,1.8618,183300
34,2426,2116,631,2.0682,158300
39,950,1366,312,2.2443,146600
20,4725,2823,869,4.0122,214800
24,3663,2718,778,3.2757,186000
23,3065,2042,698,2.7593,194800
14,4026,1825,671,3.5541,191800
28,7200,3793,1238,4.075,237900
48,1459,902,350,2.4185,189900
34,3193,1434,627,2.4777,260300
30,3826,1656,657,4.0074,434700
34,9280,4514,1693,3.2026,227600
39,2056,939,371,6.6257,427600
16,630,343,100,5.75,325000
15,1659,679,253,5,357900
33,2005,1043,351,5.308,297900
17,321,92,39,7.75,375000
22,2612,1361,439,4.1319,245000
23,282,130,57,2.4375,225000
41,1408,793,264,2.5441,161200
27,669,314,106,2.4659,231300
5,403,208,54,12.632,500001
36,2376,1505,547,2.4595,197600
26,2849,1383,532,2.6893,230800
34,4314,2361,831,3.2279,243100
22,3527,1483,640,2.7019,234700
23,4763,2198,771,4.8105,313000
18,5591,2860,1026,3.5822,219900
22,3891,1727,581,4.2656,241400
35,3079,1807,589,4.69,199300
28,731,285,162,3.2917,225000
18,3932,1896,680,5.2953,279400
21,259,142,45,5.2681,500001
21,2475,1269,505,2.98,259200
28,3231,1665,540,4.8583,224200
17,4526,2088,655,5.6885,268200
25,2197,934,330,6.311,283200
29,3128,1815,648,2.9821,175700
19,3238,1195,443,4.8472,500001
16,52,51,15,2.475,225000
17,2754,1349,533,3.1618,154200
30,413,400,112,4,219200
11,5330,2801,1028,4.763,232700
24,1824,1049,320,5.9181,221100
31,790,1095,222,2.25,75000
6,2307,910,364,5.215,279500
24,4165,2194,658,6.0661,234800
18,8010,3982,1483,4.0905,236500
10,3654,1638,551,6.1885,267300
11,4695,2065,982,3.2158,223600
31,224,326,88,2.375,55000
10,3150,1582,653,4.2448,157300
16,2596,1403,562,3.4018,145200
8,4942,3012,1033,3.445,203400
23,2887,1508,518,3.3452,217600
13,3009,1439,607,4.1845,199500
16,5018,2524,830,5.1752,218000
22,2334,1298,363,5.5275,228900
12,232,79,35,4.1667,214600
26,2406,1313,391,4.9079,234100
25,2203,1194,377,5.4087,223200
18,3208,1973,614,3.8162,235000
25,195,140,43,3.8889,187500
22,2362,1127,499,3.4006,219400
30,1937,695,313,5.0679,234300
22,3536,1650,612,4.2381,229300
22,7548,2855,1008,6.729,409300
27,2219,937,315,5.7601,281100
18,1713,690,239,6.9483,404300
24,4260,1581,607,5.5048,303600
24,2212,899,331,5.533,299700
33,2467,1052,363,4.7333,257500
36,1530,703,317,3.5819,231900
41,2822,1288,541,3.0799,254100
34,1189,445,203,4.8824,396400
36,2232,951,368,5.2261,303200
41,1280,608,252,4.4038,229100
41,1835,683,308,4.8977,358200
52,2239,941,397,4.125,349000
32,2274,982,393,5.3254,385200
33,3854,1835,894,3.5294,323900
24,7637,4647,1623,3.5385,186800
41,1445,1052,388,2.6333,170800
50,3128,2535,783,2.3669,165300
26,3665,2775,870,1.9286,160500
25,1092,702,215,3.9063,192700
38,2387,1537,741,2.3147,192500
17,1527,688,423,1.6007,187500
32,3295,1344,600,3.6007,395500
23,3578,1455,649,4.1898,359100
22,2486,709,523,2.9018,275000
27,4742,1682,696,6.194,500001
44,1312,668,278,4.09,203800
50,1710,915,380,3.1757,206300
52,459,276,107,2.375,198400
52,1577,836,335,3.5893,206600
43,403,156,85,4.6667,384600
44,706,399,149,3.0089,166700
46,679,382,143,3.5,221200
32,4071,1900,874,3.2792,220500
29,3298,1509,711,3.8125,244500
30,2948,1635,750,2.67,214900
35,2532,1338,422,4.7727,219000
36,1972,1029,411,3.7337,209000
40,2528,1318,549,3.6413,212700
42,918,394,204,4.0069,214300
28,26,29,9,8,275000
12,15201,7132,2251,5.6756,301800
17,629,514,186,3.2847,112500
16,4609,2147,1007,3.375,218800
26,3175,2460,775,3.125,219900
17,3889,2415,739,4.5,234300
15,4615,2549,973,3.9063,198700
29,4188,2783,790,4.1949,197100
33,1039,1432,272,3.1103,143500
35,2183,3504,623,1.9704,160300
36,2028,2751,496,3.015,149300
40,1083,1843,349,2.3077,106900
30,1096,741,229,3.8625,234700
29,4039,1677,644,4.3897,257600
28,4194,2556,856,4.2227,235400
27,1887,1339,428,2.9185,224500
36,1293,1128,335,2.1542,253900
34,3413,2223,651,3.8239,208200
46,2062,1522,469,3.087,213900
18,3620,3171,779,3.3409,220500
19,2393,1938,762,1.6953,167400
21,494,489,106,2.6964,170800
5,384,410,149,1.5625,87500
15,11403,3327,1585,4.3693,423300
16,5297,1489,667,6.4522,500001
18,6171,2164,1210,3.6875,500001
18,6213,2679,1000,3.748,380400
15,3797,2216,675,4.7443,229500
15,5614,2754,994,5.035,242900
17,3332,1797,673,4.4292,231200
19,9503,6370,1718,5.0016,218500
27,1035,782,222,4.2212,185400
35,2599,2726,543,3.2212,180500
32,3366,2857,669,4.6186,181100
36,4519,4818,1061,2.8561,179100
31,2636,2695,614,3.2196,175800
38,3221,2792,736,2.9118,172400
34,2749,2330,559,4.2137,185600
32,1567,1482,308,3.5867,182100
42,1411,1295,339,2.6667,164900
25,1596,1378,308,4.0074,188000
21,2361,1146,396,3.6597,195100
31,1872,1511,405,3.2314,186800
35,4276,3295,708,4.2583,187300
32,2388,1746,483,3.9331,187600
30,2053,1496,391,3.6546,186200
27,2183,1458,388,4.4567,191100
34,2610,1543,433,3.9722,189000
35,2733,1814,511,4.4187,183400
32,3152,3490,526,2.725,450000
22,6465,2694,1370,2.9832,165600
13,6103,2986,1212,3.9718,215200
31,4175,3310,954,3.1989,185400
27,2076,1904,647,1.4773,160800
15,5778,1722,829,4.3427,305800
12,460,405,103,5.2783,167400
27,1832,1480,414,3.9643,186000
22,4769,5534,1318,2.4167,192000
17,5276,4066,984,4.5828,205400
18,2509,3129,677,2.6098,146100
16,6389,6242,1340,4.0222,206800
22,1612,1431,335,4.8125,194400
16,1593,836,357,2.726,67500
37,470,522,83,2.0368,243800
28,1444,2145,437,1.6964,175000
25,2202,1415,412,4.43,207700
23,3204,2295,614,3.9485,196600
17,224,147,71,3.6167,280000
17,7982,6437,1596,4.1279,223900
23,2239,784,497,1.6038,194300
25,3445,5558,894,3.0972,169300
15,1329,1001,284,3.65,189300
36,3511,2965,695,4.0878,186800
26,5444,3700,1158,2.7556,213200
8,243,102,80,2.5714,500001
35,2028,2252,521,2.4643,182000
31,737,1436,168,3.5625,194100
21,1856,863,255,4.5833,500001
16,3103,1567,467,6.907,500001
21,7436,2982,988,7.6775,391200
17,10214,3409,1327,5.3806,452100
40,1498,707,249,3.7974,228700
25,3344,1483,496,6.196,340600
20,7794,4169,1188,5.9316,311900
24,4341,1929,703,5.4298,279600
9,10618,4830,1606,6.6246,284200
11,5785,2760,985,4.693,232200
5,10018,4253,1120,8.9063,500001
14,15207,6301,2829,3.9699,217000
25,3655,1776,544,5.687,238100
16,5323,2493,779,5.6762,271300
24,4650,2374,702,5.8838,232600
21,3284,1832,521,5.2773,250800
24,3421,2220,645,4.7831,214200
21,9807,4199,1554,5.0145,246600
23,3471,2002,555,5.2742,257500
29,3511,2591,596,3.0219,221700
18,3117,2079,545,4.6458,222800
13,4175,2257,1271,3.1446,177100
5,3634,1317,743,4.2917,227900
39,143,113,33,2.8942,275000
32,166,63,29,7.3004,125000
11,4528,2398,684,5.3044,319000
27,4357,2110,876,3.0119,218200
8,40,309,16,4.0208,52500
12,57,69,15,5.0066,275000
18,7338,3419,1058,7.0242,293100
16,1807,587,296,1.9811,162500
16,3137,1384,436,6.1306,258200
16,2476,1251,387,5.7676,241300
25,2237,1121,365,6.0994,254900
9,2372,1039,321,7.6016,344900
16,3746,1556,452,6.3303,299400
15,1679,928,264,5.5681,235600
23,2630,1184,385,5.2955,247600
21,2953,1397,410,6.541,291500
18,2730,1248,412,6.187,287900
17,2400,1067,323,6.3522,259300
17,1552,685,244,5.9836,294800
3,1170,493,142,8.0428,500001
17,3220,1381,733,2.8958,176000
20,1288,539,181,5.8652,302600
14,2627,1121,328,7.0504,333800
14,4719,1880,731,5.3558,313800
15,4260,1701,669,5.1033,410700
42,564,220,81,4.5625,318800
18,6075,2571,1018,5.22,399400
17,3785,1527,507,8.4443,358500
16,1509,578,235,10.2614,410800
24,1999,759,247,8.7657,366300
9,655,222,109,7.8528,337500
16,3380,1227,641,4.2857,233200
16,1316,450,173,10.1597,500001
16,1956,671,319,6.4001,321800
16,4109,1409,560,8.1064,423400
24,2719,1318,424,4.675,228800
24,3689,1898,581,5.9224,239400
25,3502,1713,508,5.5181,242100
17,2619,1655,557,3.886,281300
16,3631,2585,923,3.0691,130400
16,6510,2304,778,7.9943,452100
26,1582,573,182,10.0595,500001
15,5644,2659,783,6.7559,312000
20,3878,1651,591,5.5402,264600
14,4242,1858,689,6.0145,287100
16,2343,2007,383,5.756,302700
14,3108,1566,434,6.2423,305400
17,5593,1992,660,7.2965,342900
13,5094,2230,737,6.4823,290900
26,1932,886,289,5.0855,232200
26,1775,1004,323,5.5845,251700
22,1230,673,195,6.2708,251400
25,1328,691,228,4.9234,241400
29,2195,1360,401,3.4773,206700
26,3354,2020,648,4.1576,211800
22,3654,1565,518,6.2748,274800
26,4439,1881,592,6.2935,258000
26,1590,654,199,6.5851,300000
26,1924,775,244,7.001,286800
23,4862,1938,594,7.3409,316000
26,2296,842,263,7.7889,309900
32,2399,1199,390,4.125,264600
26,3135,1474,458,6.1949,243500
23,2179,1338,406,5.5224,240700
16,7268,3232,1653,3.3703,228700
21,5661,3188,1308,3.4676,212800
11,5873,3089,1365,3.5504,173800
16,3449,1877,816,3.2176,187500
28,2040,848,280,6.7612,323700
29,1326,586,187,6.5474,422900
27,1931,736,244,6.7805,392900
27,2287,967,321,6.5162,349400
23,5647,2050,738,6.3586,348300
17,4668,1917,624,8.1397,353900
35,1503,576,216,5.1457,500001
17,1822,578,291,5.4346,428600
4,16704,6187,2207,6.6122,357600
18,6217,2703,834,6.8075,325900
11,1177,415,119,10.0472,500001
4,15572,5495,2152,8.6499,500001
6,8803,3385,1010,8.7288,425800
11,3170,1418,432,7.5118,361900
16,4975,2537,971,5.2361,224700
16,1466,661,209,6.2893,282700
25,1815,960,284,5.4243,214700
22,4337,2347,636,5.4091,222400
28,2405,1011,378,4.504,204300
47,1315,581,268,5.4024,253000
10,3663,1179,371,12.542,500001
4,9147,3950,1661,5.716,320800
17,1986,761,241,7.2137,401900
12,3330,1577,584,4.6985,264100
6,16222,6700,2080,6.4963,308100
24,4072,1834,565,6.0487,254500
13,1841,833,231,7.7785,404700
50,187,130,35,3.3438,500001
13,5591,3188,971,5.5925,208600
6,6679,3196,1157,5.4493,242600
28,1545,1334,318,3.4375,194100
23,366,265,66,3.125,375000
30,917,678,171,5.8133,195700
22,3369,2751,710,4.0474,182100
6,6106,3246,1062,5.2206,280200
5,25187,11956,3478,6.9712,321300
20,3678,1882,694,4.1607,196800
20,2743,1798,613,3.6761,170900
27,1146,595,197,4.5833,198500
7,3074,1816,654,2.7137,196400
10,1658,1053,333,4.7574,209900
6,4685,2180,909,4.5458,208200
27,1416,1024,268,5.1074,185200
26,2873,1915,475,5.3681,187700
17,5512,2734,814,6.6073,258100
22,3844,1665,492,6.2059,239900
21,2786,1114,322,5.8578,266300
20,3495,1629,428,5.8096,264400
27,1452,928,259,4.6908,186600
26,966,690,191,5.1698,188000
24,3241,1567,446,5.5983,233300
25,3371,1717,506,6.1253,225000
26,990,719,232,3.163,179400
23,4550,2301,744,4.556,205300
23,2493,1488,505,4.18,215000
26,3038,1825,468,5.6385,196900
26,1750,962,278,4.5673,190400
26,1929,1067,320,5.4038,222100
26,1767,1040,250,5.4787,198100
24,2234,1325,383,5.4604,193400
27,3467,1798,493,4.8717,204100
21,4056,1974,634,5.9024,221000
25,3409,1699,484,5.653,225800
27,2911,1773,580,4.6528,186600
25,2377,1200,439,4.7083,196100
27,727,467,144,3.7188,250000
17,2654,1392,451,5.4459,223900
18,2229,1283,379,5.5955,217700
17,3051,1705,495,5.7376,218600
21,4059,2133,634,5.6949,235300
17,6488,3199,1070,5.0962,238000
5,6123,2440,736,7.9013,393000
5,6150,3188,1266,4.7034,223000
16,4637,2476,878,4.0568,225200
26,1561,817,242,5.477,209100
15,3221,1390,607,3.5313,191800
10,3753,1859,660,4.9946,204600
23,1724,934,306,6.0783,229200
24,2983,1203,381,6.3236,302000
21,2751,1432,483,5.2067,221200
27,3536,1837,580,4.4964,238300
23,2831,1284,393,6.1383,244100
25,1678,862,268,6.1834,229800
23,1983,978,287,6.3199,236700
27,1527,756,226,6.1825,227000
20,1586,699,209,6.5483,335000
45,121,67,27,2.9821,325000
27,534,243,77,8.2787,330000
11,5451,2526,752,7.355,343900
22,3266,1595,494,6.0368,248000
8,4983,2510,725,6.9454,276500
35,6418,3814,1496,1.6647,69100
42,1822,1372,560,1.2542,76000
25,5154,3196,1073,2.7566,80200
29,2242,1481,478,2.0781,74800
40,2120,1304,464,2.0368,67800
36,435,285,90,1.2292,69600
34,431,391,77,2.625,225000
24,938,508,253,1.642,32500
39,2438,1103,472,2.9375,86600
43,2360,1041,452,2.89,86200
30,4648,2524,1089,1.3177,74300
32,2070,2046,523,1.9426,82300
33,4988,2414,1075,1.9728,76400
35,1316,732,336,2.1213,79200
34,3395,1518,627,4.0833,118500
36,1672,969,337,3.0536,73100
22,2403,1088,421,3.9,146900
10,6227,2909,1077,4.106,115900
43,1485,653,251,3,141700
37,1365,952,268,4.037,156900
7,1777,4479,504,1.4653,310000
11,5121,2258,901,4.7168,223200
12,10509,5633,2138,2.9605,204300
11,15018,7984,2962,3.1371,201800
17,1964,808,286,5.9629,286000
16,2372,1400,583,2.8922,153600
13,6141,2553,967,4.2432,326500
18,3960,2248,1144,1.7257,179100
34,2299,1300,536,1.6435,148500
34,1717,1224,387,2.7917,130800
18,974,521,317,1.0633,137500
30,3306,1623,648,2.8614,145200
20,8627,4071,1466,4.2198,164100
16,2790,1386,636,3.1908,194300
13,6819,2828,1115,4.6225,226500
33,2479,979,377,4.7308,236200
33,6861,3717,1767,1.7311,182600
23,8800,6330,1832,2.065,219400
26,4802,2199,939,3.7452,227700
47,1697,775,276,3.4559,123100
43,2559,1820,591,2.1927,107900
38,674,701,189,1.3942,69400
8,3544,2118,678,3.7477,122200
23,1755,1061,313,2.8864,103100
31,2547,1579,509,2.6774,95800
11,3851,1847,747,3.4331,120600
24,3794,2225,864,2.8068,95300
39,2806,1659,638,1.9787,97800
11,3251,1700,615,3.1875,172000
17,2875,1876,749,1.951,152500
43,3766,1855,817,2.3468,119400
10,2086,1073,378,4.5526,154400
30,2602,981,405,4.7222,167200
38,2948,1123,460,4.0556,146900
42,2670,1548,534,2.2794,108900
45,2438,1415,510,2.8351,107200
9,12139,6837,2358,3.125,132500
32,710,550,154,2.8882,151400
22,1360,808,229,2.4167,225000
29,3167,1554,534,4.3487,200700
15,6809,3060,1060,5.3064,165000
18,4224,1907,641,4.8226,139900
17,5320,2866,928,4.1997,133400
6,1485,894,308,3.2222,139600
6,4598,2561,812,3.4186,127300
27,3044,1583,514,2.7989,126700
20,1005,457,157,5.679,225000
10,1320,898,228,1.9327,193800
38,575,259,109,3.75,187500
26,272,194,52,3.4187,98400
15,1462,774,271,2.5478,91700
37,352,238,67,2.8542,275000
36,1069,567,190,1.9559,78400
32,1950,1145,363,2.8365,87900
20,1138,459,209,3.1534,123400
33,1221,488,199,3.7574,92700
31,371,208,84,3.875,137500
19,1265,755,218,3.3472,69800
26,1113,689,234,3.0486,83600
23,1796,939,330,2.7955,96300
19,1396,940,309,1.5208,70300
5,1922,938,439,2.0474,61300
48,1783,938,374,1.6652,58900
41,1492,804,353,1.684,71300
34,1376,702,317,1.4946,55500
52,662,520,149,0.8928,55000
36,1206,537,204,3.3611,79800
21,1872,870,301,3.725,84700
12,3349,2029,619,2.9647,88800
33,2033,914,330,2.6964,68500
33,1897,888,385,2.1111,68700
38,1756,837,401,1.9122,55500
35,2157,1009,409,1.5827,63000
18,1632,769,330,3.1029,71700
30,442,413,88,1.5694,57900
17,2277,1607,562,1.5085,69700
18,4289,2707,939,1.3375,59600
17,4251,3265,934,2.3496,65000
26,2796,2017,632,1.8355,61200
30,2601,1702,506,2.08,56600
28,1442,832,286,1.8413,62300
24,1107,768,205,1.7167,48800
18,2171,1527,447,2.3011,57500
28,2130,1195,439,1.3631,45500
27,1783,1163,409,1.2857,47000
26,1377,761,267,1.4934,48300
31,1728,1167,384,1.4958,53400
26,2276,1455,474,2.4695,58000
23,1076,724,197,2.3598,57500
15,1810,1157,375,2.0469,55100
20,561,308,114,3.3021,70800
25,1332,726,226,2.25,63400
22,1891,1023,296,2.7303,99100
40,198,151,48,4.5625,100000
37,1244,484,157,2.3661,77500
20,755,457,157,2.4167,67000
32,1158,598,227,2.8235,65500
16,1698,731,291,3.0739,87200
37,102,29,14,4.125,72000
36,1124,504,171,2.1667,93800
5,358,169,59,3,162500
19,2043,1018,390,2.5952,92400
28,10035,6912,1818,2.0943,108300
11,2640,1257,445,3.5673,112000
15,2655,1200,432,3.5179,107200
15,2319,1047,385,3.125,115600
27,2080,1082,382,2.5495,98300
28,2332,1041,344,3.7125,116800
25,1665,845,330,1.5603,78100
18,697,356,114,2.5568,77100
17,2254,1007,433,1.7,92300
18,1860,741,349,1.8672,84700
16,2785,1387,530,2.3886,89400
