Name,StartDate,Email,LocationCode
Uriah,20-Sep-19,uriah.bridges@bilearner.com,34904
Paula,11-Feb-23,paula.small@bilearner.com,6593
Edward,10-Dec-18,edward.buck@bilearner.com,2330
Michael,21-Jun-21,michael.riordan@bilearner.com,58782
Jasmine,29-Jun-19,jasmine.onque@bilearner.com,33174
Maruk,17-Jan-20,maruk.fraval@bilearner.com,6050
Latia,06-Apr-22,latia.costa@bilearner.com,90007
Sharlene,06-Nov-20,sharlene.terry@bilearner.com,97756
Jac,18-Aug-18,jac.mckinzie@bilearner.com,78789
Joseph,21-Jan-22,joseph.martins@bilearner.com,78207
Myriam,04-Aug-23,myriam.givens@bilearner.com,46204
Dheepa,10-Aug-18,dheepa.nguyen@bilearner.com,30428
Bartholemew,25-May-22,bartholemew.khemmich@bilearner.com,80820
Xana,05-Dec-19,xana.potts@bilearner.com,40220
Prater,28-Apr-19,prater.jeremy@bilearner.com,89139
Kaylah,09-Jul-19,kaylah.moon@bilearner.com,2810
Kristen,05-Apr-21,kristen.tate@bilearner.com,2621
Bobby,28-Nov-21,bobby.rodgers@bilearner.com,44553
Reid,16-Jan-21,reid.park@bilearner.com,5360
Hector,24-Aug-21,hector.dalton@bilearner.com,16325
Mariela,26-May-20,mariela.schultz@bilearner.com,43481
Angela,01-Oct-19,angela.molina@bilearner.com,50705
Gerald,10-May-23,gerald.preston@bilearner.com,5168
Reilly,01-Sep-20,reilly.moyer@bilearner.com,11765
Carlee,18-Feb-21,carlee.french@bilearner.com,71071
Jaydon,08-Nov-22,jaydon.blackburn@bilearner.com,12122
Bridger,13-Oct-22,bridger.carter@bilearner.com,87065
Leon,11-Sep-22,leon.beard@bilearner.com,10415
Charity,29-Jun-21,charity.miranda@bilearner.com,3763
Axel,06-Mar-23,axel.howe@bilearner.com,79623
Milton,25-Sep-20,milton.wall@bilearner.com,69189
Cory,28-Apr-22,cory.robinson@bilearner.com,5194
Saniya,18-Apr-21,saniya.yu@bilearner.com,8779
Alisa,19-Feb-20,alisa.james@bilearner.com,74682
Lincoln,18-Jul-19,lincoln.compton@bilearner.com,78046
Aliana,13-Sep-18,aliana.nolan@bilearner.com,27270
Kayden,30-Apr-20,kayden.dodson@bilearner.com,12703
James,03-Dec-18,james.duke@bilearner.com,66835
Willow,08-Nov-21,willow.stuart@bilearner.com,66150
Clayton,13-Apr-22,clayton.walker@bilearner.com,64288
Celia,06-May-20,celia.curtis@bilearner.com,94333
Valentin,09-Sep-19,valentin.reilly@bilearner.com,45453
Ryland,29-Jul-20,ryland.shepherd@bilearner.com,81905
Esteban,14-Nov-18,esteban.gilbert@bilearner.com,12491
Jonathan,29-Feb-20,jonathan.adkins@bilearner.com,64350
Nevaeh,15-Jan-23,nevaeh.soto@bilearner.com,74124
Chaim,29-Jun-23,chaim.mata@bilearner.com,33379
Arely,09-Mar-20,arely.patton@bilearner.com,34481
Vance,21-Sep-21,vance.trujillo@bilearner.com,90406
Charlie,12-Jun-23,charlie.koch@bilearner.com,95774
Sonny,07-Apr-19,sonny.horne@bilearner.com,16058
Thomas,17-Sep-18,thomas.chandler@bilearner.com,45149
Sarai,02-Aug-22,sarai.stone@bilearner.com,96336
Jerimiah,08-Sep-22,jerimiah.harmon@bilearner.com,75671
Leland,07-Mar-19,leland.allen@bilearner.com,61149
Cristal,29-Oct-19,cristal.bolton@bilearner.com,57302
Jaslene,26-Sep-21,jaslene.harding@bilearner.com,42605
Albert,29-Aug-18,albert.gonzalez@bilearner.com,64036
Jaiden,26-Oct-21,jaiden.johnson@bilearner.com,23173
Brendon,31-Oct-22,brendon.mcconnell@bilearner.com,19665
Kimora,15-Mar-23,kimora.parsons@bilearner.com,41161
Willie,09-Sep-22,willie.patterson@bilearner.com,52499
Devyn,04-Mar-22,devyn.powers@bilearner.com,25634
Weston,11-Feb-19,weston.preston@bilearner.com,37965
Lennon,26-Jan-21,lennon.buchanan@bilearner.com,39504
Vicente,26-Nov-19,vicente.merritt@bilearner.com,31676
Hugo,15-Jul-19,hugo.clay@bilearner.com,28784
Cohen,18-Jun-20,cohen.raymond@bilearner.com,90983
Tia,22-Jun-23,tia.ellis@bilearner.com,1115
Aspen,02-Dec-21,aspen.bentley@bilearner.com,72233
Graham,08-Dec-21,graham.rodriguez@bilearner.com,58210
Joel,26-Apr-23,joel.mcmillan@bilearner.com,36087
Maci,25-Sep-18,maci.frost@bilearner.com,61457
Nevaeh,20-Nov-18,nevaeh.lucas@bilearner.com,80424
Garrett,30-Aug-20,garrett.zimmerman@bilearner.com,6240
Eugene,01-Oct-19,eugene.marks@bilearner.com,49914
Geovanni,20-Jan-22,geovanni.pugh@bilearner.com,71319
Javon,10-Oct-21,javon.kelley@bilearner.com,27992
Amaya,29-Aug-20,amaya.hicks@bilearner.com,72324
Laila,27-Aug-19,laila.woodard@bilearner.com,38740
Ivan,25-Feb-21,ivan.huff@bilearner.com,9437
Aidan,13-Jul-21,aidan.harding@bilearner.com,9385
Cruz,14-Apr-21,cruz.boyer@bilearner.com,75993
Raven,10-Feb-20,raven.koch@bilearner.com,65329
Karli,17-Aug-21,karli.barker@bilearner.com,41111
Tyrone,17-Apr-23,tyrone.sosa@bilearner.com,58860
Damaris,02-Sep-22,damaris.cisneros@bilearner.com,93051
Alexus,15-Apr-20,alexus.estes@bilearner.com,17419
Kinsley,09-Mar-22,kinsley.flowers@bilearner.com,59593
Deborah,07-Apr-22,deborah.love@bilearner.com,96350
Milagros,19-Feb-20,milagros.francis@bilearner.com,44469
Roberto,10-Apr-21,roberto.michael@bilearner.com,13249
Elaine,19-Dec-21,elaine.ewing@bilearner.com,17123
Caiden,13-Dec-20,caiden.munoz@bilearner.com,18983
Jocelyn,26-Feb-19,jocelyn.bradford@bilearner.com,51795
Marques,02-Mar-20,marques.armstrong@bilearner.com,34369
Rohan,25-Jun-21,rohan.chapman@bilearner.com,23092
Emmanuel,26-Jul-21,emmanuel.franklin@bilearner.com,6074
Clayton,03-Jul-22,clayton.mccormick@bilearner.com,72264
Darius,15-Sep-22,darius.krause@bilearner.com,28282
Ahmed,01-May-20,ahmed.hawkins@bilearner.com,46645
Kymani,13-Oct-22,kymani.benjamin@bilearner.com,10790
Callum,03-Jan-20,callum.mcdaniel@bilearner.com,67282
Zariah,13-Nov-19,zariah.black@bilearner.com,62321
Ronnie,17-Jun-23,ronnie.mayer@bilearner.com,18409
Marlon,14-Oct-21,marlon.ford@bilearner.com,40306
Slade,01-Jun-21,slade.griffith@bilearner.com,65183
Lee,14-Sep-18,lee.frye@bilearner.com,97002
Veronica,11-Dec-18,veronica.rowe@bilearner.com,29811
Aylin,06-Aug-22,aylin.berg@bilearner.com,89169
Neveah,28-May-22,neveah.rowe@bilearner.com,63882
Keith,16-Jun-19,keith.baxter@bilearner.com,62328
Chaz,08-Dec-19,chaz.bruce@bilearner.com,74448
Maya,12-Mar-20,maya.mccann@bilearner.com,18721
Aaron,06-Apr-20,aaron.weber@bilearner.com,78938
Ellie,15-Apr-23,ellie.gill@bilearner.com,45456
Rayne,10-Nov-20,rayne.kerr@bilearner.com,45509
Samara,29-Jun-23,samara.mcbride@bilearner.com,13902
Ryann,07-Mar-22,ryann.rubio@bilearner.com,9733
Paris,31-Jul-21,paris.carr@bilearner.com,35786
Adriel,20-Jan-22,adriel.wiggins@bilearner.com,1919
Sanaa,11-Jul-21,sanaa.glass@bilearner.com,40135
Ryan,15-Oct-18,ryan.lynch@bilearner.com,72975
Charlie,26-Nov-21,charlie.atkinson@bilearner.com,57754
Emery,11-Aug-18,emery.roach@bilearner.com,81142
Harper,16-Feb-20,harper.ramos@bilearner.com,28714
Khalil,20-Jan-20,khalil.mendez@bilearner.com,50379
Lizeth,31-Mar-19,lizeth.holland@bilearner.com,78385
Matilda,06-Jan-23,matilda.randall@bilearner.com,48104
Damien,18-Jul-19,damien.howe@bilearner.com,86009
Nicholas,13-Feb-19,nicholas.obrien@bilearner.com,68837
Mildred,30-Dec-18,mildred.gentry@bilearner.com,2145
Wilson K,06-Nov-19,wilson k.adinolfi@bilearner.com,1960
Joanne,01-Jun-22,joanne.handschiegl@bilearner.com,2127
Dianna,28-Mar-23,dianna.blount@bilearner.com,2171
Jean,21-May-19,jean.crimmings@bilearner.com,1821
Nore,01-Jan-19,nore.sadki@bilearner.com,2148
Susan,26-Jan-19,susan.lundy@bilearner.com,2122
Kramer,11-Sep-21,kramer.keatts@bilearner.com,1887
Maliki,26-Sep-21,maliki.moumanil@bilearner.com,1460
Nader,04-Mar-23,nader.barton@bilearner.com,2747
Quinn,11-Jul-23,quinn.rarrick@bilearner.com,2478
Beatrice,09-Feb-19,beatrice.chace@bilearner.com,2763
Adrienne J,19-Apr-19,adrienne j.homberger@bilearner.com,2445
Marilyn,07-Jul-22,marilyn.linares@bilearner.com,1886
Timothy,12-Mar-19,timothy.sullivan@bilearner.com,2747
Jennifer,09-Mar-20,jennifer.medeiros@bilearner.com,2346
Anna,18-May-21,anna.von massenbach@bilearner.com,2124
George,28-Apr-21,george.johnson@bilearner.com,2445
Angela,21-Jul-21,angela.erilus@bilearner.com,2133
Miguel,15-Sep-19,miguel.estremera@bilearner.com,2129
Clinton,04-May-19,clinton.owad@bilearner.com,1760
Constance,20-May-21,constance.sloan@bilearner.com,1851
Davion,16-Dec-19,davion.sanchez@bilearner.com,41016
Ross,20-Nov-20,ross.strickland@bilearner.com,18389
Augustus,19-Aug-20,augustus.drake@bilearner.com,90676
Gracelyn,28-Apr-21,gracelyn.huynh@bilearner.com,16011
Orlando,14-Aug-20,orlando.armstrong@bilearner.com,2051
Edward,22-Dec-21,edward.everett@bilearner.com,3074
Jaqueline,01-Feb-19,jaqueline.terrell@bilearner.com,24711
Quinn,10-May-21,quinn.mccullough@bilearner.com,74564
Selena,25-Jun-19,selena.greer@bilearner.com,14504
Giovani,25-Apr-19,giovani.roy@bilearner.com,2683
Dominik,25-Feb-21,dominik.mullen@bilearner.com,66167
Abdullah,23-Nov-21,abdullah.ellison@bilearner.com,21634
Andre,05-Oct-21,andre.guzman@bilearner.com,9454
Brayden,30-May-20,brayden.malone@bilearner.com,48453
Maribel,11-Dec-18,maribel.morrison@bilearner.com,72888
Fisher,22-Sep-20,fisher.stafford@bilearner.com,56703
Kellen,28-Jul-19,kellen.medina@bilearner.com,33998
Brenton,06-Jun-20,brenton.monroe@bilearner.com,17650
Derick,28-Sep-18,derick.rocha@bilearner.com,72750
Elaine,12-Apr-20,elaine.weeks@bilearner.com,14044
Marely,01-Nov-22,marely.dixon@bilearner.com,34810
Keagan,21-Nov-22,keagan.henson@bilearner.com,75187
Helena,11-Apr-21,helena.davenport@bilearner.com,30766
Houston,29-Nov-18,houston.aguirre@bilearner.com,58348
Kane,16-Jan-19,kane.owen@bilearner.com,44626
Emerson,18-Sep-19,emerson.pitts@bilearner.com,2315
Clarissa,01-Aug-19,clarissa.winters@bilearner.com,95618
Frankie,18-Jun-19,frankie.atkins@bilearner.com,15195
Ally,13-Feb-19,ally.zhang@bilearner.com,74447
Kayleigh,02-Jun-21,kayleigh.harmon@bilearner.com,21318
Kayley,11-Oct-18,kayley.myers@bilearner.com,51430
Rowan,09-Mar-21,rowan.cobb@bilearner.com,85651
Edward,23-Jan-22,edward.mann@bilearner.com,68900
Amirah,24-Feb-19,amirah.johnson@bilearner.com,9241
Bridget,08-Jan-20,bridget.deleon@bilearner.com,23691
Martin,13-May-21,martin.weber@bilearner.com,74388
Ruben,12-Feb-22,ruben.lewis@bilearner.com,14234
Bailey,01-Feb-23,bailey.collier@bilearner.com,37635
Charlee,04-Feb-23,charlee.roth@bilearner.com,13186
Karissa,23-Mar-23,karissa.bowers@bilearner.com,76278
Noel,22-Mar-23,noel.ramirez@bilearner.com,77580
Victoria,28-Nov-18,victoria.franco@bilearner.com,15586
Danika,09-Jul-20,danika.fleming@bilearner.com,75607
Jocelyn,11-Feb-19,jocelyn.kline@bilearner.com,47289
Cesar,09-Jan-20,cesar.higgins@bilearner.com,85711
Gabriel,11-Nov-21,gabriel.dodson@bilearner.com,54392
Raphael,15-May-21,raphael.sandoval@bilearner.com,61825
Ruth,21-Aug-19,ruth.harrell@bilearner.com,52646
Peyton,18-Sep-20,peyton.barber@bilearner.com,56126
Reginald,27-Aug-22,reginald.lowery@bilearner.com,70056
Stephanie,23-Feb-19,stephanie.briggs@bilearner.com,81819
Shaniya,08-Aug-22,shaniya.becker@bilearner.com,12978
Ryan,24-Sep-22,ryan.oconnell@bilearner.com,37983
Emma,21-Mar-22,emma.ware@bilearner.com,56687
Keyon,23-Jun-23,keyon.haley@bilearner.com,40148
Kylee,26-Oct-20,kylee.bates@bilearner.com,71593
Marc,29-Jan-20,marc.chandler@bilearner.com,10775
Abdullah,23-Apr-22,abdullah.pruitt@bilearner.com,59441
Shamar,15-Jun-23,shamar.roth@bilearner.com,55470
Jaylen,19-Sep-19,jaylen.acosta@bilearner.com,8655
Kale,07-Jan-23,kale.house@bilearner.com,48077
Kiersten,07-Feb-20,kiersten.ellis@bilearner.com,56039
Karissa,29-Apr-20,karissa.carrillo@bilearner.com,7474
Issac,16-Apr-20,issac.whitehead@bilearner.com,9287
Madisyn,16-Jun-22,madisyn.andrews@bilearner.com,42213
Madyson,22-Jul-19,madyson.rhodes@bilearner.com,34428
Brenton,22-Apr-23,brenton.rodriguez@bilearner.com,77551
Nathen,28-Dec-20,nathen.arias@bilearner.com,20847
Keyon,23-Feb-22,keyon.hensley@bilearner.com,76615
Elisha,13-Aug-22,elisha.ruiz@bilearner.com,26602
Amirah,03-Oct-19,amirah.stanley@bilearner.com,72818
Jeremy,14-Oct-19,jeremy.meyer@bilearner.com,90347
Owen,30-Aug-19,owen.dillon@bilearner.com,96845
Bridget,04-Feb-21,bridget.bray@bilearner.com,67277
Cassius,23-Nov-22,cassius.gates@bilearner.com,17975
Martha,25-Feb-23,martha.kemp@bilearner.com,97142
Francesca,15-Dec-19,francesca.mcmahon@bilearner.com,72523
Lorelei,29-Aug-21,lorelei.walls@bilearner.com,44406
Emery,04-Nov-22,emery.gillespie@bilearner.com,95682
Kaylee,02-Oct-19,kaylee.baldwin@bilearner.com,86746
Aron,24-May-19,aron.hester@bilearner.com,73540
Reagan,28-Feb-22,reagan.brennan@bilearner.com,21624
Hugh,13-Jun-23,hugh.berry@bilearner.com,90473
Brandon,07-Oct-19,brandon.anderson@bilearner.com,13534
Diana,06-Oct-20,diana.garza@bilearner.com,2667
Dalton,22-Nov-19,dalton.bowen@bilearner.com,54319
Davin,29-Apr-22,davin.peters@bilearner.com,16052
Leyla,11-Dec-22,leyla.warren@bilearner.com,18998
Victoria,06-Aug-23,victoria.allen@bilearner.com,33735
Tyler,28-Mar-20,tyler.hines@bilearner.com,81928
Sandra,11-Aug-22,sandra.atkinson@bilearner.com,14006
Simone,26-Jan-23,simone.hayes@bilearner.com,45376
Rhett,14-Jan-19,rhett.valenzuela@bilearner.com,44501
Lane,11-Jun-22,lane.zuniga@bilearner.com,47767
Isabelle,25-Jun-20,isabelle.shields@bilearner.com,39141
Mario,08-Jun-20,mario.mays@bilearner.com,70090
Leah,29-Aug-18,leah.robinson@bilearner.com,35858
Dayami,01-Oct-22,dayami.bailey@bilearner.com,27462
Ramon,22-Jul-21,ramon.fleming@bilearner.com,65321
Pedro,14-Dec-19,pedro.harrison@bilearner.com,54017
Harrison,27-Mar-20,harrison.hudson@bilearner.com,51584
Taniya,25-Nov-21,taniya.lane@bilearner.com,75321
Rene,08-Jul-23,rene.wallace@bilearner.com,37646
Kai,02-Nov-21,kai.gaines@bilearner.com,33204
Noelle,01-Dec-19,noelle.levy@bilearner.com,76198
Kylie,16-Aug-22,kylie.jimenez@bilearner.com,10600
Carly,25-Apr-21,carly.figueroa@bilearner.com,67909
Bria,17-May-19,bria.mcpherson@bilearner.com,26340
Brynn,04-May-19,brynn.harding@bilearner.com,42113
Rashad,16-Jul-21,rashad.wells@bilearner.com,95832
Jaylene,04-Aug-20,jaylene.deleon@bilearner.com,60287
Chace,23-Nov-20,chace.church@bilearner.com,34316
Zayne,11-Nov-19,zayne.hunter@bilearner.com,75371
Amya,20-May-19,amya.vega@bilearner.com,13727
Nickolas,05-Nov-19,nickolas.west@bilearner.com,94278
Cason,20-Sep-18,cason.neal@bilearner.com,70817
Aldo,02-Sep-20,aldo.dyer@bilearner.com,74423
Sonia,28-Jun-20,sonia.skinner@bilearner.com,51256
Julien,22-Mar-23,julien.banks@bilearner.com,16462
Madelyn,30-Aug-22,madelyn.mcdonald@bilearner.com,48065
Brenden,24-Oct-19,brenden.nash@bilearner.com,93840
Genesis,09-Nov-19,genesis.coleman@bilearner.com,35917
Justice,13-Jul-19,justice.branch@bilearner.com,22165
Addisyn,31-Aug-20,addisyn.guerrero@bilearner.com,87563
Addisyn,25-Jan-19,addisyn.aguilar@bilearner.com,20993
Marcos,21-Nov-20,marcos.gallagher@bilearner.com,88723
Mareli,23-Sep-19,mareli.parker@bilearner.com,59933
Joshua,11-Dec-22,joshua.mitchell@bilearner.com,81280
Case,21-Aug-20,case.gaines@bilearner.com,13899
Jacey,04-Feb-19,jacey.reyes@bilearner.com,44907
Dean,29-Oct-21,dean.middleton@bilearner.com,64630
Marlene,17-Jul-21,marlene.bates@bilearner.com,36588
Kyra,28-Apr-19,kyra.ray@bilearner.com,33658
Melanie,21-Jul-20,melanie.kennedy@bilearner.com,87025
Aleena,19-Jan-20,aleena.mercer@bilearner.com,93985
Jake,12-Sep-21,jake.white@bilearner.com,27233
Chaim,31-Jul-22,chaim.chase@bilearner.com,5569
Keshawn,18-May-23,keshawn.le@bilearner.com,21090
Dalton,25-May-21,dalton.frazier@bilearner.com,52357
Cannon,22-Jul-22,cannon.hester@bilearner.com,47989
Crystal,23-May-19,crystal.brandt@bilearner.com,31486
Johnny,12-Feb-20,johnny.goodman@bilearner.com,24794
Nehemiah,16-Feb-20,nehemiah.hancock@bilearner.com,80316
Elliana,29-Apr-22,elliana.villanueva@bilearner.com,46742
Essence,10-Oct-19,essence.schwartz@bilearner.com,30194
Ryker,07-Apr-19,ryker.cox@bilearner.com,36808
Averi,13-Jul-20,averi.stevenson@bilearner.com,36688
Katherine,26-Aug-21,katherine.russo@bilearner.com,37883
Aydan,23-Dec-21,aydan.robbins@bilearner.com,39843
Heaven,08-Dec-22,heaven.walls@bilearner.com,69873
Bobby,18-Jan-22,bobby.chung@bilearner.com,2548
Maximus,28-Feb-20,maximus.fields@bilearner.com,73555
Orion,31-May-20,orion.ochoa@bilearner.com,27650
Halle,20-Apr-20,halle.boyd@bilearner.com,2035
Lindsey,07-Mar-19,lindsey.rocha@bilearner.com,74284
Chace,29-May-19,chace.gray@bilearner.com,81455
Carsen,18-Oct-20,carsen.wheeler@bilearner.com,95345
Arielle,19-Nov-18,arielle.escobar@bilearner.com,67176
Kaitlynn,15-Apr-22,kaitlynn.blair@bilearner.com,21015
Amir,24-Aug-18,amir.melendez@bilearner.com,80870
Monique,15-Oct-22,monique.buckley@bilearner.com,12265
Clark,27-Feb-23,clark.blanchard@bilearner.com,47025
Gabriel,22-Sep-21,gabriel.pearson@bilearner.com,81011
Mercedes,30-May-20,mercedes.cook@bilearner.com,13394
Skyler,11-Sep-20,skyler.blankenship@bilearner.com,50967
Jordan,31-May-19,jordan.davis@bilearner.com,8286
Bridget,13-Jul-20,bridget.wu@bilearner.com,68039
Gabriel,09-Sep-21,gabriel.kirk@bilearner.com,56563
Aron,06-Apr-19,aron.ali@bilearner.com,96739
Kayden,16-Feb-21,kayden.soto@bilearner.com,27488
Micaela,17-Feb-20,micaela.conner@bilearner.com,49299
Arthur,15-Oct-21,arthur.mitchell@bilearner.com,32547
Deven,06-Jul-22,deven.morse@bilearner.com,11664
George,05-Mar-19,george.villegas@bilearner.com,37926
Arielle,02-Jun-20,arielle.potts@bilearner.com,76770
Maxwell,26-Nov-20,maxwell.howell@bilearner.com,72484
Junior,24-May-21,junior.bridges@bilearner.com,13669
Salvatore,17-Oct-22,salvatore.noble@bilearner.com,7481
Heath,16-Nov-22,heath.hodges@bilearner.com,76897
Gabriella,01-May-22,gabriella.warner@bilearner.com,47326
Ryan,24-Aug-21,ryan.tate@bilearner.com,20814
Hazel,22-Jun-23,hazel.vincent@bilearner.com,75880
Gavyn,18-Jul-20,gavyn.riggs@bilearner.com,65366
Giancarlo,12-Jan-23,giancarlo.cross@bilearner.com,40231
Cristal,16-Feb-22,cristal.bradshaw@bilearner.com,41487
Guadalupe,02-Sep-22,guadalupe.burke@bilearner.com,36904
Elisa,02-Feb-19,elisa.henry@bilearner.com,10110
Kale,26-Aug-21,kale.fischer@bilearner.com,46087
Morgan,31-Dec-20,morgan.blackwell@bilearner.com,37838
Ivan,12-Dec-20,ivan.wright@bilearner.com,15968
Nayeli,13-Jan-22,nayeli.hood@bilearner.com,21100
Marilyn,24-Jan-21,marilyn.smith@bilearner.com,65845
Zoie,08-Feb-22,zoie.rowland@bilearner.com,58535
Ann,11-Oct-20,ann.nguyen@bilearner.com,3994
Ramiro,20-Jun-19,ramiro.savage@bilearner.com,32544
Karma,13-Jul-21,karma.koch@bilearner.com,36153
Jacqueline,14-Oct-21,jacqueline.hendrix@bilearner.com,34262
Kaitlin,09-Nov-21,kaitlin.barker@bilearner.com,12906
Semaj,02-Apr-23,semaj.griffith@bilearner.com,30753
Damian,19-Oct-22,damian.burke@bilearner.com,60533
Jessie,09-May-20,jessie.smith@bilearner.com,36882
Hezekiah,18-Aug-19,hezekiah.cummings@bilearner.com,62493
Brody,09-Mar-19,brody.house@bilearner.com,92706
Aaliyah,09-May-20,aaliyah.watts@bilearner.com,7773
Ashton,14-Aug-22,ashton.larsen@bilearner.com,55514
Joshua,18-Jan-22,joshua.gibson@bilearner.com,13406
Kyleigh,22-Jun-21,kyleigh.bauer@bilearner.com,65379
Ramon,19-Jan-23,ramon.schultz@bilearner.com,69445
Maxim,17-May-23,maxim.houston@bilearner.com,32440
Deanna,07-Jun-20,deanna.sellers@bilearner.com,30804
Frankie,07-Jul-23,frankie.figueroa@bilearner.com,17247
Bentley,28-Mar-20,bentley.rush@bilearner.com,32417
Alexia,23-May-19,alexia.pham@bilearner.com,50738
Roselyn,20-Apr-19,roselyn.roberts@bilearner.com,34278
Ayden,09-Sep-18,ayden.chambers@bilearner.com,40836
Kaitlynn,14-Jul-22,kaitlynn.serrano@bilearner.com,59081
Jefferson,17-Apr-19,jefferson.white@bilearner.com,82019
Maria,15-May-20,maria.grant@bilearner.com,32969
Bryanna,04-Apr-20,bryanna.ibarra@bilearner.com,36648
Sophie,15-Oct-22,sophie.zavala@bilearner.com,95984
Amya,11-Jul-19,amya.grant@bilearner.com,31864
Jaydan,02-Oct-19,jaydan.neal@bilearner.com,54738
Amiyah,04-Mar-21,amiyah.ramirez@bilearner.com,65896
Kai,10-Feb-21,kai.holt@bilearner.com,35618
Brendon,15-May-19,brendon.wilson@bilearner.com,17561
Nancy,28-Apr-22,nancy.short@bilearner.com,13779
Isabella,23-Sep-21,isabella.wilkins@bilearner.com,31026
Mayra,15-Sep-21,mayra.moss@bilearner.com,84074
Maria,27-Apr-19,maria.gonzalez@bilearner.com,2472
Jumil,06-Oct-19,jumil.turpin@bilearner.com,2343
Ann,16-Feb-20,ann.daniele@bilearner.com,6033
Joe,14-May-22,joe.south@bilearner.com,6278
Sarah,13-Feb-19,sarah.warfield@bilearner.com,2453
Alejandro,24-Aug-22,alejandro.bacong@bilearner.com,1886
Jyoti,07-Jan-19,jyoti.lajiri@bilearner.com,2169
Neville,26-Mar-21,neville.tredinnick@bilearner.com,1420
Anthony,01-May-21,anthony.cisco@bilearner.com,2135
Linda,10-Oct-21,linda.dolan@bilearner.com,2119
Carlos,02-Jan-20,carlos.merlos@bilearner.com,2138
Tanya,20-Jan-20,tanya.morway@bilearner.com,2048
Anita,11-Aug-18,anita.shepard@bilearner.com,1773
Jeremiah,18-Dec-21,jeremiah.semizoglou@bilearner.com,1545
Katrina,24-Sep-19,katrina.lambert@bilearner.com,56727
Alexzander,17-Oct-22,alexzander.pope@bilearner.com,12469
Derek,07-Jan-20,derek.holmes@bilearner.com,83312
Danika,05-Nov-22,danika.deleon@bilearner.com,97413
Sabrina,26-Apr-23,sabrina.durham@bilearner.com,21759
Frankie,29-May-19,frankie.carrillo@bilearner.com,79707
Quintin,12-Sep-19,quintin.solomon@bilearner.com,84152
Jaqueline,27-Jan-19,jaqueline.pittman@bilearner.com,55408
Mariana,20-Aug-19,mariana.glass@bilearner.com,89892
Payton,14-Sep-18,payton.cross@bilearner.com,16260
Sloane,02-Aug-21,sloane.rasmussen@bilearner.com,96097
Elise,26-Jan-22,elise.vazquez@bilearner.com,21738
Monique,10-May-19,monique.pierce@bilearner.com,40039
Axel,02-Jan-19,axel.higgins@bilearner.com,45952
Marcos,13-Aug-21,marcos.petty@bilearner.com,9738
Mia,02-Oct-22,mia.cowan@bilearner.com,72879
Tanya,17-Dec-18,tanya.leonard@bilearner.com,28364
Dereon,11-Oct-21,dereon.page@bilearner.com,94433
Meadow,01-Apr-23,meadow.boyer@bilearner.com,97654
Paris,20-Mar-21,paris.simpson@bilearner.com,78239
Kyla,20-Aug-20,kyla.durham@bilearner.com,40402
Cassidy,16-Jul-23,cassidy.maddox@bilearner.com,21480
Edgar,10-Jun-21,edgar.underwood@bilearner.com,49677
Jaiden,25-Aug-19,jaiden.underwood@bilearner.com,69726
Eugene,04-May-20,eugene.potts@bilearner.com,44664
Gilbert,24-Feb-19,gilbert.klein@bilearner.com,53800
Nathaly,24-Sep-19,nathaly.huffman@bilearner.com,69459
Nancy,13-Feb-21,nancy.clay@bilearner.com,78801
Kylie,05-Jan-20,kylie.cantrell@bilearner.com,77264
Vance,18-Jan-19,vance.marquez@bilearner.com,38058
Dante,01-Mar-19,dante.wyatt@bilearner.com,34011
Rey,14-Aug-21,rey.monroe@bilearner.com,56198
Jayden,06-Jun-19,jayden.mckee@bilearner.com,72343
Brady,25-May-21,brady.yoder@bilearner.com,77314
Darwin,17-Mar-23,darwin.allen@bilearner.com,57170
Jasper,02-Oct-22,jasper.harrison@bilearner.com,18837
Bailey,22-Jan-22,bailey.humphrey@bilearner.com,90580
Clare,29-Nov-19,clare.english@bilearner.com,70282
Amy,01-Jul-20,amy.sherman@bilearner.com,86329
Lizbeth,24-Mar-22,lizbeth.hunt@bilearner.com,70757
Eden,13-May-19,eden.armstrong@bilearner.com,58224
Eugene,07-Jun-19,eugene.mueller@bilearner.com,38413
Tiffany,05-Dec-22,tiffany.washington@bilearner.com,32977
Sloane,29-Sep-20,sloane.moss@bilearner.com,9209
Kaeden,04-Sep-20,kaeden.vargas@bilearner.com,58737
Lena,26-Aug-18,lena.sandoval@bilearner.com,5363
Adrien,17-Aug-19,adrien.olsen@bilearner.com,51175
Damari,25-Sep-19,damari.brewer@bilearner.com,49132
Annalise,11-Mar-23,annalise.gross@bilearner.com,64853
Kamari,15-Dec-22,kamari.mcgrath@bilearner.com,39859
Lorena,10-Aug-18,lorena.rice@bilearner.com,48135
Eliezer,04-Mar-22,eliezer.stokes@bilearner.com,41066
Aspen,02-Jun-20,aspen.reyes@bilearner.com,28613
Rudy,29-Jun-21,rudy.richardson@bilearner.com,81215
Alana,24-Oct-21,alana.castro@bilearner.com,70578
Oscar,22-Oct-18,oscar.lopez@bilearner.com,81607
Carter,08-Sep-18,carter.cook@bilearner.com,69536
Liam,08-Feb-19,liam.hanna@bilearner.com,16655
Zara,29-Mar-21,zara.pitts@bilearner.com,73726
Abby,19-Jun-19,abby.woodward@bilearner.com,14181
Litzy,30-Jan-19,litzy.esparza@bilearner.com,14438
Noemi,06-May-22,noemi.brewer@bilearner.com,11294
Gilberto,02-Feb-19,gilberto.macdonald@bilearner.com,96985
Armando,08-Dec-21,armando.macias@bilearner.com,93436
Britney,12-Oct-18,britney.kelly@bilearner.com,42646
Emanuel,22-Apr-22,emanuel.haas@bilearner.com,54502
Karlie,05-Sep-21,karlie.drake@bilearner.com,88391
Myla,05-Sep-22,myla.mullen@bilearner.com,26421
Alan,19-Jul-22,alan.holland@bilearner.com,85660
Brooklynn,26-May-22,brooklynn.greene@bilearner.com,60107
Maxwell,31-Oct-22,maxwell.mcpherson@bilearner.com,60831
Lukas,22-Mar-23,lukas.freeman@bilearner.com,68298
Yesenia,29-May-23,yesenia.nielsen@bilearner.com,72913
Myah,23-Feb-20,myah.marsh@bilearner.com,3137
Korbin,13-Aug-19,korbin.gilbert@bilearner.com,2618
Jenna,25-Mar-19,jenna.maddox@bilearner.com,84396
Anaya,14-Dec-18,anaya.preston@bilearner.com,83611
Eugene,07-Mar-21,eugene.pena@bilearner.com,88656
Abel,16-Jun-23,abel.baker@bilearner.com,79249
Deven,18-Jun-21,deven.merritt@bilearner.com,3921
Hadassah,22-May-23,hadassah.moran@bilearner.com,84876
Hezekiah,14-May-19,hezekiah.thompson@bilearner.com,66324
Quintin,27-Dec-20,quintin.fry@bilearner.com,86510
Alayna,04-Aug-20,alayna.hess@bilearner.com,48843
Amaris,25-Aug-20,amaris.miller@bilearner.com,70797
Barrett,24-Feb-22,barrett.wilcox@bilearner.com,6437
Kimberly,06-Aug-19,kimberly.watson@bilearner.com,92289
Rebecca,01-Aug-21,rebecca.park@bilearner.com,58900
Caleb,13-Jul-22,caleb.schneider@bilearner.com,35673
Vanessa,28-May-21,vanessa.james@bilearner.com,68952
Maribel,06-Jul-20,maribel.copeland@bilearner.com,97493
Henry,14-Jan-20,henry.zimmerman@bilearner.com,69903
Nathanial,04-Feb-20,nathanial.booth@bilearner.com,9758
Rhys,28-Aug-22,rhys.barry@bilearner.com,31391
Jonas,27-Jun-22,jonas.rowland@bilearner.com,14939
Chris,19-Dec-19,chris.vincent@bilearner.com,89635
Myah,24-Sep-20,myah.waller@bilearner.com,48262
Yaritza,06-Jul-23,yaritza.sherman@bilearner.com,42410
Haley,11-Apr-21,haley.weaver@bilearner.com,62625
Alessandra,12-Feb-20,alessandra.lee@bilearner.com,56684
Kaitlin,25-Dec-18,kaitlin.hickman@bilearner.com,26513
Giancarlo,25-Dec-21,giancarlo.juarez@bilearner.com,26918
Walter,22-May-21,walter.zuniga@bilearner.com,86917
Anna,03-May-20,anna.jordan@bilearner.com,64495
Jeffery,27-Feb-19,jeffery.gamble@bilearner.com,47528
Misael,01-Mar-20,misael.hunter@bilearner.com,50639
Audrina,27-Jan-21,audrina.yu@bilearner.com,59834
Jeramiah,18-Jun-23,jeramiah.foster@bilearner.com,73645
Bruce,24-Nov-19,bruce.wallace@bilearner.com,65218
Giovani,24-Sep-21,giovani.nelson@bilearner.com,34001
Ari,17-Aug-22,ari.anthony@bilearner.com,23569
Laylah,18-Apr-23,laylah.branch@bilearner.com,46935
Alanna,15-Apr-20,alanna.mullins@bilearner.com,80168
Arjun,25-Dec-20,arjun.tyler@bilearner.com,97304
Donald,21-Jul-22,donald.favis@bilearner.com,6033
Daniff,04-Nov-22,daniff.hernandez@bilearner.com,1960
Lori,20-Apr-20,lori.roby@bilearner.com,1886
Thomas,05-Sep-19,thomas.murray@bilearner.com,78230
Karthikeyan,11-Aug-19,karthikeyan.ait sidi@bilearner.com,2148
Ivan,04-Nov-18,ivan.rogers@bilearner.com,1810
Bianca,04-Nov-18,bianca.roehrich@bilearner.com,2703
Jason,27-Jul-19,jason.salter@bilearner.com,2452
Julia,21-Dec-20,julia.zhou@bilearner.com,2148
Thelma,25-Jul-22,thelma.petrowsky@bilearner.com,1886
Jayne,15-Jun-19,jayne.horton@bilearner.com,2493
Renee,04-Apr-20,renee.becker@bilearner.com,2026
Randall,03-Feb-23,randall.pearson@bilearner.com,2747
Claudia N,20-Sep-22,claudia n.carr@bilearner.com,1886
Noelle,12-Jul-23,noelle.johnson@bilearner.com,2301
Taisha,25-Apr-21,taisha.goble@bilearner.com,2127
Kramer,13-Mar-21,kramer.simard@bilearner.com,2110
Mark,16-Aug-21,mark.griffith@bilearner.com,78692
Denisse,18-Oct-21,denisse.hayes@bilearner.com,87816
Draven,16-Feb-20,draven.giles@bilearner.com,31207
Aliana,07-Aug-19,aliana.shaw@bilearner.com,6158
Makaila,03-Jan-22,makaila.nixon@bilearner.com,36554
Mohammed,22-Sep-20,mohammed.orr@bilearner.com,53042
Braylen,11-Nov-22,braylen.mendoza@bilearner.com,42665
Andreas,11-Aug-18,andreas.torres@bilearner.com,95490
Maddison,31-Mar-23,maddison.perez@bilearner.com,74182
Charlize,10-Mar-21,charlize.wagner@bilearner.com,49449
Micah,30-Aug-19,micah.pace@bilearner.com,39060
Marlee,07-Jun-21,marlee.stevens@bilearner.com,21007
Precious,22-Apr-20,precious.roth@bilearner.com,12883
Konner,19-Oct-18,konner.villegas@bilearner.com,5707
Anastasia,03-Dec-18,anastasia.gillespie@bilearner.com,10856
Emely,20-Feb-21,emely.rice@bilearner.com,94663
Lewis,17-Jan-21,lewis.nixon@bilearner.com,61086
Macy,04-Oct-20,macy.webster@bilearner.com,44077
Ciara,29-Jan-21,ciara.acevedo@bilearner.com,49694
Eleanor,26-Jul-22,eleanor.patton@bilearner.com,21727
Brooklyn,21-Sep-18,brooklyn.tanner@bilearner.com,50856
Zander,25-Dec-18,zander.franco@bilearner.com,97255
Kianna,03-Nov-20,kianna.rhodes@bilearner.com,44793
Kinsley,22-Oct-21,kinsley.braun@bilearner.com,24094
Gordon,27-Aug-18,gordon.wu@bilearner.com,41670
Maryjane,12-Jul-20,maryjane.cross@bilearner.com,56453
Peyton,25-Jan-21,peyton.phelps@bilearner.com,5067
Carmen,11-May-20,carmen.atkins@bilearner.com,39598
Kiara,24-Jul-20,kiara.fox@bilearner.com,35765
Yair,09-Aug-22,yair.jennings@bilearner.com,24218
Kaylie,12-Jun-22,kaylie.velazquez@bilearner.com,62116
Christine,10-Feb-22,christine.skinner@bilearner.com,67986
Zayne,13-Jan-23,zayne.mccullough@bilearner.com,26193
Dennis,10-Mar-20,dennis.key@bilearner.com,46762
Aydan,25-Feb-22,aydan.benjamin@bilearner.com,81376
Kenzie,21-Jul-22,kenzie.mullins@bilearner.com,73583
Asa,11-Jul-22,asa.pham@bilearner.com,43953
Damarion,02-Dec-19,damarion.schneider@bilearner.com,73329
Talan,10-Apr-23,talan.rodgers@bilearner.com,89576
Evelin,08-Dec-22,evelin.snow@bilearner.com,49077
Sienna,22-Jun-22,sienna.preston@bilearner.com,42676
Taylor,22-Sep-22,taylor.dennis@bilearner.com,53464
Cortez,15-Jul-19,cortez.murillo@bilearner.com,95641
Leonel,01-Sep-21,leonel.combs@bilearner.com,82286
Carmen,16-Jul-19,carmen.frost@bilearner.com,72560
Ace,24-Dec-21,ace.krause@bilearner.com,82557
Reuben,17-Apr-19,reuben.davila@bilearner.com,13760
Angelique,26-Oct-19,angelique.mann@bilearner.com,18464
Susan,29-Aug-19,susan.exantus@bilearner.com,1749
Sandra,12-Dec-22,sandra.martin@bilearner.com,2135
Keyla,08-Mar-23,keyla.del bosque@bilearner.com,2176
Andrew,29-May-20,andrew.szabo@bilearner.com,2140
Luke,16-Sep-22,luke.patronick@bilearner.com,1844
Colby,15-Aug-21,colby.andreola@bilearner.com,2110
Edward,25-Oct-20,edward.true@bilearner.com,2451
Judith,28-Aug-19,judith.carabbio@bilearner.com,2132
Adell,13-Jun-19,adell.saada@bilearner.com,2132
Kamari,12-Jan-21,kamari.hunter@bilearner.com,12889
Sarah,07-Feb-22,sarah.malone@bilearner.com,21340
Skyler,09-Nov-20,skyler.blackwell@bilearner.com,67544
Jasmin,13-May-20,jasmin.shah@bilearner.com,36398
Kole,31-Dec-22,kole.quinn@bilearner.com,2562
Ansley,03-Dec-18,ansley.jackson@bilearner.com,22621
Jayda,21-Feb-20,jayda.reese@bilearner.com,64065
Julien,07-Sep-20,julien.whitehead@bilearner.com,97374
Alan,19-Jun-20,alan.haynes@bilearner.com,87646
Kamryn,14-Oct-22,kamryn.herrera@bilearner.com,77974
Kelvin,20-Jun-23,kelvin.foster@bilearner.com,42126
Joe,09-Nov-20,joe.fletcher@bilearner.com,51613
Frederick,19-Sep-22,frederick.howe@bilearner.com,12765
Nickolas,09-Nov-18,nickolas.davila@bilearner.com,64122
Kasey,30-Dec-18,kasey.boyer@bilearner.com,91332
Giovanni,11-May-23,giovanni.jenkins@bilearner.com,39827
Alexis,03-Nov-22,alexis.moss@bilearner.com,27418
Joanna,14-Jun-20,joanna.murphy@bilearner.com,24931
Joseph,15-Oct-19,joseph.schmidt@bilearner.com,2121
Brittany,28-Apr-20,brittany.hurley@bilearner.com,97697
Niko,29-Oct-19,niko.hamilton@bilearner.com,75783
Ruben,28-Apr-21,ruben.martinez@bilearner.com,26111
Kiley,19-Apr-22,kiley.haynes@bilearner.com,50656
Blaine,28-Mar-23,blaine.brooks@bilearner.com,71808
Dennis,06-May-19,dennis.livingston@bilearner.com,1043
Case,13-Oct-20,case.russell@bilearner.com,41260
Kody,06-Jul-21,kody.jimenez@bilearner.com,15346
Zoe,24-Sep-20,zoe.colon@bilearner.com,4876
Courtney,18-Jan-23,courtney.cowan@bilearner.com,14886
Nolan,22-Aug-19,nolan.perez@bilearner.com,46407
Katrina,25-Jul-19,katrina.farrell@bilearner.com,74234
Camden,11-Nov-19,camden.kelly@bilearner.com,45272
Milo,16-Jul-22,milo.hood@bilearner.com,96170
Kale,19-Dec-22,kale.lang@bilearner.com,65963
Shyanne,15-Sep-20,shyanne.stark@bilearner.com,75123
Elliott,04-Oct-20,elliott.ashley@bilearner.com,11164
Genesis,23-Apr-22,genesis.todd@bilearner.com,65978
Sincere,27-Nov-21,sincere.jimenez@bilearner.com,73877
Stephen,29-Nov-19,stephen.daugherty@bilearner.com,48971
Demarion,30-May-19,demarion.morrow@bilearner.com,16259
Steven,23-Nov-20,steven.schneider@bilearner.com,64114
Devon,08-Apr-22,devon.hinton@bilearner.com,14669
Jacquelyn,25-Feb-21,jacquelyn.johns@bilearner.com,52448
Blaine,13-Mar-19,blaine.keith@bilearner.com,43336
Phillip,12-Feb-23,phillip.salazar@bilearner.com,56271
Chaz,08-Sep-18,chaz.webb@bilearner.com,56708
Desmond,18-Nov-21,desmond.anderson@bilearner.com,12869
Sophie,01-Jul-23,sophie.decker@bilearner.com,18240
Lena,18-Apr-22,lena.bryan@bilearner.com,77311
Kelsie,29-Apr-23,kelsie.mccormick@bilearner.com,63959
Frida,10-Oct-18,frida.livingston@bilearner.com,20331
Isai,20-Nov-22,isai.alvarado@bilearner.com,45515
Travis,18-May-19,travis.vasquez@bilearner.com,59717
Jazlene,22-Jun-21,jazlene.maynard@bilearner.com,15748
Wyatt,30-Mar-22,wyatt.donovan@bilearner.com,67106
Nathaly,28-Aug-18,nathaly.cooper@bilearner.com,33438
Gage,27-Dec-21,gage.weeks@bilearner.com,61106
Gavin,14-Nov-20,gavin.frye@bilearner.com,25160
Amber,01-Oct-21,amber.ross@bilearner.com,52694
Wyatt,13-Oct-18,wyatt.edwards@bilearner.com,30264
Karla,15-Dec-18,karla.reed@bilearner.com,22326
Yadira,28-Mar-19,yadira.mcmillan@bilearner.com,30139
Fernando,27-Dec-18,fernando.mcconnell@bilearner.com,93329
Sean,11-May-19,sean.bean@bilearner.com,67825
Lilianna,19-Feb-21,lilianna.mccall@bilearner.com,86545
Salvador,05-Nov-22,salvador.thomas@bilearner.com,76670
Jair,22-Mar-20,jair.silva@bilearner.com,29368
Derek,02-Feb-19,derek.moreno@bilearner.com,97585
Litzy,24-Feb-20,litzy.conner@bilearner.com,42710
Joanna,07-Apr-21,joanna.burnett@bilearner.com,21279
Abdullah,14-Nov-20,abdullah.frederick@bilearner.com,17976
Armani,17-Jan-22,armani.porter@bilearner.com,53628
Taylor,02-Sep-21,taylor.sanders@bilearner.com,84761
Iliana,30-Jul-23,iliana.randall@bilearner.com,2187
Luke,27-Jun-23,luke.henderson@bilearner.com,76615
Madelyn,27-Mar-22,madelyn.lambert@bilearner.com,18707
Ava,12-Aug-22,ava.pace@bilearner.com,23203
Delaney,08-Jul-22,delaney.bruce@bilearner.com,18844
Jair,15-Aug-20,jair.bullock@bilearner.com,64815
Kayla,27-May-23,kayla.farrell@bilearner.com,69860
Taylor,02-Jan-23,taylor.gamble@bilearner.com,93542
Carl,16-Nov-18,carl.desimone@bilearner.com,2061
Sophia,12-Jul-22,sophia.theamstern@bilearner.com,2066
Kara,16-Dec-22,kara.harrison@bilearner.com,1886
Ming,08-May-23,ming.huynh@bilearner.com,1742
Karen,07-Apr-23,karen.mancuso@bilearner.com,2176
Linda,15-Feb-22,linda.anderson@bilearner.com,1844
Nilson,17-Jul-23,nilson.fernandes@bilearner.com,2132
Alain,03-May-19,alain.robinson@bilearner.com,1420
Seffi,25-Mar-22,seffi.shields@bilearner.com,2149
Horia,07-Apr-20,horia.ndzi@bilearner.com,2421
Evelyn,10-Mar-21,evelyn.girifalco@bilearner.com,2451
Ermine,04-Aug-19,ermine.pelletier@bilearner.com,2472
Samuel,11-Apr-21,samuel.maclennan@bilearner.com,1938
Sean,16-Jun-19,sean.bernstein@bilearner.com,2072
Shakira,08-Oct-20,shakira.perry@bilearner.com,2176
Michael J,18-Aug-21,michael j.fitzpatrick@bilearner.com,2143
Cybil,16-Mar-20,cybil.trzeciak@bilearner.com,1778
Barry,24-Jan-19,barry.wilber@bilearner.com,2324
Enola,11-Jun-22,enola.chivukula@bilearner.com,1775
Joelle,02-Jul-22,joelle.burke@bilearner.com,2148
Alexandra,08-Sep-19,alexandra.kirill@bilearner.com,2127
Celeste,10-Jul-22,celeste.johnson@bilearner.com,84262
Nathalia,24-Apr-22,nathalia.hendrix@bilearner.com,31490
Justus,31-Mar-20,justus.bowen@bilearner.com,59522
Marcus,23-Mar-19,marcus.bender@bilearner.com,63452
Ryker,09-Mar-19,ryker.logan@bilearner.com,50055
Payten,21-Feb-19,payten.middleton@bilearner.com,6139
Harrison,04-Oct-19,harrison.hunt@bilearner.com,44761
Orlando,24-Nov-19,orlando.henderson@bilearner.com,49105
Darian,17-Aug-20,darian.potts@bilearner.com,24637
Isabela,16-Mar-21,isabela.collins@bilearner.com,87582
Sierra,16-Nov-21,sierra.macias@bilearner.com,35632
Giuliana,03-May-22,giuliana.farmer@bilearner.com,38475
Pierce,24-Dec-19,pierce.robbins@bilearner.com,80817
Lamont,21-Oct-21,lamont.bridges@bilearner.com,10511
Gretchen,08-Sep-18,gretchen.richard@bilearner.com,6305
Axel,26-Feb-19,axel.hart@bilearner.com,33576
Emma,21-Apr-23,emma.escobar@bilearner.com,12707
Maximilian,19-Sep-19,maximilian.craig@bilearner.com,73131
Erik,23-Dec-20,erik.padilla@bilearner.com,37659
Gilbert,29-Mar-19,gilbert.duffy@bilearner.com,48502
Raymond,15-May-21,raymond.ayers@bilearner.com,88428
Vincent,14-Mar-22,vincent.wyatt@bilearner.com,95347
Micah,06-Dec-21,micah.stanley@bilearner.com,80920
Evan,27-Oct-21,evan.chen@bilearner.com,7440
Serenity,01-Apr-23,serenity.thornton@bilearner.com,84202
Talan,29-May-19,talan.rivas@bilearner.com,3187
Calvin,12-Jul-19,calvin.braun@bilearner.com,2766
Cale,10-Aug-18,cale.bender@bilearner.com,75014
Kirsten,29-Sep-21,kirsten.vance@bilearner.com,53486
Cade,05-Aug-21,cade.cox@bilearner.com,73898
Ibrahim,02-Aug-23,ibrahim.wolfe@bilearner.com,89723
Elianna,02-Sep-18,elianna.schmitt@bilearner.com,46695
Colby,13-Oct-19,colby.wolfe@bilearner.com,12711
Autumn,24-Sep-20,autumn.barrera@bilearner.com,66792
Emmalee,06-Aug-23,emmalee.cervantes@bilearner.com,81317
Ernest,11-Jun-19,ernest.willis@bilearner.com,50894
Jaxon,14-Feb-19,jaxon.anderson@bilearner.com,22415
Precious,17-Mar-22,precious.caldwell@bilearner.com,5855
Yahir,05-Aug-20,yahir.serrano@bilearner.com,64124
Krystal,23-Aug-22,krystal.peterson@bilearner.com,2497
Jadyn,12-Jan-23,jadyn.haley@bilearner.com,36242
Davis,14-Apr-20,davis.roberts@bilearner.com,87428
Meadow,27-Sep-21,meadow.avery@bilearner.com,76772
Allyson,17-Nov-18,allyson.owen@bilearner.com,21218
Francisco,22-Jul-19,francisco.simon@bilearner.com,94316
Trent,10-Feb-19,trent.christian@bilearner.com,39746
Chaya,22-Nov-18,chaya.boyd@bilearner.com,96001
Nehemiah,23-Apr-23,nehemiah.rivas@bilearner.com,62733
Wyatt,26-Dec-22,wyatt.spence@bilearner.com,66418
Abram,14-Jun-20,abram.fisher@bilearner.com,78453
Jayleen,29-Mar-22,jayleen.oconnell@bilearner.com,85444
Jordon,18-Dec-22,jordon.meadows@bilearner.com,93166
Justice,21-Mar-19,justice.pineda@bilearner.com,12732
Isiah,08-Feb-21,isiah.decker@bilearner.com,48895
Giada,06-Jun-22,giada.boone@bilearner.com,73043
Camryn,01-Nov-21,camryn.guerra@bilearner.com,69064
Melody,19-Jan-23,melody.rollins@bilearner.com,85041
Lucia,30-Jul-20,lucia.cummings@bilearner.com,66037
Jaylen,16-Jul-23,jaylen.serrano@bilearner.com,53112
Jayson,16-Jun-22,jayson.bright@bilearner.com,93320
Carlie,13-Jun-21,carlie.wilkerson@bilearner.com,39849
Kaylyn,14-Nov-20,kaylyn.patrick@bilearner.com,38596
Evie,16-Jun-20,evie.pope@bilearner.com,31731
Nayeli,20-Dec-18,nayeli.kelley@bilearner.com,38710
Krista,29-Oct-22,krista.franco@bilearner.com,7184
Teresa,20-Jul-20,teresa.farrell@bilearner.com,13425
Dorian,03-Oct-21,dorian.fox@bilearner.com,93796
Madeleine,16-Jul-22,madeleine.sherman@bilearner.com,92453
Allan,30-Jun-20,allan.butler@bilearner.com,10449
Nevaeh,13-Jun-21,nevaeh.davila@bilearner.com,14795
Gunnar,29-Dec-20,gunnar.webster@bilearner.com,60901
Aydin,03-Feb-22,aydin.tate@bilearner.com,64083
Patrick,10-Jan-22,patrick.mckinney@bilearner.com,50781
Milagros,13-Dec-18,milagros.foley@bilearner.com,67399
Rachael,03-Mar-21,rachael.buck@bilearner.com,82086
Rigoberto,04-Jul-21,rigoberto.townsend@bilearner.com,97001
Reagan,06-Feb-20,reagan.odonnell@bilearner.com,13562
Roy,28-Jun-20,roy.morse@bilearner.com,55949
Rafael,22-Dec-20,rafael.buchanan@bilearner.com,88496
Kaitlynn,24-Nov-19,kaitlynn.herman@bilearner.com,55947
Marquise,23-Sep-22,marquise.santana@bilearner.com,75540
Jamarion,06-Feb-20,jamarion.mitchell@bilearner.com,68342
Gabrielle,14-Jan-19,gabrielle.hardy@bilearner.com,5779
Savion,25-Jun-19,savion.stokes@bilearner.com,91065
Trevin,09-Mar-19,trevin.summers@bilearner.com,47386
Hailie,13-Jun-20,hailie.bell@bilearner.com,38009
Audrey,22-Jan-19,audrey.stevens@bilearner.com,61843
Jason,12-Dec-20,jason.munoz@bilearner.com,75258
Carlee,27-Apr-22,carlee.foley@bilearner.com,62616
Sarahi,11-Apr-22,sarahi.dodson@bilearner.com,53450
Faith,01-Sep-22,faith.carey@bilearner.com,9799
Mylie,08-Sep-18,mylie.salazar@bilearner.com,14153
Pablo,24-Nov-22,pablo.parker@bilearner.com,76112
Ulises,23-Jul-20,ulises.shea@bilearner.com,73101
Bethany,28-Dec-18,bethany.terry@bilearner.com,82378
Kamari,01-Oct-19,kamari.holloway@bilearner.com,63878
Jazlene,17-Aug-19,jazlene.mcdaniel@bilearner.com,59862
Dane,31-May-23,dane.kelly@bilearner.com,23252
Camila,08-Dec-20,camila.dunn@bilearner.com,91039
Aurora,05-Nov-18,aurora.frederick@bilearner.com,37834
Caylee,26-Aug-20,caylee.nunez@bilearner.com,46678
Tamia,23-Feb-20,tamia.sharp@bilearner.com,41849
Jaliyah,12-Feb-22,jaliyah.gamble@bilearner.com,16422
Xander,13-Feb-20,xander.savage@bilearner.com,79625
Marc,15-Feb-23,marc.crosby@bilearner.com,11159
Marques,03-Dec-19,marques.zimmerman@bilearner.com,52300
Livia,31-Dec-18,livia.salazar@bilearner.com,32620
Alana,16-Jan-20,alana.choi@bilearner.com,83986
Levi,20-Nov-18,levi.lawson@bilearner.com,89298
Kane,11-Nov-22,kane.black@bilearner.com,91837
Paola,18-Dec-20,paola.weeks@bilearner.com,31362
Brooklynn,26-Jan-21,brooklynn.mack@bilearner.com,3274
Darrell,26-Nov-21,darrell.zamora@bilearner.com,71373
Irvin,15-May-23,irvin.warner@bilearner.com,66660
Dayton,20-Jun-23,dayton.castro@bilearner.com,26821
Hailey,22-Aug-19,hailey.mckay@bilearner.com,89365
Jaquan,30-Aug-21,jaquan.rowland@bilearner.com,88976
David,27-Jan-20,david.velez@bilearner.com,43853
Joslyn,04-Mar-22,joslyn.patel@bilearner.com,19697
Colt,07-Mar-20,colt.archer@bilearner.com,50000
Abbigail,19-Mar-20,abbigail.cameron@bilearner.com,35033
Anastasia,23-Jul-22,anastasia.escobar@bilearner.com,50676
Ronin,18-Oct-19,ronin.mclaughlin@bilearner.com,25148
Aliana,14-Apr-20,aliana.pena@bilearner.com,96915
Ramon,25-Nov-18,ramon.goodwin@bilearner.com,95167
Cory,23-Mar-21,cory.saunders@bilearner.com,1223
Alessandra,27-Oct-20,alessandra.huynh@bilearner.com,31462
Maeve,11-Jun-22,maeve.holmes@bilearner.com,6735
Alejandra,19-Mar-20,alejandra.mclean@bilearner.com,60585
Reuben,07-Nov-19,reuben.potter@bilearner.com,46736
Marilyn,24-Apr-23,marilyn.greer@bilearner.com,35941
Camila,04-Jun-20,camila.nichols@bilearner.com,11657
Iris,23-May-22,iris.bruce@bilearner.com,72528
Henry,17-May-19,henry.pratt@bilearner.com,14705
Kira,28-Sep-18,kira.soto@bilearner.com,5254
Ashanti,04-Mar-19,ashanti.scott@bilearner.com,94026
Sarahi,29-Mar-21,sarahi.burke@bilearner.com,90967
Aimee,07-Jul-19,aimee.terry@bilearner.com,46879
Jerimiah,06-Sep-18,jerimiah.jackson@bilearner.com,70353
Callie,25-Sep-18,callie.murray@bilearner.com,27888
Fabian,11-Mar-22,fabian.young@bilearner.com,36258
Juliette,13-Jul-20,juliette.morton@bilearner.com,17844
Alyvia,22-Jun-20,alyvia.sellers@bilearner.com,87263
Tyler,30-Sep-19,tyler.gay@bilearner.com,8671
Noemi,08-Jan-20,noemi.randall@bilearner.com,16520
Jazlene,16-Oct-21,jazlene.lozano@bilearner.com,22868
Jennifer,29-Jun-22,jennifer.salazar@bilearner.com,59954
Vaughn,01-May-22,vaughn.leonard@bilearner.com,43998
Caitlin,16-Aug-18,caitlin.robertson@bilearner.com,75748
Elyse,27-Dec-19,elyse.huerta@bilearner.com,87591
Kyle,01-Jul-21,kyle.sanders@bilearner.com,23777
Barrett,20-Oct-22,barrett.jennings@bilearner.com,34732
Darius,15-Feb-19,darius.koch@bilearner.com,28097
Kolton,17-Jan-22,kolton.dawson@bilearner.com,39841
Ciara,14-Nov-21,ciara.cole@bilearner.com,46871
Virginia,14-Nov-20,virginia.wallace@bilearner.com,91614
Malik,25-Feb-23,malik.ochoa@bilearner.com,89515
Elyse,23-Aug-22,elyse.pratt@bilearner.com,82774
Yahir,01-May-19,yahir.hill@bilearner.com,79937
Harley,26-Apr-20,harley.abbott@bilearner.com,95232
Dawson,08-Feb-21,dawson.pratt@bilearner.com,37465
Michaela,29-Oct-20,michaela.smith@bilearner.com,50409
Lillie,22-Nov-22,lillie.leblanc@bilearner.com,2006
Sincere,11-Oct-22,sincere.rivera@bilearner.com,55846
Lucas,28-Dec-19,lucas.good@bilearner.com,74245
Jonas,11-Apr-19,jonas.hernandez@bilearner.com,95565
Cason,26-Oct-20,cason.tyler@bilearner.com,89318
Malachi,09-Jul-21,malachi.singleton@bilearner.com,29507
Natalie,12-Jan-22,natalie.christensen@bilearner.com,77219
Jordyn,07-Aug-20,jordyn.sheppard@bilearner.com,30117
Rohan,10-Apr-21,rohan.matthews@bilearner.com,30179
Taniya,11-Jan-21,taniya.stafford@bilearner.com,72581
Cherish,08-Dec-19,cherish.preston@bilearner.com,39352
Briley,26-Sep-21,briley.hanson@bilearner.com,89374
Hugo,09-Sep-21,hugo.tate@bilearner.com,74629
Daniel,19-Sep-20,daniel.griffin@bilearner.com,56136
Dakota,11-Jan-22,dakota.salinas@bilearner.com,69514
Janiyah,18-Jul-19,janiyah.ballard@bilearner.com,40307
Annika,13-Apr-21,annika.malone@bilearner.com,57255
Celeste,17-Jun-23,celeste.lin@bilearner.com,94486
Larissa,27-Oct-18,larissa.warner@bilearner.com,28931
Lawrence,01-Jun-21,lawrence.cross@bilearner.com,60878
Kara,07-Apr-23,kara.barnes@bilearner.com,58589
Emery,13-Jun-21,emery.schmidt@bilearner.com,26059
Adalyn,13-Mar-19,adalyn.vaughan@bilearner.com,94411
Chase,24-May-19,chase.lloyd@bilearner.com,46980
Hallie,25-Feb-23,hallie.delacruz@bilearner.com,12398
Tia,24-Mar-20,tia.atkins@bilearner.com,95571
Nia,12-Jun-21,nia.nicholson@bilearner.com,91189
Lilian,22-Mar-19,lilian.norton@bilearner.com,62803
Aliana,08-Mar-21,aliana.pennington@bilearner.com,77552
Estrella,15-May-20,estrella.benitez@bilearner.com,35973
Kylie,24-Jan-23,kylie.gilbert@bilearner.com,47801
Oscar,06-Jan-21,oscar.munoz@bilearner.com,1615
Dane,16-Apr-21,dane.barton@bilearner.com,49042
Dexter,22-Sep-21,dexter.cline@bilearner.com,94852
Atticus,28-Jun-22,atticus.frost@bilearner.com,60350
Yamilet,17-Aug-20,yamilet.cohen@bilearner.com,41055
Emmalee,03-Apr-23,emmalee.reynolds@bilearner.com,21439
Moshe,26-May-23,moshe.taylor@bilearner.com,32645
Irene,10-Apr-21,irene.melton@bilearner.com,47354
Eddie,18-Apr-23,eddie.whitney@bilearner.com,64005
Marcel,13-Oct-21,marcel.gomez@bilearner.com,91553
Amy,10-Oct-20,amy.foster-baker@bilearner.com,2050
Janet,20-Jan-19,janet.king@bilearner.com,1902
Bonalyn,09-May-21,bonalyn.boutwell@bilearner.com,2468
Nan,29-Jul-23,nan.singh@bilearner.com,2330
Tyrone,24-Aug-19,tyrone.steans@bilearner.com,2703
Estelle,25-Dec-18,estelle.howard@bilearner.com,2170
William,27-May-21,william.larotonda@bilearner.com,1460
Mia,02-Feb-23,mia.brown@bilearner.com,1450
Leigh Ann,06-Dec-22,leigh ann.smith@bilearner.com,1844
Peter,23-Jul-21,peter.foley@bilearner.com,11194
Maximus,16-Nov-19,maximus.carney@bilearner.com,60432
Jaida,08-Mar-20,jaida.sweeney@bilearner.com,86677
Rhys,14-Jan-19,rhys.lawson@bilearner.com,93156
Skyler,29-Feb-20,skyler.robles@bilearner.com,66733
Allyson,25-Nov-22,allyson.keller@bilearner.com,77070
Eddie,15-Sep-22,eddie.bauer@bilearner.com,66991
Roger,11-Aug-21,roger.taylor@bilearner.com,69431
Marshall,03-Aug-23,marshall.sellers@bilearner.com,12089
Cloe,14-Mar-22,cloe.mcgrath@bilearner.com,74486
Susan,01-Sep-20,susan.gordon@bilearner.com,15975
Makenna,31-Oct-21,makenna.newton@bilearner.com,27425
Kellen,26-Feb-20,kellen.smith@bilearner.com,88247
Sherlyn,10-Aug-18,sherlyn.carroll@bilearner.com,71014
Rogelio,30-Sep-20,rogelio.flores@bilearner.com,90987
Kadence,01-Apr-21,kadence.gentry@bilearner.com,47635
Willow,21-Mar-21,willow.golden@bilearner.com,37302
Amiyah,03-Nov-21,amiyah.sims@bilearner.com,76343
Jeffery,22-Jun-19,jeffery.hogan@bilearner.com,2559
Shaniya,12-Nov-19,shaniya.hamilton@bilearner.com,68008
Johan,20-Sep-22,johan.willis@bilearner.com,93554
Seth,27-Jan-23,seth.alvarez@bilearner.com,85275
Aron,21-Feb-21,aron.grant@bilearner.com,37276
Haleigh,04-Mar-22,haleigh.carter@bilearner.com,54734
Tatiana,21-Apr-19,tatiana.ayala@bilearner.com,34961
Kaylynn,02-Aug-21,kaylynn.mcguire@bilearner.com,33234
Timothy,04-Mar-22,timothy.villarreal@bilearner.com,45030
Elliott,28-Mar-21,elliott.petersen@bilearner.com,38846
Lily,08-Aug-18,lily.tyler@bilearner.com,43568
Noe,15-Sep-20,noe.mann@bilearner.com,48891
Christina,28-Oct-20,christina.terry@bilearner.com,79778
Niko,16-Jun-21,niko.durham@bilearner.com,79459
Dante,20-Mar-23,dante.strong@bilearner.com,93230
Angeline,07-Sep-18,angeline.perez@bilearner.com,74550
Jairo,08-Nov-18,jairo.blanchard@bilearner.com,1706
Rishi,26-Jan-19,rishi.watkins@bilearner.com,50894
Immanuel,30-Aug-21,immanuel.goodwin@bilearner.com,27367
Elle,08-Mar-23,elle.berry@bilearner.com,18484
Raphael,10-Nov-19,raphael.francis@bilearner.com,36283
Hadley,28-Jul-23,hadley.barrett@bilearner.com,82125
Mollie,03-Apr-19,mollie.jenkins@bilearner.com,32101
Cali,24-Jul-19,cali.nolan@bilearner.com,64340
Malik,29-Apr-22,malik.crane@bilearner.com,14151
Bryce,06-Oct-20,bryce.higgins@bilearner.com,61754
Beatrice,04-Apr-20,beatrice.bean@bilearner.com,24157
Shea,26-Mar-21,shea.novak@bilearner.com,6564
Mateo,19-May-22,mateo.mcdaniel@bilearner.com,55619
Arianna,28-Aug-21,arianna.carlson@bilearner.com,26844
Frankie,24-Nov-22,frankie.davenport@bilearner.com,34610
Morgan,12-Jan-22,morgan.hammond@bilearner.com,20630
Judith,07-Jul-19,judith.mccullough@bilearner.com,78109
Luca,14-Jul-21,luca.francis@bilearner.com,1498
Mallory,03-Dec-19,mallory.figueroa@bilearner.com,30890
Larissa,03-Mar-21,larissa.douglas@bilearner.com,67773
Konnor,13-Jun-22,konnor.rivas@bilearner.com,12640
Fernanda,23-Jan-23,fernanda.yu@bilearner.com,64384
Solomon,06-Sep-20,solomon.paul@bilearner.com,3676
Emiliano,17-Oct-22,emiliano.young@bilearner.com,71974
Mason,07-Jun-19,mason.ellis@bilearner.com,27614
Athena,28-Jan-22,athena.moore@bilearner.com,88549
Karla,01-Jul-20,karla.farrell@bilearner.com,14083
Anderson,30-May-20,anderson.meadows@bilearner.com,37965
Jacey,05-Oct-19,jacey.braun@bilearner.com,13405
Nathan,06-Nov-21,nathan.kline@bilearner.com,63614
Gabriella,09-May-19,gabriella.benitez@bilearner.com,31721
Juan,28-Oct-19,juan.gonzalez@bilearner.com,2128
Cayo,11-Jan-19,cayo.gonzalez@bilearner.com,2108
Taylor,02-Apr-20,taylor.sparks@bilearner.com,2093
Jeanette,07-Jun-19,jeanette.tippett@bilearner.com,2093
Rose,22-Nov-21,rose.ivey@bilearner.com,1775
Elijian,19-Jan-19,elijian.clukey@bilearner.com,2134
Jordan,17-Dec-21,jordan.winthrop@bilearner.com,2045
Shari,04-May-19,shari.ngodup@bilearner.com,1810
John,25-Dec-18,john.kretschmer@bilearner.com,1801
Debbie,03-Jan-21,debbie.mangal@bilearner.com,2451
Helen,15-Jun-23,helen.billis@bilearner.com,2031
Yen,29-Aug-18,yen.johnston@bilearner.com,2128
Hong,04-Jan-19,hong.pham@bilearner.com,2451
Linda,10-Sep-21,linda.bachiochi@bilearner.com,1902
Lily,08-Jul-21,lily.dinocco@bilearner.com,2351
Ned,01-Nov-18,ned.miller@bilearner.com,2472
Shana,08-Dec-18,shana.petingill@bilearner.com,2050
Jennifer,25-Oct-22,jennifer.cloninger@bilearner.com,1752
Elias,04-Apr-23,elias.robinson@bilearner.com,1730
Libby,17-Mar-21,libby.fidelia@bilearner.com,2155
Catherine,11-Mar-19,catherine.ybarra@bilearner.com,2458
Ashanti,25-Feb-22,ashanti.price@bilearner.com,26720
Makenna,02-Jul-19,makenna.rojas@bilearner.com,78612
Rory,20-Jun-19,rory.stone@bilearner.com,75935
Ann,27-Sep-19,ann.montgomery@bilearner.com,51599
Erin,15-Nov-22,erin.holder@bilearner.com,95839
Aubrey,22-Aug-20,aubrey.kim@bilearner.com,93199
Edward,09-Apr-20,edward.love@bilearner.com,39796
Paisley,30-Mar-21,paisley.avery@bilearner.com,10875
Kaiden,26-Sep-18,kaiden.leblanc@bilearner.com,33720
Shania,22-May-23,shania.bauer@bilearner.com,50647
Danna,04-Jun-21,danna.hines@bilearner.com,33776
Bennett,22-Oct-19,bennett.bowen@bilearner.com,24552
Gianna,04-Oct-19,gianna.lopez@bilearner.com,6933
Azaria,25-Jun-22,azaria.young@bilearner.com,3012
Aydin,17-Nov-21,aydin.bautista@bilearner.com,60993
Antoine,04-Aug-19,antoine.schaefer@bilearner.com,10504
Milagros,08-Mar-22,milagros.cobb@bilearner.com,11397
Jean,22-Feb-19,jean.duffy@bilearner.com,96208
Campbell,08-Dec-22,campbell.doyle@bilearner.com,76607
Deven,22-Nov-19,deven.vincent@bilearner.com,6668
Evangeline,13-Feb-23,evangeline.downs@bilearner.com,36785
Kaley,15-Mar-19,kaley.ali@bilearner.com,16451
Madeline,18-Jul-19,madeline.bernard@bilearner.com,96784
Alijah,09-Apr-21,alijah.singh@bilearner.com,40314
Ayla,30-Dec-18,ayla.roberts@bilearner.com,88408
Isai,30-Jul-21,isai.mcfarland@bilearner.com,70770
Brent,28-Oct-22,brent.dominguez@bilearner.com,35871
Lorena,29-Oct-20,lorena.graves@bilearner.com,13357
Lucian,17-Mar-23,lucian.mora@bilearner.com,51453
Dangelo,20-Jul-22,dangelo.gould@bilearner.com,76246
Humberto,04-Aug-23,humberto.horn@bilearner.com,57866
Miranda,26-Nov-21,miranda.chavez@bilearner.com,69720
Makena,27-Sep-18,makena.mcintosh@bilearner.com,31956
Armani,04-Aug-19,armani.crawford@bilearner.com,96317
Eugene,03-Oct-19,eugene.bird@bilearner.com,78331
Connor,05-Sep-21,connor.larsen@bilearner.com,89203
Harley,21-Jul-20,harley.mccullough@bilearner.com,68233
Lucian,12-Dec-22,lucian.montoya@bilearner.com,24188
Shiloh,13-Sep-20,shiloh.baird@bilearner.com,72868
Tara,15-Nov-22,tara.alvarado@bilearner.com,82061
Raina,07-Feb-20,raina.vaughan@bilearner.com,19127
Sienna,31-Dec-22,sienna.bullock@bilearner.com,26670
Tyrese,26-Mar-19,tyrese.goodman@bilearner.com,86883
Giovanni,22-Mar-23,giovanni.landry@bilearner.com,83496
Javon,23-Dec-22,javon.moses@bilearner.com,5270
Alonso,27-Dec-19,alonso.williams@bilearner.com,18041
Kamila,25-Jun-19,kamila.rosales@bilearner.com,55931
Jadiel,23-Nov-18,jadiel.french@bilearner.com,84889
Brennan,17-Jan-21,brennan.jefferson@bilearner.com,20292
Noe,08-Sep-21,noe.glenn@bilearner.com,46927
Vaughn,24-Feb-21,vaughn.kim@bilearner.com,14170
Anabel,12-Apr-19,anabel.evans@bilearner.com,82370
Elisabeth,13-Jul-23,elisabeth.irwin@bilearner.com,83401
Bo,05-Oct-20,bo.bradford@bilearner.com,28372
Dustin,27-Jan-19,dustin.beasley@bilearner.com,7304
Dean,17-Dec-20,dean.winters@bilearner.com,7717
Chanel,04-Mar-21,chanel.dougherty@bilearner.com,50559
Phoebe,30-Mar-23,phoebe.dorsey@bilearner.com,18652
Coleman,27-Dec-18,coleman.bridges@bilearner.com,24605
Juliet,20-Sep-21,juliet.bautista@bilearner.com,59499
Julia,08-Feb-23,julia.lawrence@bilearner.com,62387
Kinley,16-Oct-19,kinley.dean@bilearner.com,4589
Karina,31-Aug-21,karina.mccarthy@bilearner.com,46068
Ruben,25-Sep-20,ruben.kirby@bilearner.com,24519
Alexia,01-Feb-23,alexia.hughes@bilearner.com,46511
Miles,17-Jan-23,miles.gill@bilearner.com,86113
Kaden,07-Dec-19,kaden.woodard@bilearner.com,16157
Frida,21-Nov-18,frida.wilkins@bilearner.com,75398
Kamron,15-Feb-21,kamron.doyle@bilearner.com,35244
Blaine,06-Jan-21,blaine.rose@bilearner.com,31819
Elena,18-Jan-19,elena.gilmore@bilearner.com,77316
Ashlynn,15-Mar-23,ashlynn.moses@bilearner.com,71882
Esmeralda,11-Nov-19,esmeralda.galvan@bilearner.com,81260
Ignacio,21-Aug-22,ignacio.wiley@bilearner.com,74813
Lorena,05-May-20,lorena.mahoney@bilearner.com,43208
Krystal,05-Mar-21,krystal.atkinson@bilearner.com,92712
Soren,07-Mar-19,soren.merritt@bilearner.com,53726
Frida,08-May-22,frida.salazar@bilearner.com,31742
Annie,21-Aug-20,annie.peters@bilearner.com,7547
Zoie,01-Dec-20,zoie.mercado@bilearner.com,42750
Joanna,13-Aug-19,joanna.arias@bilearner.com,40934
Tristian,09-Mar-20,tristian.wilcox@bilearner.com,4664
Zoey,06-May-20,zoey.spence@bilearner.com,73153
Bradley,03-Aug-22,bradley.barnes@bilearner.com,57107
Juliana,13-Oct-18,juliana.schroeder@bilearner.com,18325
Yasmin,04-Jul-21,yasmin.warren@bilearner.com,38175
Izabella,30-Apr-19,izabella.barron@bilearner.com,27412
Victoria,03-Nov-20,victoria.soto@bilearner.com,26808
Cody,15-Aug-22,cody.beard@bilearner.com,43193
Abigayle,26-Feb-22,abigayle.mccann@bilearner.com,94816
Brenden,13-May-19,brenden.marks@bilearner.com,92438
Jaqueline,24-Oct-21,jaqueline.gallagher@bilearner.com,12961
Abagail,10-May-21,abagail.banks@bilearner.com,96477
Nickolas,13-Jun-21,nickolas.guzman@bilearner.com,31097
Guillermo,04-Nov-19,guillermo.rose@bilearner.com,11962
Moises,29-Jan-20,moises.brock@bilearner.com,29145
Hayden,05-Sep-18,hayden.richmond@bilearner.com,25033
Evelin,21-Jul-21,evelin.sellers@bilearner.com,58830
Dereon,20-May-23,dereon.hayes@bilearner.com,64063
Marlee,16-May-22,marlee.mathis@bilearner.com,92210
Alice,15-Mar-21,alice.house@bilearner.com,79031
Jonathon,26-Jun-23,jonathon.thompson@bilearner.com,47284
Kendal,11-Oct-19,kendal.abbott@bilearner.com,42058
Holly,21-Dec-19,holly.taylor@bilearner.com,75433
Hadassah,15-Jul-22,hadassah.blackburn@bilearner.com,22316
Shaylee,26-Sep-18,shaylee.hall@bilearner.com,96974
Richard,16-Oct-22,richard.nelson@bilearner.com,46694
Leyla,02-Dec-21,leyla.davila@bilearner.com,4704
Kolten,07-Mar-19,kolten.calhoun@bilearner.com,35960
Camille,02-May-23,camille.livingston@bilearner.com,76669
Lilianna,24-Aug-20,lilianna.colon@bilearner.com,34189
Chaim,08-Dec-20,chaim.patrick@bilearner.com,16162
Amara,15-Feb-21,amara.castillo@bilearner.com,49777
Joel,15-Sep-20,joel.eaton@bilearner.com,18628
Priscilla,16-Mar-23,priscilla.walters@bilearner.com,5112
Nehemiah,14-Nov-21,nehemiah.leach@bilearner.com,42288
Ashtyn,23-Apr-21,ashtyn.huynh@bilearner.com,13579
Tristen,05-Jun-22,tristen.reed@bilearner.com,39855
Braedon,19-Nov-22,braedon.chandler@bilearner.com,47571
Nikolas,14-Apr-23,nikolas.hancock@bilearner.com,90069
Demetrius,13-Dec-22,demetrius.sanders@bilearner.com,25072
Tiana,11-Mar-23,tiana.perry@bilearner.com,2315
Rene,22-Nov-19,rene.pena@bilearner.com,74746
Angelo,13-Mar-21,angelo.fox@bilearner.com,20157
Ernesto,27-Feb-22,ernesto.madden@bilearner.com,11719
Amari,08-May-21,amari.christian@bilearner.com,30912
Lilly,27-Dec-22,lilly.turner@bilearner.com,35052
Rayne,16-Aug-20,rayne.simpson@bilearner.com,13235
Aaron,20-Jan-23,aaron.tapia@bilearner.com,27010
Aimee,28-Dec-20,aimee.santana@bilearner.com,79458
Raegan,18-Feb-21,raegan.stanton@bilearner.com,62937
Johan,16-Jan-21,johan.sosa@bilearner.com,7598
Stacy,07-Apr-22,stacy.bonilla@bilearner.com,26161
Valery,11-Jul-19,valery.holder@bilearner.com,43421
Skye,09-Aug-20,skye.cochran@bilearner.com,53393
Jerimiah,20-Sep-18,jerimiah.mendez@bilearner.com,33362
Madden,21-Jan-20,madden.lam@bilearner.com,61239
Nicole,17-Feb-22,nicole.stone@bilearner.com,31989
Brice,11-Jun-19,brice.christian@bilearner.com,75761
Sage,05-May-22,sage.potter@bilearner.com,25854
Kyle,19-Sep-18,kyle.peck@bilearner.com,92807
Zaniyah,01-Jun-21,zaniyah.roman@bilearner.com,5288
Katie,05-Jul-23,katie.gutierrez@bilearner.com,66412
Walker,17-Dec-22,walker.baird@bilearner.com,20484
Zackery,06-Jul-21,zackery.sutton@bilearner.com,73854
Hazel,27-Mar-19,hazel.ponce@bilearner.com,86977
Joey,08-May-23,joey.alvarez@bilearner.com,40039
Titus,12-Dec-18,titus.day@bilearner.com,25683
Bella,25-Aug-20,bella.norris@bilearner.com,3170
Braden,22-Apr-22,braden.ballard@bilearner.com,32042
Aron,20-Dec-21,aron.graham@bilearner.com,52047
Shamar,12-Feb-21,shamar.cross@bilearner.com,88833
Kailee,29-Sep-20,kailee.harmon@bilearner.com,3211
Alice,10-Sep-22,alice.kaufman@bilearner.com,5789
Cesar,11-Mar-23,cesar.house@bilearner.com,14685
Guillermo,28-Apr-22,guillermo.lynn@bilearner.com,6954
Myles,20-Mar-22,myles.hart@bilearner.com,69989
Deborah,04-Mar-22,deborah.kline@bilearner.com,19999
Patricia,01-Feb-23,patricia.pruitt@bilearner.com,15282
Alice,05-Feb-21,alice.craig@bilearner.com,65852
Mariana,23-Nov-22,mariana.copeland@bilearner.com,79576
Nick,24-May-21,nick.merritt@bilearner.com,47974
Chance,28-Sep-21,chance.warner@bilearner.com,18550
Ryann,17-Mar-21,ryann.tapia@bilearner.com,21985
Diego,03-Jul-23,diego.hays@bilearner.com,17356
Gabriel,11-Aug-19,gabriel.adams@bilearner.com,82586
Rohan,11-Nov-19,rohan.mcdowell@bilearner.com,74406
Sullivan,15-Dec-20,sullivan.whitehead@bilearner.com,11134
Lilliana,06-May-21,lilliana.randolph@bilearner.com,71705
Presley,08-Jul-21,presley.salazar@bilearner.com,48643
Lilianna,04-Apr-23,lilianna.lynn@bilearner.com,66491
Gerardo,05-Aug-22,gerardo.sampson@bilearner.com,40823
Miguel,06-Apr-20,miguel.kim@bilearner.com,95601
Muhammad,02-Mar-23,muhammad.mcpherson@bilearner.com,60634
Myles,09-Apr-20,myles.jensen@bilearner.com,2053
Alessandro,17-Sep-22,alessandro.harris@bilearner.com,77910
Eugene,15-Jan-22,eugene.reyes@bilearner.com,16737
Shamar,23-May-22,shamar.guzman@bilearner.com,12898
Mohammed,15-Jul-21,mohammed.mcintyre@bilearner.com,51245
Travis,28-Aug-20,travis.morgan@bilearner.com,22497
Alessandro,09-Sep-21,alessandro.fuller@bilearner.com,30814
Kamden,10-Feb-23,kamden.ochoa@bilearner.com,69254
Charlee,14-Jun-20,charlee.wiggins@bilearner.com,20973
Natalia,05-Dec-20,natalia.hamilton@bilearner.com,43757
Kierra,16-Jul-22,kierra.boone@bilearner.com,32811
Charlie,09-Jun-23,charlie.ramirez@bilearner.com,75995
Chris,02-Mar-20,chris.johnson@bilearner.com,2999
John,23-Nov-18,john.bentley@bilearner.com,75959
Myla,27-May-19,myla.mcintyre@bilearner.com,8372
Demarcus,18-May-22,demarcus.ware@bilearner.com,82257
Devon,06-Nov-18,devon.daniels@bilearner.com,23314
Odin,29-Mar-22,odin.heath@bilearner.com,45740
Bryanna,04-Nov-21,bryanna.mahoney@bilearner.com,60262
Ashlynn,27-Apr-23,ashlynn.thompson@bilearner.com,29223
Ansley,08-Mar-20,ansley.duke@bilearner.com,80948
Izaiah,27-Apr-19,izaiah.quinn@bilearner.com,95266
Hillary,11-May-19,hillary.clements@bilearner.com,33304
Diana,09-Mar-21,diana.cameron@bilearner.com,36632
Rhianna,05-Nov-20,rhianna.allison@bilearner.com,20625
Ramon,12-Sep-18,ramon.watson@bilearner.com,26283
Raegan,09-Nov-19,raegan.spence@bilearner.com,67750
Jacoby,29-Nov-18,jacoby.singleton@bilearner.com,53913
Kara,03-Jul-22,kara.yates@bilearner.com,76052
Beau,26-Sep-19,beau.barron@bilearner.com,61768
Giovanna,23-Dec-22,giovanna.morton@bilearner.com,33335
Braelyn,19-Jan-23,braelyn.dominguez@bilearner.com,69290
Rhett,01-Oct-18,rhett.andrews@bilearner.com,65106
Terrell,18-Feb-22,terrell.crosby@bilearner.com,12740
Corbin,09-Dec-21,corbin.roberson@bilearner.com,58121
Micheal,01-Jan-19,micheal.drake@bilearner.com,95591
Evie,27-May-20,evie.mclaughlin@bilearner.com,70072
Robert,21-Sep-21,robert.hubert@bilearner.com,2134
Matthew,30-Aug-21,matthew.westinghouse@bilearner.com,2134
Jason,19-Jun-23,jason.smith@bilearner.com,2045
Charlie,12-May-23,charlie.wang@bilearner.com,1887
Kurt,05-Jun-22,kurt.navathe@bilearner.com,2056
Katie,17-Sep-20,katie.roper@bilearner.com,2056
Maggie,15-May-23,maggie.rachael@bilearner.com,2110
Binh,15-Dec-18,binh.le@bilearner.com,1886
Lucia,06-Nov-19,lucia.peterson@bilearner.com,2970
Nola,25-Apr-21,nola.moss@bilearner.com,13058
Chance,17-Jun-23,chance.braun@bilearner.com,20602
Alma,14-Jan-22,alma.pennington@bilearner.com,40731
Miley,22-Oct-18,miley.french@bilearner.com,94379
Kole,17-Oct-21,kole.levine@bilearner.com,62674
Azul,19-Oct-21,azul.watkins@bilearner.com,18618
Landen,16-Oct-18,landen.blanchard@bilearner.com,6067
Leroy,26-Apr-20,leroy.norman@bilearner.com,78952
Nikhil,22-Jan-20,nikhil.pineda@bilearner.com,82541
Kadence,30-Mar-22,kadence.simon@bilearner.com,87307
Elliot,29-May-21,elliot.phillips@bilearner.com,59443
Taniya,09-Mar-23,taniya.daniels@bilearner.com,40835
Julia,22-Nov-19,julia.jimenez@bilearner.com,9049
Kamden,07-Apr-19,kamden.paul@bilearner.com,12567
Octavio,23-Mar-23,octavio.hicks@bilearner.com,94154
Jaidyn,18-Feb-21,jaidyn.malone@bilearner.com,42258
Cora,05-Apr-19,cora.perez@bilearner.com,74220
Isis,23-Oct-19,isis.ayala@bilearner.com,47015
Charlee,14-May-21,charlee.calhoun@bilearner.com,96848
Walter,19-Mar-19,walter.pruitt@bilearner.com,87451
Julie,08-May-19,julie.harrington@bilearner.com,29739
Amara,05-Oct-19,amara.wood@bilearner.com,13117
Nevaeh,29-Nov-21,nevaeh.ponce@bilearner.com,2581
Greta,06-Nov-18,greta.fields@bilearner.com,63435
Zackery,27-Jul-21,zackery.hess@bilearner.com,87224
Chloe,18-Jul-23,chloe.gould@bilearner.com,3563
Elyse,04-Sep-22,elyse.chandler@bilearner.com,10497
Isaias,24-May-19,isaias.briggs@bilearner.com,38675
Allison,03-Nov-19,allison.frank@bilearner.com,72313
Joaquin,26-Nov-19,joaquin.hahn@bilearner.com,39930
Drake,09-Aug-22,drake.nicholson@bilearner.com,47536
Kenna,19-Mar-19,kenna.porter@bilearner.com,91255
Peter,25-Nov-18,peter.wong@bilearner.com,19115
Fatima,10-Apr-22,fatima.pennington@bilearner.com,32063
Lainey,02-Apr-21,lainey.ayers@bilearner.com,2597
Tania,22-Dec-19,tania.jennings@bilearner.com,30018
Kara,14-Aug-21,kara.ferrell@bilearner.com,38619
George,28-Aug-18,george.sheppard@bilearner.com,62112
Taniyah,10-Jul-23,taniyah.mcmillan@bilearner.com,35842
Kole,18-Sep-20,kole.avila@bilearner.com,78813
Ernest,18-Jul-19,ernest.munoz@bilearner.com,4772
Rose,21-Nov-21,rose.jordan@bilearner.com,83162
Amaris,08-Mar-21,amaris.torres@bilearner.com,21426
Titus,21-Aug-19,titus.lowe@bilearner.com,74874
Savanah,30-Apr-22,savanah.prince@bilearner.com,56043
Dawson,03-Feb-23,dawson.pollard@bilearner.com,59192
Moises,08-May-23,moises.day@bilearner.com,82767
Sadie,29-Jul-22,sadie.sheppard@bilearner.com,44156
Soren,18-Nov-20,soren.coleman@bilearner.com,59433
Sage,16-May-21,sage.morris@bilearner.com,42691
Lillian,25-Oct-19,lillian.steele@bilearner.com,33673
Deanna,05-Mar-23,deanna.meza@bilearner.com,34659
Troy,01-Jun-21,troy.todd@bilearner.com,65125
Beckett,22-Jan-22,beckett.shea@bilearner.com,97969
Eve,09-Jul-23,eve.barker@bilearner.com,18894
Lillie,11-Nov-18,lillie.wilkerson@bilearner.com,16287
Alexis,05-Jan-21,alexis.harrell@bilearner.com,63472
Mylee,25-Nov-22,mylee.snow@bilearner.com,19801
Elsa,30-Mar-20,elsa.mckenzie@bilearner.com,34107
Kolby,02-Jan-21,kolby.reed@bilearner.com,35372
Kyler,26-Feb-19,kyler.morales@bilearner.com,56249
Jasiah,06-Oct-19,jasiah.walton@bilearner.com,77562
Urijah,19-Apr-20,urijah.brandt@bilearner.com,23764
Gianna,24-Dec-22,gianna.pope@bilearner.com,2558
Malia,09-Apr-21,malia.reynolds@bilearner.com,82773
Claire,04-Sep-18,claire.gordon@bilearner.com,20654
Joshua,07-Nov-21,joshua.hall@bilearner.com,74846
Mattie,24-May-23,mattie.peters@bilearner.com,3758
Makai,15-Feb-21,makai.nolan@bilearner.com,5156
Trevon,03-Nov-21,trevon.briggs@bilearner.com,64233
Gretchen,20-Sep-18,gretchen.weeks@bilearner.com,61270
Corey,23-Jul-19,corey.hurst@bilearner.com,36731
Alison,12-May-22,alison.pugh@bilearner.com,49479
Kadence,03-Oct-18,kadence.sandoval@bilearner.com,26140
Mckenzie,26-Nov-20,mckenzie.kim@bilearner.com,59091
Randall,04-Oct-18,randall.miller@bilearner.com,50425
Lailah,02-Dec-20,lailah.hughes@bilearner.com,81407
Quentin,24-Sep-21,quentin.calderon@bilearner.com,93935
Molly,10-Sep-20,molly.fischer@bilearner.com,65055
Anaya,25-May-22,anaya.stanton@bilearner.com,55354
Jaden,15-Feb-19,jaden.houston@bilearner.com,46239
Lance,28-Sep-18,lance.bailey@bilearner.com,43594
Quintin,12-Dec-18,quintin.hicks@bilearner.com,72035
Mauricio,01-Dec-21,mauricio.meyers@bilearner.com,1218
Tess,12-Jan-22,tess.reilly@bilearner.com,5062
Reece,27-Oct-20,reece.callahan@bilearner.com,86362
Tyrell,02-Nov-20,tyrell.fuentes@bilearner.com,21457
Benjamin,24-Apr-21,benjamin.kaufman@bilearner.com,49370
Ayla,29-Jun-20,ayla.mcgrath@bilearner.com,17318
Katelyn,15-Jul-21,katelyn.stevens@bilearner.com,93155
Jaiden,20-Jun-23,jaiden.christian@bilearner.com,32840
Elliott,22-Sep-19,elliott.odonnell@bilearner.com,46552
Ronnie,22-Feb-22,ronnie.dillon@bilearner.com,26893
Gideon,01-Jul-20,gideon.saunders@bilearner.com,34649
Valerie,13-May-21,valerie.davis@bilearner.com,46050
Jamarcus,30-May-21,jamarcus.thomas@bilearner.com,55738
Alden,04-Jul-19,alden.powers@bilearner.com,71994
Haylie,31-May-19,haylie.arnold@bilearner.com,50024
James,13-Mar-20,james.cockel@bilearner.com,2452
Donna,06-Jan-20,donna.brill@bilearner.com,1701
Kristen,30-Apr-23,kristen.squatrito@bilearner.com,2359
Erasumus,11-Jul-21,erasumus.monkfish@bilearner.com,1450
May,02-Jul-21,may.roberson@bilearner.com,1902
Shana,23-Oct-19,shana.maurice@bilearner.com,2330
Raul,19-Jan-19,raul.garcia@bilearner.com,1905
Rachael,08-Jan-21,rachael.baczenski@bilearner.com,1902
Enrico,29-Jan-19,enrico.langton@bilearner.com,2048
Colleen,27-Oct-18,colleen.zima@bilearner.com,1730
Phil,30-May-23,phil.close@bilearner.com,2169
Hang T,15-Jul-19,hang t.wolk@bilearner.com,2302
Lei-Ming,17-Mar-20,lei-ming.nguyen@bilearner.com,2132
Denisa S,16-Sep-22,denisa s.dobrin@bilearner.com,2125
Maryellen,04-Jan-21,maryellen.jackson@bilearner.com,2081
David,30-Nov-18,david.gordon@bilearner.com,2169
Mei,24-Jul-22,mei.trang@bilearner.com,2021
Lindsey,05-Feb-22,lindsey.langford@bilearner.com,2090
Brad,23-Apr-20,brad.pitt@bilearner.com,2451
Susan,23-Jun-23,susan.good@bilearner.com,1886
Ashley,13-Jan-22,ashley.rose@bilearner.com,1886
Kaeden,26-Nov-20,kaeden.gonzales@bilearner.com,70227
Alissa,07-Dec-18,alissa.frey@bilearner.com,3204
Presley,19-Apr-23,presley.steele@bilearner.com,81228
Boston,05-Mar-22,boston.avila@bilearner.com,56894
Rodolfo,20-Jun-19,rodolfo.michael@bilearner.com,42759
Felix,13-Sep-22,felix.fritz@bilearner.com,61961
Amira,02-Jan-19,amira.mcmillan@bilearner.com,45449
Annabelle,06-Jun-22,annabelle.graham@bilearner.com,32636
Leia,09-Jan-20,leia.mccann@bilearner.com,74346
Henry,03-Jan-19,henry.gray@bilearner.com,61791
Jose,23-Jan-21,jose.houston@bilearner.com,40003
Janessa,08-Feb-20,janessa.mcconnell@bilearner.com,93320
Samson,29-Oct-21,samson.ellis@bilearner.com,97689
Lauren,04-Jul-23,lauren.kent@bilearner.com,37569
Mckenzie,06-Apr-23,mckenzie.mack@bilearner.com,11574
Donavan,17-Jan-23,donavan.chavez@bilearner.com,18917
Haiden,17-Oct-19,haiden.coffey@bilearner.com,5819
Kasey,22-Jun-19,kasey.alexander@bilearner.com,75004
Kenneth,10-Feb-23,kenneth.peters@bilearner.com,39000
Lucia,13-Oct-22,lucia.hudson@bilearner.com,73245
Rashad,07-Mar-23,rashad.randall@bilearner.com,83360
Hayley,12-Sep-18,hayley.york@bilearner.com,2072
Salma,27-Jun-20,salma.shepard@bilearner.com,16902
Hallie,28-Dec-18,hallie.thornton@bilearner.com,70792
Tiana,20-Jan-21,tiana.bishop@bilearner.com,25699
Regina,14-Sep-19,regina.garcia@bilearner.com,96290
Julie,06-Oct-18,julie.cochran@bilearner.com,23434
Yamilet,03-Aug-21,yamilet.pierce@bilearner.com,49243
Amare,05-Jul-19,amare.hartman@bilearner.com,64893
Cannon,25-Apr-19,cannon.lee@bilearner.com,91836
Yael,15-Jul-23,yael.hodge@bilearner.com,85791
Colton,10-Dec-22,colton.booker@bilearner.com,17208
Abril,02-May-19,abril.cunningham@bilearner.com,88454
Braxton,13-Jan-19,braxton.house@bilearner.com,69805
Destiney,09-Jun-21,destiney.pearson@bilearner.com,27170
Trystan,02-Aug-23,trystan.ramos@bilearner.com,14325
Miley,17-Jun-23,miley.gutierrez@bilearner.com,39152
Tara,31-Mar-22,tara.hoover@bilearner.com,67173
Layla,06-Apr-19,layla.gutierrez@bilearner.com,76007
Jakayla,11-Jul-20,jakayla.hall@bilearner.com,50833
Jayson,22-Apr-23,jayson.ferguson@bilearner.com,54218
Nick,02-Dec-22,nick.daniels@bilearner.com,54589
Marvin,06-Mar-21,marvin.abbott@bilearner.com,9310
Sawyer,21-May-19,sawyer.oliver@bilearner.com,6449
Linda,23-Oct-18,linda.barajas@bilearner.com,77756
Chance,26-May-21,chance.blackwell@bilearner.com,95802
Antonio,01-Dec-19,antonio.mccoy@bilearner.com,71561
Emmett,07-Jun-21,emmett.mercado@bilearner.com,9967
Clara,13-Oct-20,clara.wheeler@bilearner.com,63255
Kieran,30-Oct-22,kieran.morse@bilearner.com,34441
Aliyah,04-Sep-22,aliyah.schmitt@bilearner.com,12152
Kyan,18-Oct-19,kyan.morrison@bilearner.com,57065
Rayan,25-Jul-21,rayan.stephenson@bilearner.com,17441
Gael,31-Mar-20,gael.jacobs@bilearner.com,1741
Stephany,11-Nov-19,stephany.neal@bilearner.com,69859
Trevon,05-Dec-21,trevon.deleon@bilearner.com,94462
Phoenix,17-Dec-18,phoenix.pitts@bilearner.com,50864
Nola,06-Mar-22,nola.gillespie@bilearner.com,8972
Jeramiah,04-Sep-19,jeramiah.schwartz@bilearner.com,94163
Aaden,26-Jul-23,aaden.mercer@bilearner.com,37289
Nathalia,19-Dec-22,nathalia.good@bilearner.com,21417
Zaria,17-Aug-21,zaria.benton@bilearner.com,22860
Miley,11-Jun-22,miley.ortega@bilearner.com,50910
Julia,01-Oct-21,julia.farmer@bilearner.com,78363
Valentin,04-Aug-20,valentin.lam@bilearner.com,61521
Darnell,11-Feb-22,darnell.ritter@bilearner.com,43420
Kierra,22-Jun-20,kierra.lozano@bilearner.com,44224
Jamari,28-Aug-20,jamari.dunn@bilearner.com,83618
Zoey,06-May-19,zoey.page@bilearner.com,41874
Kendra,08-Jul-21,kendra.velez@bilearner.com,32718
Alison,02-Jul-22,alison.fuller@bilearner.com,24932
Toby,04-May-23,toby.cooley@bilearner.com,74525
Emilie,19-Dec-22,emilie.hood@bilearner.com,43930
Cortez,26-Mar-22,cortez.pena@bilearner.com,5184
Abbigail,09-May-21,abbigail.blanchard@bilearner.com,68971
Abby,09-Jan-20,abby.curtis@bilearner.com,69340
Giana,16-May-21,giana.moore@bilearner.com,45326
Giada,31-Jan-21,giada.santos@bilearner.com,57901
Jessie,19-Sep-21,jessie.church@bilearner.com,18674
Kaylah,01-Mar-20,kaylah.ramos@bilearner.com,64947
Camille,29-Feb-20,camille.fritz@bilearner.com,37531
Deangelo,08-Dec-18,deangelo.murillo@bilearner.com,78846
Emerson,26-Jun-22,emerson.gallagher@bilearner.com,40762
April,03-Nov-19,april.bentley@bilearner.com,70743
Ainsley,01-Jan-23,ainsley.booth@bilearner.com,3284
Dereon,31-Jul-20,dereon.huffman@bilearner.com,80929
Colin,10-Sep-21,colin.cherry@bilearner.com,5480
Karla,19-Jun-19,karla.hines@bilearner.com,35394
Colton,16-Aug-21,colton.decker@bilearner.com,5981
Jayleen,08-Jul-19,jayleen.tran@bilearner.com,4188
Aydin,17-Aug-21,aydin.perry@bilearner.com,74361
Jenna,08-Jan-21,jenna.casey@bilearner.com,56925
Remington,14-Aug-18,remington.bullock@bilearner.com,62148
Delaney,30-Jul-21,delaney.stewart@bilearner.com,20467
Saige,08-Apr-23,saige.jones@bilearner.com,43130
Camryn,11-Sep-19,camryn.fritz@bilearner.com,52114
Amanda,05-Mar-20,amanda.lambert@bilearner.com,78947
Winston,02-Dec-19,winston.callahan@bilearner.com,85558
Maverick,03-Dec-22,maverick.lang@bilearner.com,16653
Harold,23-Dec-21,harold.reid@bilearner.com,40621
Cindy,28-Jan-22,cindy.york@bilearner.com,31815
Breanna,15-Dec-19,breanna.cardenas@bilearner.com,78073
Tripp,11-Nov-21,tripp.blake@bilearner.com,57276
Elaine,15-Feb-19,elaine.moon@bilearner.com,47682
Jaime,31-Mar-22,jaime.morrow@bilearner.com,26452
Leslie,25-Oct-20,leslie.potts@bilearner.com,68252
Keith,25-Jul-22,keith.haas@bilearner.com,42024
Matteo,02-Aug-21,matteo.oneal@bilearner.com,45723
Erik,13-Nov-21,erik.graham@bilearner.com,93336
Lailah,07-May-19,lailah.haney@bilearner.com,16981
Mohamed,31-Dec-20,mohamed.gay@bilearner.com,66623
Frankie,10-Dec-19,frankie.banks@bilearner.com,34484
Lorelei,11-Jun-20,lorelei.glass@bilearner.com,97856
Marie,30-Aug-21,marie.moyer@bilearner.com,25103
Amari,04-Nov-19,amari.bowen@bilearner.com,87036
Prince,03-Jun-23,prince.dickerson@bilearner.com,51953
Lane,14-Feb-21,lane.church@bilearner.com,67354
Cassie,28-Feb-23,cassie.nolan@bilearner.com,81653
Mauricio,09-Jan-21,mauricio.buchanan@bilearner.com,25698
Briana,22-Mar-22,briana.wang@bilearner.com,6756
Salma,11-Nov-19,salma.blackwell@bilearner.com,70511
Shelby,04-Oct-22,shelby.frazier@bilearner.com,73361
Lindsay,23-Aug-21,lindsay.becker@bilearner.com,51310
Reyna,05-Dec-22,reyna.good@bilearner.com,64371
Nathalie,20-Jul-19,nathalie.rivera@bilearner.com,76588
Saniyah,05-Nov-21,saniyah.schroeder@bilearner.com,35018
Taylor,04-Jan-21,taylor.mann@bilearner.com,24806
Rylee,14-Oct-22,rylee.stevenson@bilearner.com,40691
Waylon,30-Oct-21,waylon.pennington@bilearner.com,5750
Kobe,02-Oct-22,kobe.crosby@bilearner.com,78562
Carmen,25-Nov-18,carmen.davidson@bilearner.com,56517
Sidney,09-Jul-21,sidney.moran@bilearner.com,10781
Alena,01-May-19,alena.bonilla@bilearner.com,54917
Baron,09-Nov-21,baron.luna@bilearner.com,91039
Giselle,27-Aug-18,giselle.butler@bilearner.com,26876
Sophie,16-Mar-19,sophie.horne@bilearner.com,57831
Jabari,07-Jan-22,jabari.guerrero@bilearner.com,67723
Ahmed,04-Oct-22,ahmed.montgomery@bilearner.com,79888
Esther,23-Mar-22,esther.spears@bilearner.com,78957
Darian,05-May-20,darian.wall@bilearner.com,36015
Kaleb,23-Nov-20,kaleb.cole@bilearner.com,19032
Anthony,28-Mar-22,anthony.terrell@bilearner.com,55466
William,25-Mar-20,william.douglas@bilearner.com,6790
Saniya,07-Aug-18,saniya.buck@bilearner.com,91219
Kristopher,11-Feb-20,kristopher.owen@bilearner.com,84422
Hadley,01-Jan-23,hadley.tapia@bilearner.com,12371
Lillie,07-Dec-22,lillie.bush@bilearner.com,23076
Lamont,13-Mar-23,lamont.cook@bilearner.com,80925
Danna,14-Nov-21,danna.rollins@bilearner.com,38371
Shaun,05-Jun-19,shaun.velazquez@bilearner.com,5154
Kolton,12-Dec-20,kolton.duarte@bilearner.com,57914
Jonas,06-Apr-20,jonas.braun@bilearner.com,46828
Meadow,30-Jan-23,meadow.howe@bilearner.com,51699
Sarahi,08-Sep-20,sarahi.raymond@bilearner.com,86441
Taylor,14-Dec-20,taylor.wiggins@bilearner.com,39875
Ezra,07-Nov-22,ezra.zhang@bilearner.com,73332
Sonia,06-Apr-22,sonia.chung@bilearner.com,85085
Bryce,22-Feb-21,bryce.mills@bilearner.com,11009
Wade,16-May-22,wade.wiggins@bilearner.com,89719
Selina,18-Jan-20,selina.gonzalez@bilearner.com,71466
Tyree,21-Oct-21,tyree.parsons@bilearner.com,68175
Adrian,05-Jan-19,adrian.murray@bilearner.com,48973
Kael,24-Jan-21,kael.fisher@bilearner.com,36064
Erica,06-Mar-20,erica.french@bilearner.com,7544
Damaris,19-Nov-22,damaris.oneal@bilearner.com,70057
Rebecca,15-Mar-19,rebecca.craig@bilearner.com,34085
Carley,11-May-23,carley.waters@bilearner.com,25099
Kadyn,05-Feb-22,kadyn.harrison@bilearner.com,86671
Megan,29-May-19,megan.huang@bilearner.com,39874
Callum,09-Jan-23,callum.blair@bilearner.com,36065
Emilie,01-May-22,emilie.donaldson@bilearner.com,7972
Darius,26-Jan-21,darius.duke@bilearner.com,81226
Kenya,06-Sep-21,kenya.decker@bilearner.com,10345
Tyrese,29-Jul-20,tyrese.sloan@bilearner.com,89245
Giana,31-Mar-23,giana.roach@bilearner.com,46757
Teagan,16-May-23,teagan.swanson@bilearner.com,53602
Jerome,29-Apr-23,jerome.fischer@bilearner.com,91520
Grayson,27-Nov-19,grayson.preston@bilearner.com,95240
Turner,03-Nov-22,turner.bradley@bilearner.com,4497
Elvis,08-Aug-22,elvis.daniels@bilearner.com,89914
Rose,27-Jul-23,rose.travis@bilearner.com,97011
Frank,15-Jul-23,frank.williams@bilearner.com,70906
Yurem,09-Nov-22,yurem.donovan@bilearner.com,17678
John,24-Dec-19,john.smith@bilearner.com,1886
Lynn,08-Mar-19,lynn.daneault@bilearner.com,5473
Donysha,25-Jun-19,donysha.kampew@bilearner.com,19444
Jordin,03-Jan-19,jordin.lozano@bilearner.com,60994
Ronald,02-Feb-23,ronald.gross@bilearner.com,78866
Maryjane,30-Mar-22,maryjane.choi@bilearner.com,34825
Madalynn,23-Mar-20,madalynn.yates@bilearner.com,52524
Angelina,06-Jun-19,angelina.peck@bilearner.com,19068
Dario,28-May-23,dario.shaw@bilearner.com,18285
Deven,03-Feb-21,deven.frazier@bilearner.com,13977
Jett,30-Jul-19,jett.kent@bilearner.com,37830
Zander,08-May-22,zander.aguilar@bilearner.com,34057
Alessandro,12-May-20,alessandro.chavez@bilearner.com,80132
Jaxson,28-Mar-19,jaxson.brady@bilearner.com,36863
Giovanni,22-Jul-19,giovanni.whitaker@bilearner.com,76522
Karen,17-Sep-20,karen.goodman@bilearner.com,42775
Skyla,02-Jul-22,skyla.lambert@bilearner.com,46619
Ashlynn,30-Nov-19,ashlynn.duffy@bilearner.com,63764
Lilliana,21-Jul-23,lilliana.walker@bilearner.com,30495
Lindsay,26-Aug-20,lindsay.copeland@bilearner.com,32929
Kristin,16-May-20,kristin.mccarty@bilearner.com,57392
Barbara,06-Apr-23,barbara.sutwell@bilearner.com,2718
Lenora,18-Feb-19,lenora.tejeda@bilearner.com,2129
Ludwick,10-Oct-20,ludwick.harrell@bilearner.com,1776
Courtney,15-May-21,courtney.beatrice@bilearner.com,1915
Melisa,13-May-19,melisa.gerke@bilearner.com,2330
Lin,04-Jul-19,lin.chan@bilearner.com,2170
Kamrin,01-Apr-22,kamrin.sander@bilearner.com,2154
Thomas,03-Nov-18,thomas.rhoads@bilearner.com,2176
Nina,11-Oct-18,nina.panjwani@bilearner.com,2351
Megan,25-Jun-23,megan.faller@bilearner.com,1824
Judy,14-Sep-20,judy.jung@bilearner.com,2446
April,20-Dec-22,april.evensen@bilearner.com,2458
Julissa,23-Feb-22,julissa.hunts@bilearner.com,2021
Kristie,31-May-19,kristie.nowlan@bilearner.com,1040
Dawn,29-Jan-19,dawn.motlagh@bilearner.com,2453
Theresa,01-Sep-19,theresa.wallace@bilearner.com,1887
Allison,17-Jan-21,allison.lydon@bilearner.com,2122
Trina,21-Apr-22,trina.alagbe@bilearner.com,1886
Betsy,15-Sep-18,betsy.bondwell@bilearner.com,2210
Joe,04-Dec-21,joe.smith@bilearner.com,2045
Lisa,14-Nov-19,lisa.lunquist@bilearner.com,2324
Jene'ya,14-Apr-21,jene'ya.darson@bilearner.com,2110
Hunter,14-Apr-19,hunter.cannon@bilearner.com,10062
Jon,09-Jan-21,jon.lynn@bilearner.com,82592
Paxton,26-Dec-22,paxton.clarke@bilearner.com,4549
Lillian,05-Oct-21,lillian.hines@bilearner.com,61287
Liam,25-Sep-22,liam.snow@bilearner.com,61958
Arianna,10-Nov-21,arianna.horton@bilearner.com,37701
Ayanna,08-Apr-21,ayanna.short@bilearner.com,19755
Steve,14-Nov-18,steve.charles@bilearner.com,48632
Ricardo,14-Mar-20,ricardo.bruce@bilearner.com,31391
Laura,24-Jun-20,laura.gutierrez@bilearner.com,8522
Braxton,19-Mar-23,braxton.rojas@bilearner.com,88359
Sage,15-Aug-22,sage.mercer@bilearner.com,21326
Chase,09-Nov-18,chase.horn@bilearner.com,75570
Juliana,23-Nov-18,juliana.dyer@bilearner.com,97548
Alec,25-Feb-20,alec.stephens@bilearner.com,51952
Adriana,16-May-20,adriana.weber@bilearner.com,46806
Lola,18-Jun-19,lola.hensley@bilearner.com,67662
Shamar,20-May-19,shamar.delgado@bilearner.com,74114
Emmanuel,16-Oct-20,emmanuel.huang@bilearner.com,54589
Brenna,01-Jul-22,brenna.decker@bilearner.com,43526
Averie,17-Dec-22,averie.wolfe@bilearner.com,22396
Gaige,24-Oct-21,gaige.marsh@bilearner.com,92216
Karli,28-Feb-19,karli.ross@bilearner.com,64180
Amiyah,24-Mar-22,amiyah.beasley@bilearner.com,34377
Kayla,17-Oct-21,kayla.gibbs@bilearner.com,65306
Jocelyn,13-May-22,jocelyn.jackson@bilearner.com,29557
Gilbert,09-Oct-19,gilbert.newman@bilearner.com,18299
Roberto,12-Oct-18,roberto.rosales@bilearner.com,81634
Justice,13-Apr-20,justice.rhodes@bilearner.com,48650
Adyson,25-Apr-21,adyson.esparza@bilearner.com,72181
Laci,21-Dec-18,laci.baird@bilearner.com,53844
Samson,19-Sep-21,samson.meza@bilearner.com,72825
Deacon,15-Dec-20,deacon.bass@bilearner.com,10308
Kaila,15-Jul-19,kaila.johnston@bilearner.com,67443
Cayden,17-Nov-21,cayden.maynard@bilearner.com,9141
Araceli,04-Feb-23,araceli.mcguire@bilearner.com,71663
Naomi,03-Jul-22,naomi.hardin@bilearner.com,91439
Darnell,24-Jan-20,darnell.eaton@bilearner.com,44651
Zariah,07-Jul-19,zariah.ritter@bilearner.com,61363
Malaki,13-Mar-22,malaki.richards@bilearner.com,6175
Markus,02-Jun-23,markus.robles@bilearner.com,23634
Angela,08-Apr-21,angela.kaufman@bilearner.com,66919
Shaniya,02-Dec-19,shaniya.wolfe@bilearner.com,10719
Anya,09-Mar-22,anya.morton@bilearner.com,86107
Emery,26-Mar-22,emery.peck@bilearner.com,65810
Angelique,08-May-21,angelique.mathis@bilearner.com,47869
Marlee,29-Nov-22,marlee.woods@bilearner.com,54120
Jocelyn,24-May-19,jocelyn.valentine@bilearner.com,21322
Sophie,29-Jan-22,sophie.moran@bilearner.com,31287
Yair,06-Jul-21,yair.snyder@bilearner.com,5063
Shamar,29-Jan-21,shamar.herman@bilearner.com,90678
Ishaan,13-May-23,ishaan.schaefer@bilearner.com,5306
Liam,22-May-19,liam.figueroa@bilearner.com,42458
Linda,30-Sep-21,linda.combs@bilearner.com,77958
Marilyn,09-Sep-19,marilyn.moss@bilearner.com,84191
Yuliana,26-Apr-19,yuliana.nelson@bilearner.com,34988
August,19-Feb-22,august.wiley@bilearner.com,8786
Lindsay,16-Apr-22,lindsay.pennington@bilearner.com,19087
Nico,12-May-22,nico.villarreal@bilearner.com,47570
Jaliyah,26-Aug-21,jaliyah.conway@bilearner.com,95951
Raymond,06-Jun-20,raymond.gillespie@bilearner.com,44292
Joey,26-Jun-22,joey.montes@bilearner.com,1372
Ian,09-Jan-21,ian.hester@bilearner.com,14973
Weston,02-Sep-18,weston.rios@bilearner.com,81445
Carson,22-Apr-22,carson.pennington@bilearner.com,29345
Brynlee,05-Dec-21,brynlee.crawford@bilearner.com,33621
Sanai,13-Sep-22,sanai.rose@bilearner.com,91981
Luna,24-Nov-19,luna.arroyo@bilearner.com,79529
Lorelai,19-Mar-20,lorelai.hale@bilearner.com,7492
Darrell,14-Sep-22,darrell.horne@bilearner.com,16589
Itzel,21-Sep-21,itzel.nunez@bilearner.com,39813
Serena,22-May-20,serena.lutz@bilearner.com,31663
Gwendolyn,13-Dec-22,gwendolyn.gray@bilearner.com,26502
Khalil,07-Feb-22,khalil.lee@bilearner.com,4321
Corinne,06-Oct-20,corinne.navarro@bilearner.com,93573
Meadow,11-Jan-22,meadow.atkins@bilearner.com,17084
Jaden,26-Feb-22,jaden.charles@bilearner.com,18433
Blaine,10-Jun-20,blaine.contreras@bilearner.com,61020
Kolten,27-Sep-21,kolten.kim@bilearner.com,34501
Erika,25-Oct-18,erika.mata@bilearner.com,41617
Beau,25-Nov-20,beau.olsen@bilearner.com,70318
Kelly,17-Apr-20,kelly.ellis@bilearner.com,69455
Nikhil,15-Apr-21,nikhil.rivas@bilearner.com,28907
Brady,17-Apr-22,brady.boyd@bilearner.com,9125
Alfred,29-Jul-23,alfred.manning@bilearner.com,7499
Angelina,26-Jan-23,angelina.russell@bilearner.com,96077
King,12-Dec-18,king.garrison@bilearner.com,55355
Kale,25-Oct-18,kale.middleton@bilearner.com,35346
Kailyn,20-May-21,kailyn.montgomery@bilearner.com,72585
Philip,28-Aug-20,philip.cobb@bilearner.com,32823
Bria,10-May-20,bria.spence@bilearner.com,18169
Ellie,04-Aug-23,ellie.holder@bilearner.com,71853
Denzel,22-Apr-22,denzel.clark@bilearner.com,97487
Sidney,05-Jun-21,sidney.lewis@bilearner.com,53645
Simon,29-Jun-22,simon.rivers@bilearner.com,43569
Branson,02-Jul-22,branson.schneider@bilearner.com,38800
Maren,04-Jan-23,maren.whitehead@bilearner.com,72287
Gilbert,08-Jul-23,gilbert.hensley@bilearner.com,37599
Armani,03-Mar-23,armani.barker@bilearner.com,52861
Tamia,19-Aug-19,tamia.byrd@bilearner.com,11079
Oliver,30-Oct-18,oliver.richardson@bilearner.com,88221
Nathalia,07-Dec-21,nathalia.larson@bilearner.com,83667
Laurel,18-Nov-20,laurel.chan@bilearner.com,50403
Alejandra,26-Sep-18,alejandra.barnes@bilearner.com,50499
Emilio,19-Jun-22,emilio.daniel@bilearner.com,60487
Ellie,15-Sep-22,ellie.robbins@bilearner.com,34104
Vicente,09-May-20,vicente.hansen@bilearner.com,84354
Jordan,17-Feb-21,jordan.kemp@bilearner.com,53786
Edith,12-Apr-20,edith.richard@bilearner.com,92893
Dustin,30-Mar-21,dustin.snow@bilearner.com,77142
Layton,05-May-19,layton.goodwin@bilearner.com,8666
Eliza,31-May-21,eliza.munoz@bilearner.com,26272
Arianna,21-Nov-19,arianna.durham@bilearner.com,11105
Lia,19-Jul-19,lia.orr@bilearner.com,37040
Ethan,29-Dec-18,ethan.rhodes@bilearner.com,93414
Alexis,12-Jan-23,alexis.nielsen@bilearner.com,33206
Adalyn,25-Nov-22,adalyn.bass@bilearner.com,72118
Hadley,13-Nov-19,hadley.benson@bilearner.com,36134
Carlee,08-Sep-20,carlee.lang@bilearner.com,18116
Eli,16-Jun-19,eli.flores@bilearner.com,67210
Lyric,14-Jul-23,lyric.solomon@bilearner.com,60616
Jerome,18-Jul-23,jerome.howard@bilearner.com,17358
Parker,06-Dec-18,parker.fritz@bilearner.com,29605
Phillip,15-Jul-20,phillip.fuentes@bilearner.com,51886
Drake,30-Oct-18,drake.wiggins@bilearner.com,66261
Lucy,13-Sep-22,lucy.santos@bilearner.com,26880
Justice,28-Dec-22,justice.curry@bilearner.com,35098
Valeria,24-Mar-23,valeria.zavala@bilearner.com,90728
Nola,02-Oct-20,nola.sellers@bilearner.com,49149
Andre,14-Sep-20,andre.fields@bilearner.com,73771
Joel,19-Jan-20,joel.hanson@bilearner.com,92541
Tony,14-Apr-19,tony.mendoza@bilearner.com,47601
Jacqueline,02-Jun-23,jacqueline.black@bilearner.com,68361
Denise,09-May-22,denise.mccullough@bilearner.com,71922
Zain,23-Feb-21,zain.tanner@bilearner.com,51689
Richard,04-Jun-21,richard.deleon@bilearner.com,97553
Carmelo,29-Mar-22,carmelo.hayden@bilearner.com,92067
Emilio,30-Jul-19,emilio.pierce@bilearner.com,65114
Emerson,09-Jul-20,emerson.wood@bilearner.com,9677
Abagail,24-Aug-19,abagail.moran@bilearner.com,38475
Nikhil,15-Apr-19,nikhil.cummings@bilearner.com,25166
Stanley,21-Aug-21,stanley.bowen@bilearner.com,81288
Terrell,22-Jun-20,terrell.hanna@bilearner.com,45637
Dale,28-Jan-20,dale.mendoza@bilearner.com,41529
Marcos,29-Mar-19,marcos.carey@bilearner.com,72491
Simeon,05-Oct-18,simeon.pittman@bilearner.com,66867
Jenna,20-Aug-20,jenna.cochran@bilearner.com,12265
Tia,11-Jun-21,tia.kent@bilearner.com,65636
Chace,10-Sep-21,chace.farley@bilearner.com,96364
Spencer,21-Feb-23,spencer.hicks@bilearner.com,42707
Leslie,09-Aug-19,leslie.zamora@bilearner.com,1514
Chasity,08-Mar-21,chasity.kennedy@bilearner.com,35121
Makena,20-Jul-19,makena.benitez@bilearner.com,36490
Remington,27-Mar-23,remington.walton@bilearner.com,85293
Raina,07-Oct-19,raina.best@bilearner.com,40632
Paulina,13-Dec-22,paulina.henderson@bilearner.com,54337
Kaiya,06-Jun-20,kaiya.marsh@bilearner.com,88590
Scarlett,25-Apr-22,scarlett.brooks@bilearner.com,70052
Makhi,28-Jul-20,makhi.kramer@bilearner.com,88134
Beatrice,28-Feb-22,beatrice.faulkner@bilearner.com,36904
Valeria,25-Oct-21,valeria.mayo@bilearner.com,65653
Darrell,12-Sep-18,darrell.vaughan@bilearner.com,19006
Carlos,31-Dec-22,carlos.murphy@bilearner.com,53948
Wilson,04-Nov-21,wilson.sloan@bilearner.com,69346
Kaleb,05-May-20,kaleb.elliott@bilearner.com,3763
Harley,08-Dec-20,harley.jones@bilearner.com,74489
Casey,29-Sep-18,casey.dixon@bilearner.com,73814
Josue,09-Jan-20,josue.gentry@bilearner.com,40697
Adelaide,01-Jul-20,adelaide.meyer@bilearner.com,46121
Pierre,25-Aug-22,pierre.craig@bilearner.com,80572
Leo,27-Feb-19,leo.hickman@bilearner.com,58886
Frankie,25-Dec-19,frankie.franklin@bilearner.com,73772
Vance,14-Aug-20,vance.cain@bilearner.com,80599
Joel,30-Jul-21,joel.koch@bilearner.com,75427
Cheyanne,02-May-21,cheyanne.hess@bilearner.com,90636
Ishaan,21-Jan-23,ishaan.sheppard@bilearner.com,73850
Areli,20-Jan-21,areli.mitchell@bilearner.com,47622
Alexis,07-Oct-20,alexis.kirby@bilearner.com,70069
Alfred,15-Jun-19,alfred.caldwell@bilearner.com,58613
Julianna,28-Apr-22,julianna.vang@bilearner.com,3793
Arthur,29-Jun-19,arthur.wilson@bilearner.com,72455
Ariel,11-Sep-18,ariel.osborn@bilearner.com,94916
Ansley,15-May-20,ansley.arias@bilearner.com,1687
Melany,23-Feb-23,melany.stafford@bilearner.com,54978
Matias,23-Mar-21,matias.burns@bilearner.com,73141
Aden,07-Nov-22,aden.george@bilearner.com,5804
Rodolfo,19-May-21,rodolfo.franklin@bilearner.com,61393
Juliet,02-Jan-21,juliet.wall@bilearner.com,53999
London,26-Mar-19,london.contreras@bilearner.com,32240
Kyler,28-Sep-20,kyler.burton@bilearner.com,95333
Yasmine,16-Mar-19,yasmine.hughes@bilearner.com,26451
Dillon,20-Mar-19,dillon.sullivan@bilearner.com,7438
Kendrick,30-Dec-18,kendrick.ashley@bilearner.com,5348
Rashad,08-Aug-18,rashad.mayo@bilearner.com,26000
Larissa,04-Jul-20,larissa.warner@bilearner.com,81396
Delilah,29-Jan-23,delilah.cooke@bilearner.com,65842
Simone,09-Aug-21,simone.sharp@bilearner.com,34460
Cristofer,16-May-21,cristofer.mcbride@bilearner.com,84884
Charlize,14-Aug-21,charlize.wong@bilearner.com,6115
Adelaide,08-Feb-22,adelaide.herman@bilearner.com,6918
Kason,16-Dec-19,kason.ellison@bilearner.com,71740
Tyree,07-Oct-21,tyree.weaver@bilearner.com,4056
Landen,23-Dec-20,landen.figueroa@bilearner.com,35807
Francis,01-Nov-22,francis.robbins@bilearner.com,86281
Raphael,28-Oct-22,raphael.solomon@bilearner.com,28181
Zariah,03-Nov-18,zariah.castaneda@bilearner.com,74027
Trevin,05-Mar-19,trevin.lambert@bilearner.com,94011
Nathalie,14-Mar-21,nathalie.hays@bilearner.com,96129
Bria,13-Dec-18,bria.bush@bilearner.com,81415
Mason,05-Sep-21,mason.brewer@bilearner.com,22258
Salvatore,17-May-20,salvatore.snyder@bilearner.com,13138
Vivian,03-Mar-23,vivian.hickman@bilearner.com,74447
Amaris,28-Feb-20,amaris.kirk@bilearner.com,31571
Grant,11-Feb-21,grant.york@bilearner.com,1509
Tyree,25-Jan-19,tyree.mahoney@bilearner.com,15861
Kimberly,25-Apr-23,kimberly.horn@bilearner.com,46637
Paul,14-Feb-21,paul.moreno@bilearner.com,47342
Macey,07-Oct-20,macey.christian@bilearner.com,41219
Joel,28-Feb-19,joel.bowen@bilearner.com,67704
Isis,27-Jul-19,isis.vega@bilearner.com,57434
Josie,02-Jun-23,josie.mercer@bilearner.com,46366
Ellie,14-Nov-22,ellie.ortega@bilearner.com,15989
Adrien,22-Aug-18,adrien.maddox@bilearner.com,77437
Landyn,15-Dec-22,landyn.velez@bilearner.com,63184
Lilly,31-May-20,lilly.haynes@bilearner.com,15120
Bianca,19-Jul-22,bianca.cardenas@bilearner.com,4751
Cayden,01-Jul-20,cayden.bartlett@bilearner.com,37225
Desiree,18-Nov-20,desiree.walker@bilearner.com,92017
Colton,29-Feb-20,colton.le@bilearner.com,42742
Leonidas,24-Sep-21,leonidas.bridges@bilearner.com,58905
Gia,13-Apr-22,gia.franco@bilearner.com,32235
Audrina,25-Oct-22,audrina.williams@bilearner.com,40461
Sam,27-Jan-21,sam.knight@bilearner.com,97669
Lisa,21-Sep-18,lisa.galia@bilearner.com,6040
Rick,14-Apr-20,rick.clayton@bilearner.com,2170
Julia,31-May-21,julia.soto@bilearner.com,2360
Leonara,10-Apr-20,leonara.lindsay@bilearner.com,6070
Savanna,03-Jul-22,savanna.mayo@bilearner.com,74179
Branden,15-Mar-23,branden.khan@bilearner.com,8415
Aiden,29-Jul-21,aiden.wade@bilearner.com,8196
Conrad,05-Feb-22,conrad.ochoa@bilearner.com,95814
Jaylyn,09-Nov-22,jaylyn.bruce@bilearner.com,21899
Kaylie,23-Nov-20,kaylie.ayers@bilearner.com,52244
Abdullah,21-Feb-19,abdullah.arellano@bilearner.com,29237
Hazel,25-Sep-22,hazel.lane@bilearner.com,8635
Lilah,17-Sep-22,lilah.harrison@bilearner.com,30879
Cedric,31-May-19,cedric.sawyer@bilearner.com,49637
Caiden,21-Jul-20,caiden.lam@bilearner.com,77955
Isla,04-Jul-20,isla.hawkins@bilearner.com,43748
Hadley,13-Oct-20,hadley.nash@bilearner.com,8958
Milo,01-May-23,milo.jensen@bilearner.com,84923
Zechariah,22-Mar-19,zechariah.strong@bilearner.com,73392
Raymond,27-Dec-21,raymond.maldonado@bilearner.com,13915
Kayley,12-Aug-18,kayley.romero@bilearner.com,58630
Antonio,28-Dec-22,antonio.gray@bilearner.com,11746
Kane,25-Nov-18,kane.mcfarland@bilearner.com,51949
Kylie,26-Dec-20,kylie.ellis@bilearner.com,54795
Jovan,16-Dec-22,jovan.giles@bilearner.com,79191
Sheldon,27-Sep-19,sheldon.castillo@bilearner.com,93777
Ariel,20-Feb-21,ariel.barnes@bilearner.com,87474
Kyson,26-Feb-22,kyson.grimes@bilearner.com,37994
Princess,23-Dec-18,princess.long@bilearner.com,44145
Lyla,10-Jan-22,lyla.wong@bilearner.com,25760
Shyanne,04-Mar-21,shyanne.livingston@bilearner.com,55252
Dario,10-Mar-23,dario.whitney@bilearner.com,62468
Pedro,05-Dec-18,pedro.nelson@bilearner.com,91567
Carlo,24-Jun-21,carlo.carr@bilearner.com,5139
Aileen,10-May-22,aileen.pacheco@bilearner.com,48114
Dorian,13-Apr-23,dorian.wu@bilearner.com,90316
Monica,04-Aug-22,monica.pham@bilearner.com,47299
Londyn,28-Feb-21,londyn.underwood@bilearner.com,54056
Britney,14-Oct-20,britney.logan@bilearner.com,7728
Alessandra,10-Sep-18,alessandra.novak@bilearner.com,70092
Ariel,16-Dec-22,ariel.powers@bilearner.com,71142
Jewel,28-Sep-18,jewel.bryant@bilearner.com,2760
Irene,08-Mar-22,irene.kim@bilearner.com,13557
Carla,12-Jan-22,carla.willis@bilearner.com,81938
Ricardo,08-Dec-20,ricardo.fitzgerald@bilearner.com,73648
Steven,17-Nov-20,steven.jarvis@bilearner.com,73024
Benjamin,18-Jan-21,benjamin.marquez@bilearner.com,44031
Gabrielle,15-Sep-20,gabrielle.mercer@bilearner.com,67812
Kaylyn,11-Dec-19,kaylyn.pham@bilearner.com,67840
Ingrid,29-Apr-21,ingrid.lucero@bilearner.com,77019
Keshawn,03-Apr-21,keshawn.gilmore@bilearner.com,88137
Connor,01-Feb-22,connor.wang@bilearner.com,76781
Rocco,17-Jan-20,rocco.vaughan@bilearner.com,17501
Samuel,01-Jun-22,samuel.jennings@bilearner.com,24054
Shane,17-Mar-19,shane.harper@bilearner.com,84506
Kali,07-Jan-20,kali.yates@bilearner.com,10273
Piper,24-Feb-21,piper.guzman@bilearner.com,4377
Halle,30-Dec-19,halle.pena@bilearner.com,87370
Jameson,12-May-20,jameson.eaton@bilearner.com,84988
Antony,04-Apr-23,antony.brandt@bilearner.com,43148
Armani,04-Jan-21,armani.rogers@bilearner.com,58818
Jacoby,28-Apr-20,jacoby.lyons@bilearner.com,42997
Dylan,16-Apr-19,dylan.livingston@bilearner.com,93829
Raelynn,09-Jul-22,raelynn.compton@bilearner.com,48655
Darryl,29-Aug-22,darryl.richmond@bilearner.com,62715
Ana,26-Jan-20,ana.stafford@bilearner.com,75785
Carlos,18-Feb-20,carlos.mccoy@bilearner.com,52491
Michael,25-Jan-22,michael.albert@bilearner.com,2169
Courtney E,10-Jul-23,courtney e.wallace@bilearner.com,2478
Amy,14-Apr-22,amy.dunn@bilearner.com,1731
Kissy,10-Jul-22,kissy.sullivan@bilearner.com,1776
Walter,27-Jun-22,walter.immediato@bilearner.com,2128
Ebonee,04-Dec-18,ebonee.peterson@bilearner.com,2030
Elijiah,10-Sep-19,elijiah.gray@bilearner.com,1752
Charles,25-Apr-19,charles.bozzi@bilearner.com,1901
Sean,03-Oct-18,sean.quinn@bilearner.com,2045
Jennifer,14-Jun-22,jennifer.zamora@bilearner.com,2067
Webster L,15-Feb-22,webster l.butler@bilearner.com,2169
Brannon,24-Sep-18,brannon.miller@bilearner.com,2045
Ketsia,09-Mar-22,ketsia.liebig@bilearner.com,2110
Kelley,07-Nov-18,kelley.spirea@bilearner.com,2451
Brandon R,31-Aug-19,brandon r.leblanc@bilearner.com,1460
Debra,27-Nov-20,debra.houlihan@bilearner.com,2908
Elisa,07-Jul-20,elisa.bramante@bilearner.com,2030
Jonathan,11-Jan-20,jonathan.hogland@bilearner.com,1890
David,15-Jun-20,david.stanley@bilearner.com,1803
Ariana,10-Oct-20,ariana.strickland@bilearner.com,6930
Everett,19-May-22,everett.jordan@bilearner.com,53295
Ronnie,25-Aug-21,ronnie.middleton@bilearner.com,85028
Deandre,18-Dec-18,deandre.richard@bilearner.com,92649
Terry,05-Aug-23,terry.gay@bilearner.com,9493
Emiliano,13-Apr-22,emiliano.rich@bilearner.com,12684
Wesley,26-Sep-20,wesley.nguyen@bilearner.com,37470
Lauren,12-Feb-21,lauren.keith@bilearner.com,1425
Marlene,02-Jan-19,marlene.rhodes@bilearner.com,23761
Penelope,26-Oct-19,penelope.jordan@bilearner.com,73691
Marlon,11-Apr-21,marlon.stanton@bilearner.com,66973
Rosemary,11-Dec-19,rosemary.thornton@bilearner.com,18379
Ayanna,21-Oct-20,ayanna.lutz@bilearner.com,91517
Case,08-May-20,case.hahn@bilearner.com,1057
Asia,24-May-22,asia.rivers@bilearner.com,20854
Alexa,05-Jun-19,alexa.mercer@bilearner.com,39014
Jade,21-Apr-22,jade.sloan@bilearner.com,10223
Araceli,10-Dec-19,araceli.castillo@bilearner.com,85441
Maximilian,26-Nov-19,maximilian.carney@bilearner.com,96303
Ayanna,13-Sep-21,ayanna.bowman@bilearner.com,40706
Lia,19-Aug-19,lia.blair@bilearner.com,48955
Marcelo,12-Jun-22,marcelo.flowers@bilearner.com,83033
Antwan,21-Jul-21,antwan.gay@bilearner.com,14556
Jaydan,13-Nov-20,jaydan.hoffman@bilearner.com,76366
Faith,20-Feb-22,faith.golden@bilearner.com,57512
Kaylee,28-Mar-19,kaylee.harvey@bilearner.com,31008
Kristen,26-Oct-22,kristen.peters@bilearner.com,64961
Hadassah,10-May-23,hadassah.gallegos@bilearner.com,1269
Ariel,01-Sep-22,ariel.cervantes@bilearner.com,73596
Aubree,21-Apr-21,aubree.villanueva@bilearner.com,35263
Aspen,23-Jul-21,aspen.dixon@bilearner.com,94592
Keenan,29-Dec-20,keenan.jensen@bilearner.com,60295
Malakai,08-Aug-22,malakai.whitehead@bilearner.com,25257
Parker,30-Jul-20,parker.cunningham@bilearner.com,43033
Kadyn,18-Mar-19,kadyn.herring@bilearner.com,48068
Aubree,25-Jul-19,aubree.anderson@bilearner.com,82740
John,16-Oct-21,john.forbes@bilearner.com,57688
Violet,06-Dec-19,violet.willis@bilearner.com,34849
Jaime,29-Jun-19,jaime.austin@bilearner.com,31351
Natalee,03-Apr-19,natalee.lane@bilearner.com,17611
Iris,21-Jul-21,iris.preston@bilearner.com,93589
Magdalena,27-Jul-22,magdalena.fischer@bilearner.com,58353
Walter,06-Oct-19,walter.dominguez@bilearner.com,61633
Hallie,16-Apr-21,hallie.macias@bilearner.com,29639
Ivan,10-Oct-18,ivan.hull@bilearner.com,6536
India,25-Jul-22,india.kemp@bilearner.com,19049
Alice,17-Mar-21,alice.dudley@bilearner.com,29529
Jesus,13-Oct-18,jesus.hendricks@bilearner.com,36574
Eli,09-Jan-20,eli.owens@bilearner.com,5298
Emelia,18-Sep-19,emelia.mcintyre@bilearner.com,38735
Jaden,26-Oct-19,jaden.bates@bilearner.com,42542
Nyla,14-Sep-20,nyla.schwartz@bilearner.com,7521
Taryn,09-Apr-23,taryn.black@bilearner.com,9394
Karley,25-Oct-19,karley.novak@bilearner.com,14720
Payten,25-Jun-22,payten.harvey@bilearner.com,85605
Reagan,26-Jan-23,reagan.atkinson@bilearner.com,38286
Rey,19-Feb-20,rey.werner@bilearner.com,59836
Kendall,24-Dec-19,kendall.mcintyre@bilearner.com,25767
Anahi,16-Oct-20,anahi.frye@bilearner.com,19689
Dalia,07-Sep-18,dalia.booth@bilearner.com,19035
Charlee,07-Jan-22,charlee.navarro@bilearner.com,61793
Karter,25-Mar-19,karter.perry@bilearner.com,91193
Sariah,18-Nov-21,sariah.little@bilearner.com,11058
Antoine,31-Dec-22,antoine.murray@bilearner.com,48133
Summer,14-May-20,summer.huang@bilearner.com,14776
Jaylyn,13-Dec-20,jaylyn.contreras@bilearner.com,87985
Brenna,16-Nov-21,brenna.york@bilearner.com,26846
Braden,01-Dec-22,braden.wiggins@bilearner.com,66281
Nola,30-Oct-20,nola.bullock@bilearner.com,97050
Kaleigh,08-Feb-21,kaleigh.keller@bilearner.com,14808
Milagros,05-Aug-19,milagros.jimenez@bilearner.com,53839
Timothy,29-Nov-18,timothy.goodwin@bilearner.com,43609
Reese,16-Nov-18,reese.kennedy@bilearner.com,83442
Mariam,23-Aug-20,mariam.doyle@bilearner.com,6820
Clinton,22-Aug-20,clinton.brennan@bilearner.com,50782
Maximilian,19-Oct-21,maximilian.moyer@bilearner.com,59893
Salvador,21-Feb-20,salvador.robinson@bilearner.com,84707
Ahmed,21-Nov-22,ahmed.mcmahon@bilearner.com,59104
Junior,05-Aug-19,junior.york@bilearner.com,61932
Marilyn,05-Nov-20,marilyn.wiley@bilearner.com,62911
Selena,12-Jun-21,selena.hebert@bilearner.com,51977
Selena,13-Sep-18,selena.adkins@bilearner.com,90110
Erica,09-Apr-23,erica.sloan@bilearner.com,2573
Payton,09-Jan-21,payton.nolan@bilearner.com,2433
Leticia,23-Mar-20,leticia.parks@bilearner.com,16691
Carolyn,19-Oct-19,carolyn.sosa@bilearner.com,28545
German,02-Jul-23,german.higgins@bilearner.com,87440
Heath,29-Aug-19,heath.romero@bilearner.com,10486
Davion,17-Jul-23,davion.friedman@bilearner.com,59652
Danny,02-Feb-20,danny.thomas@bilearner.com,87927
Matthias,14-Oct-21,matthias.dunlap@bilearner.com,47596
Sawyer,10-Apr-20,sawyer.little@bilearner.com,46287
Uriel,14-Dec-18,uriel.brennan@bilearner.com,87401
Gretchen,27-Jun-22,gretchen.richards@bilearner.com,40201
Madden,07-Sep-20,madden.roman@bilearner.com,94290
Keshawn,03-Nov-19,keshawn.singh@bilearner.com,35338
Barrett,15-May-20,barrett.obrien@bilearner.com,94090
Gisselle,28-Apr-23,gisselle.villanueva@bilearner.com,44623
Demetrius,05-Aug-19,demetrius.mendez@bilearner.com,91306
Rhett,05-Dec-18,rhett.holmes@bilearner.com,79531
Harold,25-Apr-22,harold.david@bilearner.com,57850
Terrell,10-Dec-19,terrell.guerra@bilearner.com,8880
Reginald,30-Jun-22,reginald.klein@bilearner.com,11959
Marcos,19-Sep-18,marcos.sloan@bilearner.com,90692
Davion,08-Jul-19,davion.hahn@bilearner.com,75907
Brice,25-May-23,brice.phillips@bilearner.com,2777
Alvaro,03-Nov-18,alvaro.le@bilearner.com,28115
Darien,09-Nov-22,darien.young@bilearner.com,96954
Hayley,14-Apr-22,hayley.chung@bilearner.com,36118
Ellis,06-Aug-20,ellis.maldonado@bilearner.com,48453
Alena,26-Jun-19,alena.ibarra@bilearner.com,25247
Emily,13-Sep-20,emily.davidson@bilearner.com,3445
Nickolas,13-Nov-18,nickolas.stephens@bilearner.com,73530
Lamont,06-Oct-19,lamont.prince@bilearner.com,47723
Gunner,15-Sep-21,gunner.boone@bilearner.com,46328
Kaitlin,06-Feb-20,kaitlin.cooke@bilearner.com,91289
Sam,21-Oct-22,sam.gross@bilearner.com,39919
Nathaly,11-Oct-22,nathaly.stuart@bilearner.com,43601
Frankie,30-Jan-22,frankie.yang@bilearner.com,63971
Alexus,27-Jul-22,alexus.greer@bilearner.com,18899
Julianne,26-May-22,julianne.shaw@bilearner.com,82519
Raelynn,08-Feb-21,raelynn.lara@bilearner.com,25010
Leland,06-Jun-22,leland.chang@bilearner.com,91822
Hayley,27-Feb-21,hayley.webb@bilearner.com,37752
Teagan,26-Jan-22,teagan.rodriguez@bilearner.com,16793
Kaylyn,01-Apr-20,kaylyn.joyce@bilearner.com,94808
Carleigh,03-Jun-20,carleigh.garrison@bilearner.com,22631
Brycen,20-Nov-21,brycen.york@bilearner.com,70680
Rigoberto,21-Dec-21,rigoberto.gibson@bilearner.com,86374
Yael,10-Oct-18,yael.garcia@bilearner.com,93897
Jonathon,26-Feb-19,jonathon.montes@bilearner.com,47083
Alexzander,19-Jun-22,alexzander.guzman@bilearner.com,61895
Gunnar,20-Jul-20,gunnar.gray@bilearner.com,43373
Emilee,17-Jan-20,emilee.thompson@bilearner.com,87868
Emmett,04-Jun-21,emmett.chandler@bilearner.com,7404
Vincent,19-Apr-19,vincent.ramsey@bilearner.com,68494
Dallas,17-Nov-18,dallas.ross@bilearner.com,69480
Elvis,18-Aug-22,elvis.kaufman@bilearner.com,16520
Rayna,10-Feb-23,rayna.gates@bilearner.com,44133
Darryl,22-Apr-20,darryl.wiley@bilearner.com,28492
Liam,14-Jan-23,liam.blevins@bilearner.com,34702
Easton,13-Mar-23,easton.zavala@bilearner.com,97893
Susan,30-Dec-22,susan.wiggins@bilearner.com,94765
Alison,04-Jun-20,alison.evans@bilearner.com,83290
Humberto,13-Mar-22,humberto.rocha@bilearner.com,47253
Cordell,21-Aug-21,cordell.vazquez@bilearner.com,52238
Teagan,15-May-21,teagan.fletcher@bilearner.com,72975
Camden,14-Jul-21,camden.mcclure@bilearner.com,94258
Larissa,31-Jan-23,larissa.garza@bilearner.com,53145
Camron,27-Jul-20,camron.jenkins@bilearner.com,8971
America,16-Apr-23,america.buchanan@bilearner.com,53240
Avery,30-Dec-19,avery.koch@bilearner.com,55950
Devan,06-Dec-21,devan.hall@bilearner.com,59946
Jensen,02-Feb-20,jensen.mccullough@bilearner.com,7019
Kristin,23-Oct-20,kristin.hickman@bilearner.com,43686
Chana,29-Apr-20,chana.fox@bilearner.com,63427
Vivian,18-Aug-22,vivian.bright@bilearner.com,73413
Rosa,08-Sep-20,rosa.rosales@bilearner.com,78058
Fabian,14-Oct-22,fabian.mullins@bilearner.com,15079
Mila,13-May-23,mila.poole@bilearner.com,70878
Callum,28-Feb-21,callum.mccormick@bilearner.com,5526
Jakob,03-Mar-20,jakob.luna@bilearner.com,50307
Odin,29-Nov-21,odin.sampson@bilearner.com,70237
George,24-Aug-18,george.meyers@bilearner.com,82947
Angelica,21-Oct-20,angelica.gamble@bilearner.com,59127
Bradyn,15-Dec-20,bradyn.pham@bilearner.com,89047
Konner,05-Sep-18,konner.pierce@bilearner.com,15258
Tucker,27-Sep-21,tucker.haas@bilearner.com,23555
Lainey,09-Jan-20,lainey.york@bilearner.com,83298
Ava,06-Dec-18,ava.chan@bilearner.com,27705
Marquise,11-Aug-22,marquise.pacheco@bilearner.com,78500
Callum,13-Apr-20,callum.miles@bilearner.com,42463
Natasha,14-Nov-21,natasha.valdez@bilearner.com,17484
Talia,17-Mar-22,talia.barrett@bilearner.com,86392
Kailyn,06-May-19,kailyn.torres@bilearner.com,53359
Uriah,27-Nov-21,uriah.pennington@bilearner.com,74482
Cesar,09-Feb-21,cesar.hunter@bilearner.com,71766
Brianna,06-Jan-22,brianna.hurley@bilearner.com,84366
Ariel,28-Jul-23,ariel.may@bilearner.com,71843
Anastasia,27-Mar-21,anastasia.hardy@bilearner.com,55005
Aliana,12-Mar-23,aliana.blake@bilearner.com,38407
Houston,05-Oct-22,houston.burnett@bilearner.com,14857
Case,01-Oct-21,case.conley@bilearner.com,6637
Trevin,31-Jan-22,trevin.shannon@bilearner.com,92396
Braden,01-Jun-20,braden.nicholson@bilearner.com,6085
Mireya,18-Apr-23,mireya.sutton@bilearner.com,67089
Jason,25-Jul-20,jason.foss@bilearner.com,1460
Simon,12-Dec-18,simon.roup@bilearner.com,2481
Eric,01-Sep-18,eric.dougall@bilearner.com,1886
Peter,24-Nov-19,peter.monroe@bilearner.com,2134
Brian,26-Dec-21,brian.champaigne@bilearner.com,2045
Alex,04-Mar-20,alex.sweetwater@bilearner.com,2184
Ricardo,03-May-20,ricardo.ruiz@bilearner.com,1915
Leo,20-Jul-19,leo.cooper@bilearner.com,86917
Braedon,26-May-22,braedon.welch@bilearner.com,10930
Graham,24-Jul-21,graham.villa@bilearner.com,38550
Kyle,27-Sep-21,kyle.ali@bilearner.com,5891
Giovanna,07-Apr-19,giovanna.romero@bilearner.com,16917
Natalya,20-Jul-19,natalya.norman@bilearner.com,34504
Connor,03-Dec-22,connor.carrillo@bilearner.com,13337
Owen,04-Apr-20,owen.burch@bilearner.com,67346
Abel,08-Mar-20,abel.bush@bilearner.com,71472
Selina,28-Sep-20,selina.mullins@bilearner.com,55912
Marilyn,14-Jul-21,marilyn.chaney@bilearner.com,24639
Camron,17-Oct-19,camron.keller@bilearner.com,44117
Ali,08-Apr-23,ali.benjamin@bilearner.com,32650
Annabelle,25-Jul-19,annabelle.frederick@bilearner.com,27273
Joy,25-Dec-22,joy.sellers@bilearner.com,89368
Charlie,27-Jan-19,charlie.brady@bilearner.com,25819
Ally,26-Dec-21,ally.goodman@bilearner.com,6113
Vanessa,12-Jan-23,vanessa.zuniga@bilearner.com,60048
Carleigh,02-Jul-19,carleigh.hendricks@bilearner.com,23929
Trey,30-Jun-22,trey.johnston@bilearner.com,76072
Adalyn,05-Jan-23,adalyn.hess@bilearner.com,93702
Selina,18-Nov-18,selina.tapia@bilearner.com,96865
Madeleine,21-Sep-20,madeleine.paul@bilearner.com,68690
Ronald,25-Nov-19,ronald.lamb@bilearner.com,87866
Ernesto,05-Feb-21,ernesto.beltran@bilearner.com,9299
Lawrence,16-Apr-23,lawrence.obrien@bilearner.com,25059
Trinity,19-Aug-21,trinity.estes@bilearner.com,6272
Amina,14-Jan-22,amina.bush@bilearner.com,28525
Mayra,11-Sep-18,mayra.lynn@bilearner.com,88143
Ally,18-Feb-22,ally.brennan@bilearner.com,41482
Alina,01-Dec-19,alina.benson@bilearner.com,20916
Rebekah,28-Feb-21,rebekah.delacruz@bilearner.com,53499
Melody,13-Nov-21,melody.wright@bilearner.com,32395
Richard,27-Sep-20,richard.oconnell@bilearner.com,47987
Olivia,03-Sep-22,olivia.goodman@bilearner.com,74262
Zaniyah,09-Oct-20,zaniyah.parks@bilearner.com,54386
Maximilian,06-Nov-21,maximilian.williamson@bilearner.com,25953
Serena,24-Jun-23,serena.barajas@bilearner.com,88225
Larry,15-Sep-21,larry.novak@bilearner.com,11241
Kadyn,14-Oct-22,kadyn.marsh@bilearner.com,88079
Nylah,22-Jul-19,nylah.hood@bilearner.com,61715
Rigoberto,20-Mar-23,rigoberto.allen@bilearner.com,78254
Gabriella,02-May-22,gabriella.clements@bilearner.com,53709
Hana,20-Oct-22,hana.lucero@bilearner.com,75065
Luciana,24-Jul-23,luciana.gill@bilearner.com,10274
Demetrius,18-Jul-20,demetrius.cooley@bilearner.com,85461
Chandler,05-May-21,chandler.reynolds@bilearner.com,53235
Iyana,15-Apr-19,iyana.benjamin@bilearner.com,96561
Antoine,24-Aug-20,antoine.haney@bilearner.com,6563
Alfred,31-Dec-22,alfred.rivas@bilearner.com,67353
Darien,18-Sep-22,darien.sawyer@bilearner.com,73238
Isaias,14-Sep-19,isaias.pineda@bilearner.com,95322
Casey,19-Mar-19,casey.bradford@bilearner.com,17448
London,18-Oct-22,london.bautista@bilearner.com,61856
Kayleigh,31-Jul-22,kayleigh.davenport@bilearner.com,60675
Koen,06-Mar-23,koen.flores@bilearner.com,55449
Ernest,30-Jan-19,ernest.finley@bilearner.com,59271
Wade,22-May-23,wade.hernandez@bilearner.com,59420
Odin,22-Dec-18,odin.key@bilearner.com,57785
Deven,08-Nov-22,deven.huff@bilearner.com,26419
Kenna,03-Jul-21,kenna.simon@bilearner.com,31784
Luz,14-Nov-18,luz.garza@bilearner.com,70770
Tristan,18-Sep-21,tristan.reed@bilearner.com,51516
Beckett,19-Nov-20,beckett.beck@bilearner.com,69865
Coby,04-May-23,coby.giles@bilearner.com,49964
Jalen,21-Jan-23,jalen.jennings@bilearner.com,72168
Ralph,19-Aug-22,ralph.barrera@bilearner.com,87974
Shania,18-Jul-22,shania.caldwell@bilearner.com,2505
Colby,14-Aug-19,colby.horne@bilearner.com,6633
Kaiden,10-Dec-20,kaiden.cunningham@bilearner.com,73638
Davion,20-Sep-19,davion.vasquez@bilearner.com,96051
Maeve,19-Nov-21,maeve.gordon@bilearner.com,87152
Monserrat,29-Apr-22,monserrat.ferguson@bilearner.com,79836
Nathan,30-Jun-21,nathan.schmitt@bilearner.com,43352
Ashly,15-Jul-21,ashly.mullen@bilearner.com,33873
Angelique,12-Apr-21,angelique.cochran@bilearner.com,83544
Kenny,08-Dec-20,kenny.rojas@bilearner.com,73171
Deandre,31-Oct-19,deandre.oneal@bilearner.com,36351
Adison,22-Jan-20,adison.huerta@bilearner.com,93447
Elisabeth,20-Sep-22,elisabeth.bradley@bilearner.com,69590
Sylvia,22-Dec-22,sylvia.price@bilearner.com,51819
Eden,12-Mar-19,eden.choi@bilearner.com,40294
Emerson,07-Oct-21,emerson.grimes@bilearner.com,53854
Ayden,16-Jun-19,ayden.wu@bilearner.com,60717
Hayley,17-Mar-21,hayley.keller@bilearner.com,30960
Alannah,07-Aug-22,alannah.rivas@bilearner.com,81338
Jessica,17-Jan-20,jessica.bunbury@bilearner.com,21851
Giovanni,11-Jun-22,giovanni.leruth@bilearner.com,84111
Ricardo,03-Mar-21,ricardo.gonzales@bilearner.com,83706
Caitrin,16-Apr-20,caitrin.strong@bilearner.com,59102
Jenna,22-Sep-22,jenna.dietrich@bilearner.com,98052
Michelle,30-May-23,michelle.carter@bilearner.com,5664
Jackie,14-Jan-21,jackie.valentin@bilearner.com,85006
Alfred,29-Apr-20,alfred.digitale@bilearner.com,3062
Howard,07-Jul-21,howard.mullaney@bilearner.com,36006
Whitney,28-Jul-20,whitney.gill@bilearner.com,43050
Gerry,16-Sep-20,gerry.friedman@bilearner.com,10171
Noah,23-Apr-23,noah.villanueva@bilearner.com,4063
Mike,04-Jun-21,mike.guilianno@bilearner.com,37129
Travis,15-Apr-20,travis.ozark@bilearner.com,27229
Rylee,04-Sep-19,rylee.frye@bilearner.com,69470
Callum,18-Aug-20,callum.ford@bilearner.com,90985
Jabari,05-Dec-20,jabari.frank@bilearner.com,62646
Stephanie,13-Jan-23,stephanie.wilkinson@bilearner.com,47626
Cruz,17-Sep-19,cruz.arellano@bilearner.com,19215
Rubi,15-Oct-20,rubi.shields@bilearner.com,80307
Sage,01-Dec-18,sage.booker@bilearner.com,64576
Aileen,24-Jul-23,aileen.wright@bilearner.com,1126
Karly,08-Oct-19,karly.ho@bilearner.com,68371
Thaddeus,16-Oct-21,thaddeus.lutz@bilearner.com,68985
Layla,03-Apr-20,layla.kane@bilearner.com,92704
Yesenia,08-Jan-20,yesenia.payne@bilearner.com,8573
Jase,27-Mar-22,jase.waters@bilearner.com,40513
Thomas,18-Sep-18,thomas.sloan@bilearner.com,46029
Anya,29-Nov-19,anya.baldwin@bilearner.com,44158
Jacquelyn,16-Apr-19,jacquelyn.austin@bilearner.com,27947
Kaitlynn,05-Mar-19,kaitlynn.aguirre@bilearner.com,18574
Saniyah,20-Dec-18,saniyah.cantu@bilearner.com,68833
Jakayla,08-Mar-21,jakayla.dickson@bilearner.com,29838
Aspen,23-Oct-20,aspen.freeman@bilearner.com,24803
Lamont,29-Mar-19,lamont.summers@bilearner.com,89972
Lewis,25-Oct-20,lewis.hobbs@bilearner.com,47864
Harrison,06-Dec-19,harrison.camacho@bilearner.com,55114
Ronald,23-Sep-22,ronald.marquez@bilearner.com,90224
Arabella,26-Dec-19,arabella.hunter@bilearner.com,22260
Amiya,27-Aug-18,amiya.richardson@bilearner.com,95112
Raquel,12-Dec-22,raquel.sosa@bilearner.com,13814
Andy,13-May-21,andy.stewart@bilearner.com,29887
Patrick,31-Mar-21,patrick.padilla@bilearner.com,69576
Destiney,14-Aug-19,destiney.navarro@bilearner.com,62733
Yadira,02-Aug-20,yadira.barron@bilearner.com,78047
Anika,04-Jun-19,anika.bender@bilearner.com,22491
Carlo,17-Jun-20,carlo.giles@bilearner.com,36412
Kaylin,04-Mar-21,kaylin.dillon@bilearner.com,14776
Laura,14-Sep-18,laura.bullock@bilearner.com,57305
Mary,20-Jul-20,mary.moore@bilearner.com,95143
Harper,21-May-20,harper.clark@bilearner.com,55592
Charles,11-Jun-23,charles.howard@bilearner.com,12964
Jaron,27-Nov-22,jaron.rojas@bilearner.com,88783
Jordyn,02-Mar-20,jordyn.mcguire@bilearner.com,11087
Valentino,29-Jan-23,valentino.myers@bilearner.com,43552
Charles,07-Dec-21,charles.coleman@bilearner.com,33113
Kamden,19-Mar-23,kamden.cummings@bilearner.com,12650
Kiley,10-Jun-22,kiley.wagner@bilearner.com,34069
Darien,03-Mar-21,darien.young@bilearner.com,50389
Madeline,06-Mar-22,madeline.suarez@bilearner.com,92311
Zain,08-Aug-22,zain.nolan@bilearner.com,10525
Hezekiah,12-Mar-23,hezekiah.mcgee@bilearner.com,12008
Maxim,01-May-19,maxim.phillips@bilearner.com,86499
Gwendolyn,13-Sep-18,gwendolyn.hogan@bilearner.com,12113
Kaia,16-Nov-22,kaia.hernandez@bilearner.com,39143
Mathias,20-Nov-21,mathias.tran@bilearner.com,16470
Simeon,29-Sep-20,simeon.roy@bilearner.com,56991
Magdalena,28-Aug-21,magdalena.whitehead@bilearner.com,9642
Gwendolyn,28-Apr-21,gwendolyn.mccall@bilearner.com,23897
Demarion,15-Jun-22,demarion.harrington@bilearner.com,65470
Katelyn,15-Apr-22,katelyn.brown@bilearner.com,60277
Miranda,19-Jul-20,miranda.keith@bilearner.com,25859
Breanna,02-Jul-20,breanna.kerr@bilearner.com,22815
Saniya,04-Aug-19,saniya.ho@bilearner.com,87653
Rylan,09-Jan-19,rylan.key@bilearner.com,33659
Nathaly,01-Oct-22,nathaly.stevens@bilearner.com,92454
Maximus,28-Sep-20,maximus.delgado@bilearner.com,59871
Karley,15-Nov-18,karley.long@bilearner.com,28100
Demarcus,24-Nov-20,demarcus.frazier@bilearner.com,30181
Fernando,09-Jul-23,fernando.richard@bilearner.com,15228
Keon,20-Apr-23,keon.gonzalez@bilearner.com,25594
Lauryn,22-Aug-19,lauryn.anthony@bilearner.com,97492
Amanda,02-Aug-22,amanda.allison@bilearner.com,48881
Urijah,31-Oct-18,urijah.houston@bilearner.com,71509
Trace,23-Nov-21,trace.brandt@bilearner.com,27097
Yuliana,01-Jul-23,yuliana.levine@bilearner.com,74016
Bailey,18-Jul-22,bailey.hays@bilearner.com,71519
Sanaa,09-Aug-19,sanaa.valenzuela@bilearner.com,33045
Avah,06-Jul-21,avah.hayes@bilearner.com,65089
Cody,02-Feb-21,cody.bates@bilearner.com,94177
Eli,06-Jan-23,eli.grant@bilearner.com,51278
Felipe,13-Nov-21,felipe.rollins@bilearner.com,14665
Abdiel,15-Mar-20,abdiel.good@bilearner.com,33859
Kaylyn,07-Nov-18,kaylyn.frye@bilearner.com,91544
Marisol,03-Oct-19,marisol.alvarez@bilearner.com,9760
Lane,12-Aug-22,lane.willis@bilearner.com,94176
Jade,22-Dec-18,jade.becker@bilearner.com,46445
Vincent,27-Mar-21,vincent.logan@bilearner.com,54346
Nasir,18-Jul-22,nasir.glass@bilearner.com,10712
Quincy,09-Apr-20,quincy.shannon@bilearner.com,3413
Alena,07-Jan-22,alena.walter@bilearner.com,80938
Clay,15-Jul-22,clay.compton@bilearner.com,31528
Kayden,29-Nov-20,kayden.fernandez@bilearner.com,11366
Bryson,20-Mar-19,bryson.giles@bilearner.com,19248
Demarcus,16-Mar-19,demarcus.small@bilearner.com,8371
Presley,30-May-21,presley.dodson@bilearner.com,90990
Christine,17-Nov-22,christine.giles@bilearner.com,80607
Jasmine,25-Dec-20,jasmine.rogers@bilearner.com,30228
Jaime,16-Jun-20,jaime.greer@bilearner.com,47652
Keagan,28-Jul-20,keagan.hutchinson@bilearner.com,73798
Charlize,31-Dec-21,charlize.ballard@bilearner.com,86439
Kendrick,07-Feb-22,kendrick.pollard@bilearner.com,60915
Meadow,23-Nov-21,meadow.reed@bilearner.com,9417
Ryker,15-Aug-21,ryker.hopkins@bilearner.com,56247
Bruno,21-Jun-21,bruno.ashley@bilearner.com,88522
Luciana,13-Feb-21,luciana.steele@bilearner.com,97840
Johnathon,28-Dec-20,johnathon.serrano@bilearner.com,72339
Joaquin,12-Apr-22,joaquin.cuevas@bilearner.com,28406
Soren,02-Jan-19,soren.downs@bilearner.com,85311
Ralph,01-Aug-20,ralph.stone@bilearner.com,97985
Malcolm,14-Oct-20,malcolm.rivas@bilearner.com,52988
Adam,26-May-23,adam.beltran@bilearner.com,16500
Isis,26-Aug-21,isis.ortega@bilearner.com,70237
Meadow,20-Nov-22,meadow.delgado@bilearner.com,18726
Benjamin,22-Feb-20,benjamin.goodman@bilearner.com,21341
Jaycee,04-Apr-21,jaycee.alexander@bilearner.com,46549
Cannon,05-Aug-23,cannon.gray@bilearner.com,8797
Brynn,10-Jan-23,brynn.kennedy@bilearner.com,20560
Branden,19-Apr-19,branden.ali@bilearner.com,11623
Sophie,02-Oct-19,sophie.carrillo@bilearner.com,80318
Saul,14-Nov-18,saul.shaw@bilearner.com,37397
Isla,27-Jan-20,isla.mcdaniel@bilearner.com,39020
Lea,04-Nov-18,lea.cantu@bilearner.com,57908
Yadiel,13-Dec-18,yadiel.riggs@bilearner.com,39922
Annalise,28-Nov-22,annalise.olsen@bilearner.com,95876
Theodore,08-Jun-22,theodore.castro@bilearner.com,47846
Emily,03-Apr-22,emily.freeman@bilearner.com,62350
Madyson,28-Feb-22,madyson.yates@bilearner.com,45874
Rachel,19-Aug-21,rachel.bowers@bilearner.com,54605
Helen,19-Aug-18,helen.humphrey@bilearner.com,42080
Abagail,15-Oct-19,abagail.villanueva@bilearner.com,92148
Julie,23-Feb-23,julie.lloyd@bilearner.com,3780
Alejandro,01-Feb-23,alejandro.wilkinson@bilearner.com,44669
Yadiel,07-May-23,yadiel.mata@bilearner.com,22894
Colt,26-May-20,colt.sutton@bilearner.com,77267
Madalyn,09-Feb-22,madalyn.prince@bilearner.com,91638
Clara,20-Jun-22,clara.stewart@bilearner.com,35738
Cheyenne,08-Jan-22,cheyenne.herman@bilearner.com,26500
Emerson,01-Mar-20,emerson.zavala@bilearner.com,6085
Sawyer,05-Oct-20,sawyer.oneal@bilearner.com,15704
Kyleigh,12-May-21,kyleigh.mathis@bilearner.com,37293
Maximus,01-Jan-23,maximus.mcdowell@bilearner.com,96396
Dean,18-Nov-19,dean.little@bilearner.com,25528
Martin,12-May-21,martin.herrera@bilearner.com,20036
Uriah,14-Feb-20,uriah.briggs@bilearner.com,83448
Kianna,08-May-20,kianna.little@bilearner.com,16416
David,10-Dec-18,david.kirk@bilearner.com,83077
Alexandra,08-Dec-21,alexandra.bryant@bilearner.com,23617
Denzel,31-Jan-19,denzel.jensen@bilearner.com,24569
Fletcher,31-Aug-22,fletcher.maxwell@bilearner.com,37938
Davian,01-Feb-22,davian.davis@bilearner.com,53746
Maxim,02-Dec-20,maxim.mooney@bilearner.com,51967
Santiago,16-Oct-20,santiago.rosales@bilearner.com,26584
Zara,27-May-20,zara.werner@bilearner.com,2091
Darian,20-Aug-21,darian.hansen@bilearner.com,84906
Kaeden,07-Feb-19,kaeden.branch@bilearner.com,86185
Gabriel,18-Feb-21,gabriel.swanson@bilearner.com,82332
Madyson,02-Dec-22,madyson.chapman@bilearner.com,34011
Kellen,29-Jul-21,kellen.hill@bilearner.com,88627
Samir,23-Apr-22,samir.gray@bilearner.com,47497
Stephanie,31-Jul-21,stephanie.hampton@bilearner.com,16234
Walter,12-Jun-20,walter.mayo@bilearner.com,25145
Harley,25-Jan-19,harley.greer@bilearner.com,71081
Misael,24-Oct-20,misael.pratt@bilearner.com,39119
Sneha,18-Aug-18,sneha.jhaveri@bilearner.com,2109
Melinda,11-Jul-22,melinda.saar-beckles@bilearner.com,1801
Elizabeth,15-Nov-18,elizabeth.meads@bilearner.com,1760
Patrick,04-Jun-22,patrick.moran@bilearner.com,2127
Mathew,27-Oct-18,mathew.linden@bilearner.com,1770
Adeel,21-Oct-22,adeel.osturnka@bilearner.com,2478
Lisa,13-Jan-23,lisa.cornett@bilearner.com,2189
Louis,05-Apr-20,louis.punjabhi@bilearner.com,2109
Michael,26-May-22,michael.carey@bilearner.com,1701
Earnest,05-May-21,earnest.hankard@bilearner.com,2155
Kimberly,01-Jul-23,kimberly.beak@bilearner.com,2145
Jonathan R,20-Dec-18,jonathan r.lebel@bilearner.com,2050
Rick,26-Aug-18,rick.stoica@bilearner.com,2301
Adil,06-Dec-20,adil.sahoo@bilearner.com,2062
Barbara,13-Dec-21,barbara.gaul@bilearner.com,2121
Carla,27-Jun-21,carla.demita@bilearner.com,2343
Paula,19-Oct-19,paula.gross@bilearner.com,2176
Francesco A,26-Nov-22,francesco a.barone@bilearner.com,1810
Rex,19-Aug-19,rex.england@bilearner.com,2045
Trina,22-Aug-18,trina.hendrickson@bilearner.com,2021
Colleen,04-May-22,colleen.volk@bilearner.com,2747
Jean,12-Jun-22,jean.engdahl@bilearner.com,2026
Paris,08-Nov-18,paris.blake@bilearner.com,95073
Neveah,05-Jul-21,neveah.bird@bilearner.com,65497
Tia,08-Jul-20,tia.potter@bilearner.com,37659
Alexandra,13-Mar-20,alexandra.bean@bilearner.com,74626
Tony,28-Dec-22,tony.grimes@bilearner.com,10950
Macy,17-Mar-20,macy.nielsen@bilearner.com,85907
Toby,07-Jan-23,toby.yates@bilearner.com,50944
Karlee,22-Dec-21,karlee.davies@bilearner.com,67113
Hector,29-Apr-20,hector.escobar@bilearner.com,37852
Javon,02-Dec-20,javon.mckenzie@bilearner.com,33896
Lilly,08-Dec-21,lilly.huynh@bilearner.com,88158
Anika,13-Apr-22,anika.robbins@bilearner.com,18034
Ishaan,23-Dec-20,ishaan.robinson@bilearner.com,47540
Paola,31-Mar-19,paola.macdonald@bilearner.com,14142
Lorelei,11-Jun-23,lorelei.sellers@bilearner.com,68300
Gillian,20-May-21,gillian.riddle@bilearner.com,85699
Atticus,14-Nov-20,atticus.white@bilearner.com,96368
Virginia,29-Dec-18,virginia.nunez@bilearner.com,33987
Caden,22-Apr-21,caden.taylor@bilearner.com,93541
Brooks,03-Jun-23,brooks.leach@bilearner.com,87242
Isabel,26-Apr-21,isabel.wyatt@bilearner.com,31575
Angelo,30-Apr-19,angelo.henry@bilearner.com,64694
Joselyn,04-Jul-21,joselyn.moss@bilearner.com,43706
Diamond,24-Feb-23,diamond.mcclain@bilearner.com,19908
Eden,02-Mar-21,eden.dalton@bilearner.com,1901
Emely,27-Dec-21,emely.parks@bilearner.com,1877
Corinne,10-Jul-22,corinne.hopkins@bilearner.com,74746
Destiny,19-Sep-22,destiny.blake@bilearner.com,96469
Zaria,30-May-21,zaria.kidd@bilearner.com,24994
Adam,07-Apr-20,adam.ingram@bilearner.com,89805
Makenna,20-Apr-21,makenna.foster@bilearner.com,54859
Nayeli,02-Aug-19,nayeli.keith@bilearner.com,69497
Devon,11-Jan-22,devon.shannon@bilearner.com,97933
Lucy,15-Nov-20,lucy.harrington@bilearner.com,56662
Rebecca,08-May-20,rebecca.francis@bilearner.com,13566
Salma,10-Mar-19,salma.frederick@bilearner.com,4554
Avery,19-Apr-22,avery.vance@bilearner.com,19835
Stephany,30-Nov-19,stephany.jenkins@bilearner.com,47920
Brian,06-Jul-21,brian.kelly@bilearner.com,55399
Keagan,27-Nov-18,keagan.villa@bilearner.com,35224
Kendra,30-Jan-23,kendra.foley@bilearner.com,39078
Jabari,17-Nov-22,jabari.stanton@bilearner.com,72285
Phoenix,13-Aug-18,phoenix.farley@bilearner.com,82960
Aurora,02-Jul-21,aurora.bass@bilearner.com,44272
Enrique,28-Jun-22,enrique.parks@bilearner.com,56124
Kylie,25-Jan-19,kylie.cox@bilearner.com,19550
Luke,23-Jul-23,luke.burke@bilearner.com,62651
Ricardo,25-Jul-22,ricardo.mcdonald@bilearner.com,15802
Camila,11-Jan-23,camila.hodges@bilearner.com,79678
Tripp,28-Jul-23,tripp.sanders@bilearner.com,9992
Davin,06-May-23,davin.wade@bilearner.com,74805
Pierce,18-Sep-22,pierce.bender@bilearner.com,42750
Marin,08-Sep-19,marin.mosley@bilearner.com,36681
Barrett,30-Aug-19,barrett.sosa@bilearner.com,87892
Eliezer,22-May-23,eliezer.briggs@bilearner.com,59827
Talan,02-Mar-21,talan.garrett@bilearner.com,3624
Van,13-Feb-23,van.griffin@bilearner.com,80760
Roger,11-Aug-22,roger.kaufman@bilearner.com,96266
Ignacio,19-Feb-20,ignacio.mcintyre@bilearner.com,23357
Jaydon,15-Oct-21,jaydon.lambert@bilearner.com,95784
Serenity,16-Nov-22,serenity.carlson@bilearner.com,11197
Leslie,30-Jun-22,leslie.maynard@bilearner.com,62490
Craig,28-Jul-21,craig.sherman@bilearner.com,20276
Lilyana,21-Nov-21,lilyana.huffman@bilearner.com,31155
Jacey,12-Oct-20,jacey.reeves@bilearner.com,11072
Madyson,02-Oct-18,madyson.silva@bilearner.com,95191
Liberty,17-Jul-21,liberty.poole@bilearner.com,81501
Antonio,13-Apr-22,antonio.romero@bilearner.com,8731
Jaylen,20-Mar-21,jaylen.butler@bilearner.com,32946
Gloria,09-Sep-21,gloria.marks@bilearner.com,93005
Jaylee,06-Dec-19,jaylee.cunningham@bilearner.com,72072
Jordon,26-Apr-23,jordon.wyatt@bilearner.com,74671
Darien,06-Apr-19,darien.doyle@bilearner.com,6774
Ryan,19-Oct-20,ryan.rollins@bilearner.com,90492
Manuel,22-Nov-21,manuel.haley@bilearner.com,31013
Litzy,30-Dec-20,litzy.lloyd@bilearner.com,31828
Jett,03-Sep-20,jett.york@bilearner.com,60312
Natalia,14-Oct-19,natalia.bush@bilearner.com,31642
Mallory,19-Feb-21,mallory.carey@bilearner.com,81717
Pierre,13-Mar-22,pierre.tate@bilearner.com,59518
Shannon,02-Oct-18,shannon.hurst@bilearner.com,4583
Carleigh,06-Oct-22,carleigh.schultz@bilearner.com,6816
Rihanna,21-Sep-20,rihanna.briggs@bilearner.com,26839
Eden,06-Dec-21,eden.levy@bilearner.com,87984
Nathanial,16-Nov-22,nathanial.davis@bilearner.com,70147
Eileen,02-Aug-22,eileen.beard@bilearner.com,76409
Kale,19-Jan-22,kale.potter@bilearner.com,75727
Sage,09-Apr-22,sage.boyer@bilearner.com,14553
Dane,19-Jul-19,dane.owens@bilearner.com,93847
Colin,02-Sep-21,colin.simpson@bilearner.com,22983
Rachel,01-Feb-19,rachel.buckley@bilearner.com,36227
Maria,13-Apr-23,maria.cameron@bilearner.com,54190
Judith,06-Oct-18,judith.savage@bilearner.com,31403
Randall,24-Mar-20,randall.west@bilearner.com,13985
Caitlin,08-Oct-21,caitlin.palmer@bilearner.com,14407
Luke,16-May-22,luke.heath@bilearner.com,37065
Esperanza,10-May-22,esperanza.horne@bilearner.com,26583
Jadon,16-Nov-21,jadon.mata@bilearner.com,49151
Gillian,25-Feb-19,gillian.hawkins@bilearner.com,75033
Lisa,01-Jul-22,lisa.griffin@bilearner.com,64530
Nelson,17-Dec-22,nelson.carpenter@bilearner.com,53404
Sanai,26-Jul-23,sanai.sweeney@bilearner.com,32806
Tania,11-Mar-22,tania.taylor@bilearner.com,46150
Greta,29-Jun-20,greta.horne@bilearner.com,97145
Jordyn,28-Mar-22,jordyn.snyder@bilearner.com,92640
Alex,14-Feb-22,alex.collins@bilearner.com,26011
Harley,25-Dec-20,harley.walker@bilearner.com,60773
Luka,27-Apr-23,luka.novak@bilearner.com,91201
Skylar,11-Nov-22,skylar.riggs@bilearner.com,51590
Shania,04-May-21,shania.barrera@bilearner.com,26501
Trystan,20-Dec-18,trystan.fernandez@bilearner.com,97759
Aimee,11-Jun-21,aimee.berg@bilearner.com,89647
Kyson,07-Jun-23,kyson.scott@bilearner.com,19510
Lamar,21-May-19,lamar.kirk@bilearner.com,85827
Slade,01-Mar-19,slade.lynn@bilearner.com,74091
Riley,26-Feb-22,riley.leon@bilearner.com,76359
Humberto,14-Apr-22,humberto.yoder@bilearner.com,61247
Michelle,06-Aug-20,michelle.pearson@bilearner.com,93231
Natalya,28-Jan-20,natalya.reyes@bilearner.com,22862
Celia,17-Apr-21,celia.mcpherson@bilearner.com,74469
Matias,29-Sep-19,matias.barton@bilearner.com,53693
Caitlyn,07-Oct-22,caitlyn.vaughan@bilearner.com,89622
Addyson,11-Aug-21,addyson.pollard@bilearner.com,7700
Laila,10-Apr-21,laila.wiggins@bilearner.com,26250
Terrance,24-Feb-22,terrance.wiggins@bilearner.com,73855
Aliza,01-Jul-22,aliza.pace@bilearner.com,34327
Mauricio,04-Apr-23,mauricio.stein@bilearner.com,9647
Gia,25-Oct-21,gia.winters@bilearner.com,68059
Aidyn,04-Mar-22,aidyn.cuevas@bilearner.com,48860
Angel,20-Dec-19,angel.santos@bilearner.com,53945
Johnathan,11-Sep-20,johnathan.huerta@bilearner.com,26846
Katelyn,31-Oct-21,katelyn.garner@bilearner.com,32806
Deshawn,21-Oct-18,deshawn.ayers@bilearner.com,52065
Siena,07-Jan-21,siena.meadows@bilearner.com,34499
Presley,09-Feb-23,presley.padilla@bilearner.com,14416
Marquis,15-Feb-20,marquis.atkinson@bilearner.com,84227
Gillian,14-Oct-22,gillian.williams@bilearner.com,96294
Anabel,02-Oct-18,anabel.hanna@bilearner.com,87232
Celeste,22-Jun-20,celeste.branch@bilearner.com,38430
Shyanne,19-Mar-21,shyanne.cooper@bilearner.com,49657
Nancy,28-Mar-19,nancy.barrett@bilearner.com,45022
Ronan,01-May-22,ronan.burke@bilearner.com,89600
Estrella,07-Aug-18,estrella.ho@bilearner.com,3468
Conor,01-May-22,conor.petty@bilearner.com,72466
Cheyanne,03-Dec-19,cheyanne.munoz@bilearner.com,70198
Jaycee,02-Jan-20,jaycee.osborn@bilearner.com,56864
Jordyn,30-Apr-22,jordyn.patel@bilearner.com,14468
Michael,04-Jul-20,michael.acosta@bilearner.com,92604
Janiah,05-Feb-20,janiah.ball@bilearner.com,79382
Brice,22-Dec-18,brice.medina@bilearner.com,2719
Ismael,21-Apr-19,ismael.bowers@bilearner.com,29718
Caden,03-Apr-20,caden.silva@bilearner.com,80589
Yadira,22-Sep-18,yadira.dean@bilearner.com,66834
Miles,14-Oct-22,miles.roberts@bilearner.com,69281
Joel,12-Feb-22,joel.spence@bilearner.com,79321
Kole,23-Mar-21,kole.garrison@bilearner.com,84575
Kaylin,30-Aug-18,kaylin.andersen@bilearner.com,65881
Yareli,10-Dec-22,yareli.valdez@bilearner.com,27671
Rubi,04-Feb-23,rubi.sanford@bilearner.com,53549
Jayden,10-Jan-21,jayden.bolton@bilearner.com,49168
Izabella,19-Aug-20,izabella.watson@bilearner.com,70404
Jon,21-Apr-23,jon.galvan@bilearner.com,13746
Halle,29-Jan-20,halle.chan@bilearner.com,12946
Braeden,19-Aug-21,braeden.moss@bilearner.com,6449
Fernando,18-Mar-21,fernando.mcdowell@bilearner.com,52150
Triston,24-Oct-21,triston.ewing@bilearner.com,63659
Pablo,03-Oct-20,pablo.yates@bilearner.com,6131
Jordan,21-Feb-23,jordan.hayes@bilearner.com,80724
Kianna,01-Aug-20,kianna.wilkerson@bilearner.com,53421
Paul,08-Jan-23,paul.steele@bilearner.com,43780
Jason,26-Jul-22,jason.moyer@bilearner.com,40426
Larissa,31-Aug-20,larissa.taylor@bilearner.com,2982
Aryanna,05-Nov-22,aryanna.larson@bilearner.com,16333
Eliana,30-May-19,eliana.hammond@bilearner.com,21328
Adrien,09-Dec-19,adrien.krause@bilearner.com,26651
Annie,10-May-19,annie.galloway@bilearner.com,62663
Kamryn,03-Sep-19,kamryn.mckinney@bilearner.com,26477
Dahlia,13-Sep-18,dahlia.waller@bilearner.com,8439
Alonzo,10-Jun-21,alonzo.bradley@bilearner.com,11214
Harley,08-Oct-19,harley.soto@bilearner.com,10150
Belen,03-Jun-21,belen.vasquez@bilearner.com,92718
Charlize,14-Sep-18,charlize.rocha@bilearner.com,75308
Aleena,26-May-19,aleena.david@bilearner.com,16532
Bridger,05-Jul-19,bridger.alvarado@bilearner.com,16292
Cannon,05-Nov-19,cannon.morgan@bilearner.com,95723
Weston,22-Jul-19,weston.ramsey@bilearner.com,10422
Adison,21-Sep-20,adison.ray@bilearner.com,17669
Aarav,11-Nov-19,aarav.espinoza@bilearner.com,51029
Destiney,08-Feb-21,destiney.barry@bilearner.com,58080
Ulises,01-Jun-20,ulises.herring@bilearner.com,8328
Marquis,26-Oct-22,marquis.cardenas@bilearner.com,1015
Miya,12-Feb-19,miya.cruz@bilearner.com,30280
Erin,19-Oct-22,erin.floyd@bilearner.com,24889
Gerald,12-Dec-19,gerald.johnston@bilearner.com,2798
Kendrick,29-Nov-21,kendrick.snyder@bilearner.com,1654
Alyssa,15-May-21,alyssa.proctor@bilearner.com,88998
Manuel,27-Jan-23,manuel.stout@bilearner.com,90813
Joanna,03-Jul-20,joanna.bradley@bilearner.com,24429
Sade,26-Dec-22,sade.smith@bilearner.com,2130
Lowan M,23-Dec-18,lowan m.biden@bilearner.com,2027
Lauren,28-Sep-20,lauren.peters@bilearner.com,1886
Shenice,16-Sep-20,shenice.gold@bilearner.com,2451
Brigit,09-Feb-20,brigit.mccarthy@bilearner.com,2149
Cherly,13-Feb-23,cherly.robinson@bilearner.com,1460
Jacquelyn,01-Dec-19,jacquelyn.williams@bilearner.com,2109
Kayla,04-Nov-22,kayla.peterson@bilearner.com,1749
Bradley J,14-Apr-21,bradley j.knapp@bilearner.com,1721
Richard,13-Aug-21,richard.newman@bilearner.com,2136
Benjamin,28-Aug-20,benjamin.burkett@bilearner.com,1890
Sam,16-Aug-22,sam.athwal@bilearner.com,2199
Lauren,26-Feb-22,lauren.mahoney@bilearner.com,2189
Theresa,30-Dec-19,theresa.tinto@bilearner.com,1876
Caroline,23-Jul-22,caroline.cierpiszewski@bilearner.com,2044
Tanya,14-Oct-18,tanya.foreman@bilearner.com,2170
Roger,20-Feb-21,roger.walker@bilearner.com,2459
Tayana,28-Mar-20,tayana.jeannite@bilearner.com,1821
Anthony,05-Feb-19,anthony.heitzman@bilearner.com,2149
Violeta,19-Apr-23,violeta.ferreira@bilearner.com,2176
Geoff,24-Sep-20,geoff.dickinson@bilearner.com,2180
Justice,14-Nov-20,justice.gentry@bilearner.com,85255
Kason,16-Sep-21,kason.kramer@bilearner.com,75699
Alfredo,21-Apr-19,alfredo.perry@bilearner.com,64116
Skyler,13-Mar-20,skyler.drake@bilearner.com,5676
Moshe,16-Apr-22,moshe.copeland@bilearner.com,59966
Harley,18-Mar-19,harley.nunez@bilearner.com,81311
Sammy,18-Feb-22,sammy.walter@bilearner.com,14098
Ronnie,03-Sep-18,ronnie.haas@bilearner.com,43823
Kira,15-Jun-22,kira.robertson@bilearner.com,30175
Jaqueline,14-Feb-22,jaqueline.ford@bilearner.com,14649
Trace,09-Jul-23,trace.cherry@bilearner.com,19677
Travis,28-Oct-18,travis.cardenas@bilearner.com,3588
Reyna,09-Jul-22,reyna.hicks@bilearner.com,52789
Trent,27-Sep-18,trent.sandoval@bilearner.com,5140
Reginald,27-Oct-20,reginald.dougherty@bilearner.com,55498
Paul,01-Oct-21,paul.greer@bilearner.com,40722
Tiara,29-Aug-19,tiara.velez@bilearner.com,77466
Mareli,29-Dec-20,mareli.wilson@bilearner.com,57657
Efrain,04-Oct-22,efrain.underwood@bilearner.com,88958
Madeline,21-Mar-19,madeline.powell@bilearner.com,22812
Alfred,03-Apr-20,alfred.goodman@bilearner.com,96960
Aracely,02-Jun-19,aracely.kelly@bilearner.com,14887
Morgan,31-May-19,morgan.velazquez@bilearner.com,33080
Isla,06-Jan-20,isla.becker@bilearner.com,51348
Scott,19-Aug-18,scott.sanford@bilearner.com,3143
Deja,18-May-19,deja.ritter@bilearner.com,35422
Amelia,23-Nov-22,amelia.gamble@bilearner.com,81914
Pranav,02-Dec-20,pranav.middleton@bilearner.com,56005
Moshe,05-Jan-22,moshe.hunter@bilearner.com,19295
Arjun,16-Apr-23,arjun.gibson@bilearner.com,89360
Alaina,10-Oct-20,alaina.jenkins@bilearner.com,77355
Elyse,15-Apr-22,elyse.morrow@bilearner.com,26467
Lincoln,25-Jul-23,lincoln.brady@bilearner.com,8903
Allisson,31-Aug-20,allisson.braun@bilearner.com,95247
Leonel,10-Oct-18,leonel.chang@bilearner.com,23955
Marshall,15-Jan-19,marshall.lucas@bilearner.com,46410
Haiden,26-Dec-21,haiden.scott@bilearner.com,51804
Kyan,23-May-22,kyan.miranda@bilearner.com,10677
Ayanna,23-Aug-22,ayanna.garrison@bilearner.com,80801
Alan,27-May-23,alan.woods@bilearner.com,7984
Teagan,10-Aug-18,teagan.phelps@bilearner.com,32254
Malachi,24-Oct-21,malachi.burnett@bilearner.com,5819
Kadin,05-Jul-22,kadin.mcdowell@bilearner.com,51064
Reed,22-Jan-22,reed.brandt@bilearner.com,88435
Cristofer,27-Mar-23,cristofer.schwartz@bilearner.com,48042
Jaelynn,26-Aug-19,jaelynn.salazar@bilearner.com,54212
Macie,16-Oct-21,macie.hayes@bilearner.com,26202
Rodney,14-Jun-19,rodney.snow@bilearner.com,33464
Reece,05-Jul-20,reece.potts@bilearner.com,94333
Catalina,02-Mar-20,catalina.eaton@bilearner.com,38200
Heidi,11-Nov-20,heidi.manning@bilearner.com,76217
Marquis,22-Dec-19,marquis.johns@bilearner.com,91829
Areli,14-Dec-20,areli.torres@bilearner.com,31946
Rey,20-Jun-20,rey.morton@bilearner.com,2308
Deven,09-Jun-23,deven.gillespie@bilearner.com,44194
Rowan,25-Sep-22,rowan.gilbert@bilearner.com,48124
Cullen,26-Aug-20,cullen.ruiz@bilearner.com,16165
Kamron,28-Aug-19,kamron.goodwin@bilearner.com,64494
Claudia,02-Jun-23,claudia.melton@bilearner.com,85307
Francesca,12-Sep-18,francesca.lowe@bilearner.com,33237
Violet,15-Jul-23,violet.horn@bilearner.com,34381
Carlie,02-Jul-23,carlie.wagner@bilearner.com,96062
Harmony,10-Feb-20,harmony.pruitt@bilearner.com,78746
Briley,27-Aug-21,briley.huerta@bilearner.com,96336
Ean,25-Jan-20,ean.barajas@bilearner.com,60154
Dayana,26-Mar-20,dayana.gregory@bilearner.com,34734
Zaniyah,23-Oct-20,zaniyah.mccarthy@bilearner.com,59668
Matthias,27-Dec-20,matthias.simon@bilearner.com,83604
Lyric,21-Jun-22,lyric.butler@bilearner.com,56056
Bridger,09-Nov-22,bridger.duran@bilearner.com,58387
Amirah,11-Feb-19,amirah.cline@bilearner.com,93290
Izaiah,28-Mar-21,izaiah.gallagher@bilearner.com,73253
Marcelo,29-Aug-20,marcelo.galvan@bilearner.com,13893
Kaylynn,03-Jan-23,kaylynn.odom@bilearner.com,51434
Oliver,28-Nov-22,oliver.dalton@bilearner.com,71004
Patience,22-Dec-21,patience.henry@bilearner.com,46847
London,08-Jul-23,london.pennington@bilearner.com,76345
Anna,21-Apr-21,anna.salazar@bilearner.com,15364
Vicente,28-Jul-22,vicente.davis@bilearner.com,2005
Annabel,05-Nov-19,annabel.lewis@bilearner.com,50527
Alana,22-May-22,alana.nunez@bilearner.com,21620
Jaylen,19-Oct-19,jaylen.donaldson@bilearner.com,92533
Malakai,25-Dec-19,malakai.shelton@bilearner.com,7528
Erick,04-Nov-22,erick.wood@bilearner.com,34566
Daniel,26-Apr-23,daniel.frye@bilearner.com,48363
Jayvon,26-Oct-22,jayvon.simpson@bilearner.com,27147
Bryant,14-Jul-20,bryant.singleton@bilearner.com,79280
Adam,12-Mar-23,adam.meza@bilearner.com,18316
Omari,26-Apr-23,omari.keller@bilearner.com,3738
Asher,17-Sep-22,asher.miles@bilearner.com,16185
Makaila,08-Jan-21,makaila.baxter@bilearner.com,10871
Tommy,18-Dec-20,tommy.carter@bilearner.com,54361
Zavier,12-Sep-20,zavier.reese@bilearner.com,82524
Colt,20-Oct-20,colt.kemp@bilearner.com,18410
Marco,18-Nov-22,marco.robles@bilearner.com,53176
Nick,14-Jan-23,nick.palmer@bilearner.com,55790
Mekhi,27-Oct-20,mekhi.hopkins@bilearner.com,64716
Eileen,29-Aug-20,eileen.oneal@bilearner.com,21299
Alani,23-Dec-19,alani.cooley@bilearner.com,51176
Corinne,03-Jul-23,corinne.campos@bilearner.com,51274
Heaven,26-Sep-22,heaven.nelson@bilearner.com,52777
Baylee,09-May-20,baylee.castaneda@bilearner.com,51728
Morgan,08-Mar-23,morgan.roth@bilearner.com,54485
Kali,27-Feb-19,kali.hensley@bilearner.com,6649
Beckett,12-Jan-20,beckett.sandoval@bilearner.com,48374
Isabell,29-Jun-19,isabell.meadows@bilearner.com,31227
Jordin,15-Jul-21,jordin.alexander@bilearner.com,84169
Frederick,19-Aug-22,frederick.carney@bilearner.com,69905
Baron,23-Sep-19,baron.lindsey@bilearner.com,59014
Rigoberto,11-Oct-20,rigoberto.gentry@bilearner.com,97514
Rayne,18-Aug-21,rayne.chambers@bilearner.com,20436
Laila,17-Dec-22,laila.simmons@bilearner.com,44977
Carsen,25-Oct-20,carsen.schmidt@bilearner.com,58513
Bethany,23-Jan-23,bethany.mckay@bilearner.com,79029
Eden,15-Mar-19,eden.robles@bilearner.com,11092
Abel,06-Jul-23,abel.snow@bilearner.com,87665
Ashton,29-May-22,ashton.winters@bilearner.com,71716
Josie,07-Jun-20,josie.melton@bilearner.com,86764
Bruno,21-Mar-20,bruno.jimenez@bilearner.com,33599
Elijah,21-Jun-21,elijah.barr@bilearner.com,5797
Oswaldo,22-Oct-21,oswaldo.hanson@bilearner.com,91007
Samara,20-Oct-18,samara.roberson@bilearner.com,93749
Luis,16-Mar-22,luis.frazier@bilearner.com,51909
Jaquan,13-Dec-18,jaquan.hancock@bilearner.com,71638
Emanuel,08-Oct-21,emanuel.george@bilearner.com,85416
Giselle,03-Feb-19,giselle.calderon@bilearner.com,96092
Cullen,30-Sep-18,cullen.french@bilearner.com,46346
Braiden,12-Jul-21,braiden.kirby@bilearner.com,10137
Johnathan,04-Mar-21,johnathan.harmon@bilearner.com,97547
Camren,27-Oct-19,camren.bridges@bilearner.com,48509
Jeramiah,28-Jan-19,jeramiah.chandler@bilearner.com,48848
Dana,10-Jan-21,dana.stevenson@bilearner.com,71016
Angelique,05-Aug-21,angelique.hogan@bilearner.com,28645
Moriah,07-Nov-22,moriah.dodson@bilearner.com,58015
Connor,23-Jan-22,connor.bray@bilearner.com,18652
Zaiden,12-Jul-21,zaiden.leblanc@bilearner.com,94273
Taliyah,05-Jan-19,taliyah.yang@bilearner.com,97060
Boston,07-Apr-20,boston.cochran@bilearner.com,10433
Amelia,27-Apr-22,amelia.mueller@bilearner.com,35212
Lillianna,14-Jun-22,lillianna.hull@bilearner.com,3213
Laci,13-Jan-19,laci.frederick@bilearner.com,7259
Jayda,21-Jun-19,jayda.chapman@bilearner.com,11631
Kennedy,10-Aug-20,kennedy.beard@bilearner.com,73890
Alma,13-Apr-21,alma.hanna@bilearner.com,28053
Ximena,27-Apr-20,ximena.suarez@bilearner.com,12694
Aydin,25-Feb-22,aydin.dixon@bilearner.com,83481
Heidi,06-Dec-18,heidi.joyce@bilearner.com,2140
Elle,12-Mar-20,elle.spears@bilearner.com,9790
Cesar,16-Nov-22,cesar.anderson@bilearner.com,52077
Dean,09-Dec-18,dean.mckenzie@bilearner.com,50624
Isabell,25-Dec-22,isabell.wu@bilearner.com,83438
Kenny,19-Nov-21,kenny.blanchard@bilearner.com,29416
Evie,01-Mar-22,evie.beard@bilearner.com,89284
Aliya,17-Mar-21,aliya.morton@bilearner.com,9420
Ingrid,10-Feb-21,ingrid.wilkins@bilearner.com,49701
Morgan,28-Sep-18,morgan.elliott@bilearner.com,32652
Shannon,09-Feb-21,shannon.lambert@bilearner.com,4496
Prince,27-Sep-20,prince.petty@bilearner.com,59765
Abril,16-Dec-18,abril.joseph@bilearner.com,19021
Bobby,17-Jul-23,bobby.levy@bilearner.com,48709
Gustavo,28-May-20,gustavo.durham@bilearner.com,76147
Teagan,01-Mar-21,teagan.stevens@bilearner.com,19987
Neil,12-Feb-22,neil.patton@bilearner.com,11927
Khalil,26-Feb-22,khalil.guzman@bilearner.com,81158
Alaina,05-Jul-22,alaina.mayo@bilearner.com,27163
Jagger,29-Nov-19,jagger.morgan@bilearner.com,96230
Donavan,22-Feb-19,donavan.kennedy@bilearner.com,75205
Amy,16-Jul-20,amy.frederick@bilearner.com,56136
Pierce,18-Jul-19,pierce.charles@bilearner.com,65327
Deegan,10-Mar-19,deegan.pham@bilearner.com,25266
Seth,30-May-23,seth.oneill@bilearner.com,35824
Mollie,23-Aug-18,mollie.woodward@bilearner.com,24940
Baylee,06-Mar-19,baylee.warner@bilearner.com,69293
Celeste,01-Aug-23,celeste.allison@bilearner.com,9346
Camryn,24-Feb-20,camryn.clark@bilearner.com,57257
Geovanni,26-Sep-19,geovanni.crawford@bilearner.com,57484
Danielle,07-Dec-22,danielle.blanchard@bilearner.com,89536
Kasey,08-Mar-19,kasey.pineda@bilearner.com,38677
Kenzie,06-Aug-19,kenzie.friedman@bilearner.com,28796
Destinee,19-Jun-19,destinee.mejia@bilearner.com,2156
Deshawn,08-Feb-22,deshawn.henry@bilearner.com,86333
Cristian,08-Jun-19,cristian.ritter@bilearner.com,17633
Demarcus,28-Jan-22,demarcus.huffman@bilearner.com,16568
Regina,26-Aug-20,regina.lopez@bilearner.com,44233
Justice,22-Apr-19,justice.clark@bilearner.com,41155
Tucker,21-Dec-22,tucker.sweeney@bilearner.com,24597
Roy,12-Oct-22,roy.pratt@bilearner.com,59255
Raphael,23-Jul-23,raphael.whitney@bilearner.com,97410
Cade,13-Dec-18,cade.palmer@bilearner.com,42252
Abel,30-Sep-19,abel.potts@bilearner.com,48294
Wayne,24-Jan-20,wayne.leon@bilearner.com,45258
Amya,23-Dec-20,amya.armstrong@bilearner.com,96822
Johnny,07-Jun-19,johnny.whitehead@bilearner.com,14828
Antwan,25-Dec-19,antwan.clayton@bilearner.com,26328
Dexter,26-Jan-23,dexter.preston@bilearner.com,55287
Uriah,03-Nov-22,uriah.guerrero@bilearner.com,40809
Dakota,13-May-22,dakota.oliver@bilearner.com,9994
Selena,23-Sep-20,selena.yoder@bilearner.com,91605
Kaila,29-Aug-21,kaila.flowers@bilearner.com,76162
Dashawn,13-Dec-22,dashawn.ramirez@bilearner.com,13522
Meghan,06-Nov-22,meghan.ray@bilearner.com,2956
Jasiah,04-Aug-23,jasiah.palmer@bilearner.com,46851
Jaiden,15-Nov-20,jaiden.hawkins@bilearner.com,89125
Monserrat,06-Jul-22,monserrat.miranda@bilearner.com,29435
Johnathon,21-Apr-19,johnathon.lynch@bilearner.com,26250
Dayanara,28-Aug-21,dayanara.murray@bilearner.com,67626
Alessandro,25-Mar-21,alessandro.sawyer@bilearner.com,46143
Kaylen,16-Jul-20,kaylen.hogan@bilearner.com,70709
Karley,28-Nov-18,karley.michael@bilearner.com,60139
Erik,27-Jun-19,erik.parks@bilearner.com,15469
Violet,04-Jan-23,violet.bennett@bilearner.com,77690
Hannah,22-Nov-18,hannah.jacobi@bilearner.com,1778
Peter,08-Jan-21,peter.robertson@bilearner.com,2138
Josephine,18-Nov-22,josephine.bugali@bilearner.com,2043
Dallas,21-Jun-20,dallas.leach@bilearner.com,1810
Marianne,19-Jan-21,marianne.eaton@bilearner.com,2343
Bruno,04-Jun-23,bruno.rossetti@bilearner.com,2155
Roxana,13-Aug-20,roxana.goyal@bilearner.com,1864
Thomas,06-Sep-19,thomas.barbara@bilearner.com,2062
Lynn,27-Mar-22,lynn.o'hare@bilearner.com,2152
Abdellah,25-Dec-20,abdellah.veera@bilearner.com,2171
Daniel,24-Apr-21,daniel.davis@bilearner.com,2458
Barbara M,12-May-20,barbara m.stanford@bilearner.com,2050
Phylicia,23-May-23,phylicia.gosciminski@bilearner.com,1824
Mohammed,27-Dec-20,mohammed.latif@bilearner.com,2126
Hamish,17-Nov-18,hamish.garneau@bilearner.com,1550
Morissa,16-Jul-19,morissa.power@bilearner.com,1742
Jason,25-Jan-20,jason.woodson@bilearner.com,1810
Janine,16-Aug-21,janine.purinton@bilearner.com,2474
Sarah,20-Jan-19,sarah.akinkuolie@bilearner.com,1810
Spencer,04-Sep-18,spencer.cole@bilearner.com,1880
Luisa,20-Sep-19,luisa.monterro@bilearner.com,2126
Sandy,24-Jul-23,sandy.mckenna@bilearner.com,2184
Savanah,05-Jul-23,savanah.baker@bilearner.com,69598
Gloria,11-Jan-21,gloria.small@bilearner.com,28908
Alisa,06-Nov-22,alisa.aguirre@bilearner.com,35854
Sterling,03-Apr-23,sterling.davila@bilearner.com,69030
Saniya,07-Jun-21,saniya.bradley@bilearner.com,8088
Drake,20-Jan-19,drake.ashley@bilearner.com,50972
Rosemary,20-Nov-21,rosemary.manning@bilearner.com,1013
Adrianna,27-May-19,adrianna.johnston@bilearner.com,8223
Ruby,18-Dec-22,ruby.bean@bilearner.com,15997
Annalise,13-May-21,annalise.avila@bilearner.com,55412
Carley,24-May-21,carley.irwin@bilearner.com,97872
Makenzie,06-Oct-21,makenzie.mercer@bilearner.com,26785
Julia,22-Aug-20,julia.vargas@bilearner.com,14249
Parker,23-Aug-21,parker.harrison@bilearner.com,52819
Emmett,23-Dec-21,emmett.york@bilearner.com,62173
Landin,24-Jan-22,landin.walton@bilearner.com,8702
Landon,21-Nov-22,landon.mayo@bilearner.com,69369
Abby,04-Dec-18,abby.estes@bilearner.com,39455
Rachael,02-Jun-19,rachael.pena@bilearner.com,74781
Kyan,12-Aug-18,kyan.fritz@bilearner.com,60148
Lana,15-May-22,lana.vega@bilearner.com,56978
Alma,23-Nov-21,alma.fischer@bilearner.com,46927
Harley,13-Dec-20,harley.peterson@bilearner.com,63497
Kade,28-Jul-21,kade.stokes@bilearner.com,67772
Leonel,07-Jun-19,leonel.tanner@bilearner.com,62905
Natalia,12-Jun-19,natalia.burns@bilearner.com,16673
Hailee,20-Apr-23,hailee.raymond@bilearner.com,85847
Micah,07-Aug-18,micah.douglas@bilearner.com,27168
Kaley,06-Dec-18,kaley.pollard@bilearner.com,26745
Seth,25-Mar-21,seth.fletcher@bilearner.com,25590
Elliana,15-Feb-19,elliana.thomas@bilearner.com,36234
Edward,14-Mar-23,edward.chung@bilearner.com,29287
Tessa,01-Sep-19,tessa.estes@bilearner.com,46895
Charlie,23-Feb-21,charlie.carson@bilearner.com,25093
Lawson,22-Mar-23,lawson.zuniga@bilearner.com,65332
Coleman,24-Jan-19,coleman.huffman@bilearner.com,4750
Sanaa,19-Nov-20,sanaa.reilly@bilearner.com,89893
Slade,15-Feb-23,slade.randolph@bilearner.com,27959
Dania,09-May-22,dania.hale@bilearner.com,71536
Roland,06-Oct-21,roland.orozco@bilearner.com,86352
Kaylen,17-Jan-21,kaylen.fisher@bilearner.com,18868
Kasey,22-Mar-22,kasey.preston@bilearner.com,69534
Cruz,20-Apr-22,cruz.davila@bilearner.com,41746
Alani,31-Dec-21,alani.phillips@bilearner.com,16282
Giovanni,31-Oct-18,giovanni.klein@bilearner.com,26076
Max,24-Jul-20,max.mahoney@bilearner.com,22339
Perla,12-Dec-19,perla.terry@bilearner.com,52402
Makai,22-Jun-23,makai.ochoa@bilearner.com,43825
Caiden,20-Jun-21,caiden.hogan@bilearner.com,92624
Brandon,31-Oct-19,brandon.dickerson@bilearner.com,88948
Taryn,02-Jul-19,taryn.snow@bilearner.com,72709
Monserrat,10-Feb-23,monserrat.cooke@bilearner.com,38780
Zaria,16-Sep-22,zaria.mcintosh@bilearner.com,24573
Arely,21-Jan-20,arely.may@bilearner.com,30214
Gina,16-Nov-22,gina.kent@bilearner.com,66377
Catherine,25-Jan-21,catherine.anthony@bilearner.com,83059
Wade,16-Jun-23,wade.beltran@bilearner.com,86836
Mina,08-Sep-20,mina.bryant@bilearner.com,4862
Jonas,23-Jan-19,jonas.everett@bilearner.com,53530
Makaila,29-May-23,makaila.pham@bilearner.com,59596
Gloria,16-Aug-19,gloria.rose@bilearner.com,65633
Rebekah,04-Jun-20,rebekah.carpenter@bilearner.com,54457
Iris,21-Jul-20,iris.reynolds@bilearner.com,16989
Kennedi,21-Aug-22,kennedi.howell@bilearner.com,22735
Rashad,16-Jul-21,rashad.sutton@bilearner.com,81424
Regan,06-Nov-19,regan.conrad@bilearner.com,70949
Litzy,01-Jan-21,litzy.arias@bilearner.com,44442
Eden,24-Sep-19,eden.silva@bilearner.com,92307
Kinley,17-May-20,kinley.serrano@bilearner.com,87752
Jaiden,07-Aug-18,jaiden.middleton@bilearner.com,60198
Shamar,01-Aug-23,shamar.serrano@bilearner.com,50905
Nadia,12-Jan-19,nadia.romero@bilearner.com,2769
Lillianna,09-Apr-21,lillianna.hill@bilearner.com,90732
Brent,04-Jun-22,brent.henry@bilearner.com,12076
Emmanuel,31-May-19,emmanuel.perkins@bilearner.com,27767
Isis,07-Jan-19,isis.brooks@bilearner.com,24886
Axel,18-Jul-20,axel.dunlap@bilearner.com,25813
Tatum,19-Nov-20,tatum.petty@bilearner.com,88404
Devyn,10-Nov-22,devyn.pace@bilearner.com,51576
Rosemary,25-Mar-21,rosemary.becker@bilearner.com,73771
Amiah,13-May-19,amiah.sweeney@bilearner.com,65436
Maya,07-Jun-19,maya.mccoy@bilearner.com,77353
Ty,18-Feb-23,ty.page@bilearner.com,49310
Destiney,02-Apr-19,destiney.kirby@bilearner.com,71443
Jace,30-Nov-20,jace.galloway@bilearner.com,18362
Justice,24-Sep-22,justice.guerra@bilearner.com,78658
Quincy,21-Jun-19,quincy.cardenas@bilearner.com,96247
Alyvia,10-Jun-22,alyvia.mitchell@bilearner.com,70865
Lillie,18-Oct-20,lillie.potter@bilearner.com,24730
George,02-Feb-22,george.fritz@bilearner.com,53426
William,17-Jun-21,william.avila@bilearner.com,15819
Saniya,01-Dec-18,saniya.mosley@bilearner.com,27839
Aimee,09-May-21,aimee.davila@bilearner.com,36560
German,01-Jan-19,german.hobbs@bilearner.com,19525
Amy,13-Oct-18,amy.pace@bilearner.com,85181
Bronson,25-Apr-20,bronson.houston@bilearner.com,37802
Shyann,17-Mar-22,shyann.hurst@bilearner.com,90537
Maddison,18-Nov-19,maddison.dixon@bilearner.com,61532
Madelynn,09-Oct-19,madelynn.murillo@bilearner.com,34874
Zachery,18-May-20,zachery.moreno@bilearner.com,31303
Tatum,17-Feb-19,tatum.terrell@bilearner.com,37576
Roland,31-Jul-20,roland.berg@bilearner.com,25557
Lilliana,17-Jun-23,lilliana.cowan@bilearner.com,27946
Beatrice,30-Jun-19,beatrice.vance@bilearner.com,11516
Andrea,13-Jul-21,andrea.khan@bilearner.com,19512
Keagan,14-Jan-22,keagan.vaughan@bilearner.com,20146
Selah,01-Jan-20,selah.ibarra@bilearner.com,91044
Braylen,24-Oct-20,braylen.cruz@bilearner.com,24046
Gabriel,24-Oct-20,gabriel.smith@bilearner.com,90483
Esther,09-Aug-20,esther.willis@bilearner.com,83923
Sydney,24-Mar-19,sydney.chang@bilearner.com,6014
Will,29-Oct-22,will.morse@bilearner.com,34868
Yael,16-May-23,yael.sexton@bilearner.com,45740
Brendon,30-May-23,brendon.ryan@bilearner.com,46494
Abbigail,28-Jun-19,abbigail.solis@bilearner.com,38014
Sincere,25-Mar-23,sincere.preston@bilearner.com,75099
Jorge,26-Aug-22,jorge.pineda@bilearner.com,12948
Aspen,15-Nov-19,aspen.underwood@bilearner.com,67665
Alyson,22-Aug-21,alyson.hickman@bilearner.com,50557
Mina,29-Nov-22,mina.hancock@bilearner.com,87065
Konner,15-Oct-22,konner.sheppard@bilearner.com,78768
London,31-Jul-21,london.nunez@bilearner.com,35072
Seth,21-Feb-22,seth.huff@bilearner.com,87930
Justine,29-Aug-21,justine.villanueva@bilearner.com,71735
Moshe,13-Dec-21,moshe.anderson@bilearner.com,66521
Kadyn,30-Mar-21,kadyn.bush@bilearner.com,47048
Ahmed,02-Feb-21,ahmed.lindsey@bilearner.com,17960
Ryder,31-Oct-19,ryder.bray@bilearner.com,42857
Taylor,07-Nov-22,taylor.bonilla@bilearner.com,85935
Jalen,20-Nov-22,jalen.richmond@bilearner.com,41824
Kayden,15-Dec-21,kayden.hill@bilearner.com,57006
Aubree,22-Feb-23,aubree.mooney@bilearner.com,82003
Haven,29-Mar-20,haven.donaldson@bilearner.com,62032
Neil,09-Aug-21,neil.dunn@bilearner.com,14400
Darryl,02-Jan-23,darryl.ponce@bilearner.com,34876
Cade,10-Nov-18,cade.heath@bilearner.com,34856
Sidney,30-Aug-22,sidney.hooper@bilearner.com,78039
Johnathan,30-Jul-21,johnathan.mayo@bilearner.com,67062
Anika,29-Nov-20,anika.arroyo@bilearner.com,30982
Fatima,24-Mar-21,fatima.kemp@bilearner.com,4369
Lilianna,29-Dec-20,lilianna.conway@bilearner.com,65806
Tony,02-Aug-21,tony.cooke@bilearner.com,90552
Trevor,30-Mar-22,trevor.barry@bilearner.com,31018
Marisa,05-Mar-21,marisa.frank@bilearner.com,42754
Shania,02-Dec-20,shania.flores@bilearner.com,24571
Andre,20-Jan-19,andre.allison@bilearner.com,74701
Destiny,30-May-20,destiny.bright@bilearner.com,35065
Karli,14-Nov-19,karli.parks@bilearner.com,61176
Mylie,27-Jul-22,mylie.callahan@bilearner.com,22374
Jadiel,20-Jun-22,jadiel.dickson@bilearner.com,57215
Aliya,20-Dec-22,aliya.moss@bilearner.com,5985
Kylie,14-Jan-23,kylie.roman@bilearner.com,94040
Karter,22-Sep-18,karter.thornton@bilearner.com,35546
Ronald,24-Sep-22,ronald.bullock@bilearner.com,33903
Sharon,08-Jun-20,sharon.beltran@bilearner.com,58194
Maren,06-Jul-23,maren.anderson@bilearner.com,7445
Cruz,24-Feb-20,cruz.ashley@bilearner.com,52336
Enzo,26-May-21,enzo.carney@bilearner.com,53521
Marquis,09-Apr-23,marquis.joseph@bilearner.com,48347
Victor,27-Jun-23,victor.ibarra@bilearner.com,9268
Annabelle,20-Dec-22,annabelle.marquez@bilearner.com,20032
Romeo,10-Nov-18,romeo.gordon@bilearner.com,59153
Aimee,13-Aug-20,aimee.hughes@bilearner.com,20389
Dennis,07-Mar-19,dennis.hays@bilearner.com,26286
Kelly,13-Mar-22,kelly.fritz@bilearner.com,85739
Darnell,25-Nov-19,darnell.shelton@bilearner.com,45331
Sabrina,06-Mar-19,sabrina.holt@bilearner.com,46093
Zoie,19-Apr-19,zoie.logan@bilearner.com,48911
Finley,12-Aug-20,finley.medina@bilearner.com,18226
Lizeth,21-Oct-22,lizeth.middleton@bilearner.com,90024
Odin,13-Jan-20,odin.camacho@bilearner.com,2225
Dakota,18-Nov-19,dakota.lowery@bilearner.com,14864
Skyla,25-Aug-18,skyla.santiago@bilearner.com,33532
Harley,24-May-21,harley.beard@bilearner.com,37566
Summer,09-Jun-21,summer.barber@bilearner.com,88306
Stephen,05-Apr-21,stephen.mcmillan@bilearner.com,49024
Rylan,05-Nov-22,rylan.garrison@bilearner.com,41302
Kyler,09-Nov-19,kyler.cherry@bilearner.com,63776
Corinne,05-Jun-22,corinne.reeves@bilearner.com,16715
Lorenzo,21-Sep-21,lorenzo.short@bilearner.com,90974
Taniya,10-Nov-21,taniya.kane@bilearner.com,3403
Nevaeh,03-Mar-21,nevaeh.mcmillan@bilearner.com,22662
Dillon,19-Feb-21,dillon.larson@bilearner.com,66066
Willie,25-Apr-19,willie.howe@bilearner.com,58775
Selina,13-Jan-20,selina.jefferson@bilearner.com,12351
Serenity,25-Mar-20,serenity.montgomery@bilearner.com,24805
Kamila,15-Apr-21,kamila.sanders@bilearner.com,18000
Rose,15-Dec-22,rose.mcguire@bilearner.com,67579
Brenton,08-Oct-22,brenton.zavala@bilearner.com,82704
Laci,18-Dec-18,laci.klein@bilearner.com,41572
Brenda,06-Oct-22,brenda.boone@bilearner.com,24028
Andrea,28-Dec-19,andrea.walters@bilearner.com,68155
Jovanny,25-Nov-19,jovanny.matthews@bilearner.com,74549
Hunter,03-Jun-22,hunter.silva@bilearner.com,44418
Julien,09-Sep-22,julien.cisneros@bilearner.com,23971
Aron,02-Oct-20,aron.waters@bilearner.com,46381
Brayden,07-Feb-22,brayden.singh@bilearner.com,71282
Karma,14-Oct-22,karma.palmer@bilearner.com,40277
Stanley,14-Oct-19,stanley.reyes@bilearner.com,39578
Levi,10-Oct-20,levi.hayden@bilearner.com,18079
Brenden,09-May-22,brenden.leach@bilearner.com,57340
Jakobe,22-Jun-22,jakobe.erickson@bilearner.com,44500
Adyson,28-Dec-20,adyson.strickland@bilearner.com,35444
Annabel,09-Dec-20,annabel.wilkins@bilearner.com,6608
Kendra,28-May-19,kendra.braun@bilearner.com,3807
Chace,27-Apr-22,chace.kerr@bilearner.com,57487
